<collection xmlns="http://exist.sourceforge.net/NS/exist" name="/db/apps/84000-reading-room" owner="admin" group="reading-room" mode="755" created="2018-10-28T10:46:26+01:00" version="1">
    <acl entries="0" version="1"/>
    <resource type="XMLResource" name="expath-pkg.xml" owner="admin" group="reading-room" mode="644" created="2017-03-15T18:30:22+01:00" modified="2019-01-28T15:00:26+01:00" filename="expath-pkg.xml" mimetype="application/xml">
        <acl entries="0" version="1"/>
    </resource>
    <resource type="BinaryResource" name="triggers.xql" owner="admin" group="reading-room" mode="755" created="2017-03-22T11:46:56+01:00" modified="2019-01-07T12:28:26+01:00" filename="triggers.xql" mimetype="application/xquery">
        <acl entries="0" version="1"/>
    </resource>
    <resource type="BinaryResource" name="README.md" owner="admin" group="reading-room" mode="644" created="2018-01-18T14:25:52+01:00" modified="2018-08-03T12:20:16+02:00" filename="README.md" mimetype="text/markdown">
        <acl entries="0" version="1"/>
    </resource>
    <resource type="BinaryResource" name="controller.xql" owner="admin" group="reading-room" mode="755" created="2017-08-29T09:55:25+02:00" modified="2019-01-21T11:11:00+01:00" filename="controller.xql" mimetype="application/xquery">
        <acl entries="0" version="1"/>
    </resource>
    <resource type="BinaryResource" name="pre-install.xql" owner="admin" group="reading-room" mode="744" created="2017-03-15T18:30:22+01:00" modified="2017-03-15T18:30:51+01:00" filename="pre-install.xql" mimetype="application/xquery">
        <acl entries="0" version="1"/>
    </resource>
    <resource type="XMLResource" name="build.xml" owner="admin" group="reading-room" mode="644" created="2017-03-15T18:30:22+01:00" modified="2017-03-15T18:30:51+01:00" filename="build.xml" mimetype="application/xml">
        <acl entries="0" version="1"/>
    </resource>
    <resource type="XMLResource" name="repo.xml" owner="admin" group="reading-room" mode="644" created="2017-03-15T18:30:22+01:00" modified="2018-12-03T15:09:22+01:00" filename="repo.xml" mimetype="application/xml">
        <acl entries="0" version="1"/>
    </resource>
    <subcollection name="models" filename="models"/>
    <subcollection name="xslt" filename="xslt"/>
    <subcollection name="modules" filename="modules"/>
    <subcollection name="views" filename="views"/>
</collection>