<collection xmlns="http://exist.sourceforge.net/NS/exist" name="/db/apps/84000-reading-room" owner="admin" group="reading-room" mode="755" created="2019-08-20T09:36:10+02:00" deduplicate-blobs="false" version="2">
    <acl entries="0" version="1"/>
    <resource type="XMLResource" name="expath-pkg.xml" owner="admin" group="reading-room" mode="644" created="2019-08-20T09:36:10+02:00" modified="2024-09-27T17:47:59+02:00" filename="expath-pkg.xml" mimetype="application/xml">
        <acl entries="0" version="1"/>
    </resource>
    <resource type="XMLResource" name="repo.xml" owner="admin" group="reading-room" mode="644" created="2019-08-20T09:36:10+02:00" modified="2019-10-02T10:40:10+02:00" filename="repo.xml" mimetype="application/xml">
        <acl entries="0" version="1"/>
    </resource>
    <resource type="BinaryResource" name="triggers.xql" owner="admin" group="reading-room" mode="755" created="2019-08-20T09:36:10+02:00" modified="2024-10-09T12:16:33+02:00" filename="triggers.xql" mimetype="application/xquery" blob-id="fc8bfc299bb8320a46f97be2e027c69c189a06c72225b4e3a549015bd0599fe6">
        <acl entries="0" version="1"/>
    </resource>
    <resource type="BinaryResource" name="trigger-test.xq" owner="admin" group="reading-room" mode="644" created="2023-06-09T12:27:11+02:00" modified="2024-09-30T10:08:03+02:00" filename="trigger-test.xq" mimetype="application/xquery" blob-id="496ac027c8b4987ad6f7c8ecd25484baf57439d47273f95160d0b2971baf4f05">
        <acl entries="0" version="1"/>
    </resource>
    <resource type="BinaryResource" name="controller.xql" owner="admin" group="reading-room" mode="755" created="2019-08-20T09:36:10+02:00" modified="2024-09-30T10:27:45+02:00" filename="controller.xql" mimetype="application/xquery" blob-id="fc0ba968027d5b3838f2c33d11d005d8d5cd28a67ff22b3c32c5145b119ee6f7">
        <acl entries="0" version="1"/>
    </resource>
    <resource type="BinaryResource" name="pre-install.xql" owner="admin" group="reading-room" mode="700" created="2019-08-20T09:36:10+02:00" modified="2021-07-29T15:24:36+02:00" filename="pre-install.xql" mimetype="application/xquery" blob-id="96d74ba9644b0c33e77d40d44a3163b3be32dd794aa168660126c14c7e268385">
        <acl entries="0" version="1"/>
    </resource>
    <resource type="BinaryResource" name="README.md" owner="admin" group="reading-room" mode="644" created="2019-08-20T09:36:10+02:00" modified="2021-07-29T15:24:36+02:00" filename="README.md" mimetype="text/markdown" blob-id="c02b2a9cdebe8142fac408532e749a2154f12ad4b697c7bebb2b2c6bfdcb25c7">
        <acl entries="0" version="1"/>
    </resource>
    <resource type="BinaryResource" name="post-copy.xql" owner="admin" group="reading-room" mode="700" created="2019-08-20T09:36:10+02:00" modified="2021-07-29T15:24:37+02:00" filename="post-copy.xql" mimetype="application/xquery" blob-id="492a4ac36103a3b6e11b25c849db81277b14dc1f55dbd54f5b4c309c5bfb2137">
        <acl entries="0" version="1"/>
    </resource>
    <resource type="BinaryResource" name="post-install.xql" owner="admin" group="reading-room" mode="700" created="2019-08-20T09:36:10+02:00" modified="2021-07-29T15:24:37+02:00" filename="post-install.xql" mimetype="application/xquery" blob-id="2ddf3d98e100f0a4defca02a933951be61baef80cc52bcd14ae4582b2754cee1">
        <acl entries="0" version="1"/>
    </resource>
    <resource type="BinaryResource" name="post-restore.xql" owner="admin" group="reading-room" mode="700" created="2019-08-20T09:36:10+02:00" modified="2021-09-01T10:02:54+02:00" filename="post-restore.xql" mimetype="application/xquery" blob-id="f97092efc13a2df9ff7a74c2974ccccc479c7a55dac9e24bee0c679c0e6bdeaa">
        <acl entries="0" version="1"/>
    </resource>
    <subcollection name="views" filename="views"/>
    <subcollection name="config" filename="config"/>
    <subcollection name="models" filename="models"/>
    <subcollection name="xconf" filename="xconf"/>
    <subcollection name="migrations" filename="migrations"/>
    <subcollection name="xslt" filename="xslt"/>
    <subcollection name="modules" filename="modules"/>
</collection>