<collection xmlns="http://exist.sourceforge.net/NS/exist" name="/db/apps/84000-reading-room" owner="admin" group="reading-room" mode="755" created="2018-10-28T10:46:26+01:00" deduplicate-blobs="false" version="2">
    <acl entries="0" version="1"/>
    <resource type="BinaryResource" name="controller.xql" owner="admin" group="reading-room" mode="755" created="2017-08-29T09:55:25+02:00" modified="2019-05-22T10:48:54+02:00" filename="controller.xql" mimetype="application/xquery" blob-id="b68b8019f60ec395675088bf5be94e4d4f723dd57ce64c14f87fbad02321a3c4">
        <acl entries="0" version="1"/>
    </resource>
    <resource type="XMLResource" name="expath-pkg.xml" owner="admin" group="reading-room" mode="644" created="2017-03-15T18:30:22+01:00" modified="2019-05-22T14:50:37+02:00" filename="expath-pkg.xml" mimetype="application/xml">
        <acl entries="0" version="1"/>
    </resource>
    <resource type="BinaryResource" name="README.md" owner="admin" group="reading-room" mode="644" created="2018-01-18T14:25:52+01:00" modified="2018-08-03T12:20:16+02:00" filename="README.md" mimetype="text/markdown" blob-id="1f1a57b092f9740c22b9dac78b5cd97344a73d3515352505b6a27641f7e2f454">
        <acl entries="0" version="1"/>
    </resource>
    <resource type="BinaryResource" name="triggers.xql" owner="admin" group="reading-room" mode="755" created="2017-03-22T11:46:56+01:00" modified="2019-02-13T13:20:54+01:00" filename="triggers.xql" mimetype="application/xquery" blob-id="79eb3de18d8c346f14e5de6682532216bbd376e54bde70dd5497002fe255094c">
        <acl entries="0" version="1"/>
    </resource>
    <resource type="BinaryResource" name="pre-install.xql" owner="admin" group="reading-room" mode="744" created="2017-03-15T18:30:22+01:00" modified="2017-03-15T18:30:51+01:00" filename="pre-install.xql" mimetype="application/xquery" blob-id="607a1dc453e4ab1eb2d10cc1cb9236744218a7841ccbeb68067cdfbba83dad8f">
        <acl entries="0" version="1"/>
    </resource>
    <resource type="XMLResource" name="build.xml" owner="admin" group="reading-room" mode="644" created="2017-03-15T18:30:22+01:00" modified="2017-03-15T18:30:51+01:00" filename="build.xml" mimetype="application/xml">
        <acl entries="0" version="1"/>
    </resource>
    <resource type="XMLResource" name="repo.xml" owner="admin" group="reading-room" mode="644" created="2017-03-15T18:30:22+01:00" modified="2018-12-03T15:09:22+01:00" filename="repo.xml" mimetype="application/xml">
        <acl entries="0" version="1"/>
    </resource>
    <subcollection name="xslt" filename="xslt"/>
    <subcollection name="views" filename="views"/>
    <subcollection name="models" filename="models"/>
    <subcollection name="modules" filename="modules"/>
    <subcollection name="migrations" filename="migrations"/>
</collection>