<collection xmlns="http://exist.sourceforge.net/NS/exist" name="/db/apps/84000-reading-room" owner="admin" group="reading-room" mode="755" created="2018-10-28T10:46:26+01:00" deduplicate-blobs="false" version="2">
    <acl entries="0" version="1"/>
    <resource type="XMLResource" name="expath-pkg.xml" owner="admin" group="reading-room" mode="644" created="2017-03-15T18:30:22+01:00" modified="2019-08-02T15:14:28+02:00" filename="expath-pkg.xml" mimetype="application/xml">
        <acl entries="0" version="1"/>
    </resource>
    <resource type="BinaryResource" name="pre-install.xql" owner="admin" group="reading-room" mode="744" created="2017-03-15T18:30:22+01:00" modified="2017-03-15T18:30:51+01:00" filename="pre-install.xql" mimetype="application/xquery" blob-id="607a1dc453e4ab1eb2d10cc1cb9236744218a7841ccbeb68067cdfbba83dad8f">
        <acl entries="0" version="1"/>
    </resource>
    <resource type="XMLResource" name="build.xml" owner="admin" group="reading-room" mode="644" created="2017-03-15T18:30:22+01:00" modified="2017-03-15T18:30:51+01:00" filename="build.xml" mimetype="application/xml">
        <acl entries="0" version="1"/>
    </resource>
    <resource type="BinaryResource" name="controller.xql" owner="admin" group="reading-room" mode="755" created="2017-08-29T09:55:25+02:00" modified="2019-07-05T17:18:07+02:00" filename="controller.xql" mimetype="application/xquery" blob-id="cf428b318ae2ec9e135550bb85d5947607e54e94129d4331345ef5cd5f092e3a">
        <acl entries="0" version="1"/>
    </resource>
    <resource type="BinaryResource" name="README.md" owner="admin" group="reading-room" mode="644" created="2018-01-18T14:25:52+01:00" modified="2018-08-03T12:20:16+02:00" filename="README.md" mimetype="text/markdown" blob-id="1f1a57b092f9740c22b9dac78b5cd97344a73d3515352505b6a27641f7e2f454">
        <acl entries="0" version="1"/>
    </resource>
    <resource type="XMLResource" name="repo.xml" owner="admin" group="reading-room" mode="644" created="2017-03-15T18:30:22+01:00" modified="2018-12-03T15:09:22+01:00" filename="repo.xml" mimetype="application/xml">
        <acl entries="0" version="1"/>
    </resource>
    <resource type="BinaryResource" name="triggers.xql" owner="admin" group="reading-room" mode="755" created="2017-03-22T11:46:56+01:00" modified="2019-07-01T12:10:08+02:00" filename="triggers.xql" mimetype="application/xquery" blob-id="5a0b2953d8e4ff09a990a8f326e8b36d7e36316875a23feed2bd2a4328d2502f">
        <acl entries="0" version="1"/>
    </resource>
    <subcollection name="migrations" filename="migrations"/>
    <subcollection name="views" filename="views"/>
    <subcollection name="xslt" filename="xslt"/>
    <subcollection name="modules" filename="modules"/>
    <subcollection name="models" filename="models"/>
</collection>