<collection xmlns="http://exist.sourceforge.net/NS/exist" name="/db/apps/84000-reading-room" owner="admin" group="reading-room" mode="755" created="2019-08-20T09:36:10+02:00" deduplicate-blobs="false" version="2">
    <acl entries="0" version="1"/>
    <resource type="XMLResource" name="expath-pkg.xml" owner="admin" group="reading-room" mode="644" created="2019-08-20T09:36:10+02:00" modified="2020-05-11T21:41:37+02:00" filename="expath-pkg.xml" mimetype="application/xml">
        <acl entries="0" version="1"/>
    </resource>
    <resource type="XMLResource" name="repo.xml" owner="admin" group="reading-room" mode="644" created="2019-08-20T09:36:10+02:00" modified="2019-10-02T10:40:10+02:00" filename="repo.xml" mimetype="application/xml">
        <acl entries="0" version="1"/>
    </resource>
    <resource type="BinaryResource" name="pre-install.xql" owner="admin" group="reading-room" mode="755" created="2019-08-20T09:36:10+02:00" modified="2019-08-20T09:36:10+02:00" filename="pre-install.xql" mimetype="application/xquery" blob-id="96d74ba9644b0c33e77d40d44a3163b3be32dd794aa168660126c14c7e268385">
        <acl entries="0" version="1"/>
    </resource>
    <resource type="BinaryResource" name="README.md" owner="admin" group="reading-room" mode="644" created="2019-08-20T09:36:10+02:00" modified="2020-04-15T13:14:40+02:00" filename="README.md" mimetype="text/markdown" blob-id="c02b2a9cdebe8142fac408532e749a2154f12ad4b697c7bebb2b2c6bfdcb25c7">
        <acl entries="0" version="1"/>
    </resource>
    <resource type="BinaryResource" name="controller.xql" owner="admin" group="reading-room" mode="755" created="2019-08-20T09:36:10+02:00" modified="2020-01-27T10:15:23+01:00" filename="controller.xql" mimetype="application/xquery" blob-id="b40c37aa225f5f2a2785d9093923c8af6cfd02bbbb752129e6549c04d5e37267">
        <acl entries="0" version="1"/>
    </resource>
    <resource type="BinaryResource" name="post-restore.xql" owner="admin" group="reading-room" mode="755" created="2019-08-20T09:36:10+02:00" modified="2019-08-20T09:36:10+02:00" filename="post-restore.xql" mimetype="application/xquery" blob-id="f97092efc13a2df9ff7a74c2974ccccc479c7a55dac9e24bee0c679c0e6bdeaa">
        <acl entries="0" version="1"/>
    </resource>
    <resource type="BinaryResource" name="post-copy.xql" owner="admin" group="reading-room" mode="755" created="2019-08-20T09:36:10+02:00" modified="2019-08-20T09:36:10+02:00" filename="post-copy.xql" mimetype="application/xquery" blob-id="492a4ac36103a3b6e11b25c849db81277b14dc1f55dbd54f5b4c309c5bfb2137">
        <acl entries="0" version="1"/>
    </resource>
    <resource type="BinaryResource" name="post-install.xql" owner="admin" group="reading-room" mode="755" created="2019-08-20T09:36:10+02:00" modified="2019-08-20T09:36:10+02:00" filename="post-install.xql" mimetype="application/xquery" blob-id="2ddf3d98e100f0a4defca02a933951be61baef80cc52bcd14ae4582b2754cee1">
        <acl entries="0" version="1"/>
    </resource>
    <resource type="BinaryResource" name="triggers.xql" owner="admin" group="reading-room" mode="755" created="2019-08-20T09:36:10+02:00" modified="2020-02-24T12:21:48+01:00" filename="triggers.xql" mimetype="application/xquery" blob-id="8551c1faca7b2a2c776f088ae6ae756ac27887f9f4f883ec9a80cf075ae4a8ad">
        <acl entries="0" version="1"/>
    </resource>
    <subcollection name="views" filename="views"/>
    <subcollection name="config" filename="config"/>
    <subcollection name="models" filename="models"/>
    <subcollection name="xconf" filename="xconf"/>
    <subcollection name="migrations" filename="migrations"/>
    <subcollection name="xslt" filename="xslt"/>
    <subcollection name="modules" filename="modules"/>
</collection>