<meta xmlns="http://exist-db.org/xquery/repo">
    <description>84000 Reading Room</description>
    <author>84000 Translating the words of the Buddha</author>
    <website>http://84000.co</website>
    <status>stable</status>
    <license>GNU-LGPL</license>
    <copyright>true</copyright>
    <type>application</type>
    <target>84000-reading-room</target>
    <prepare>pre-install.xql</prepare>
    <finish>post-install.xql</finish>
    <permissions user="admin" group="reading-room" mode="rw-r--r--"/>
    <deployed>2019-08-18T22:22:55.458+08:00</deployed>
</meta>