<collection xmlns="http://exist.sourceforge.net/NS/exist" name="/db/apps/84000-reading-room/models" owner="admin" group="reading-room" mode="755" created="2019-08-20T09:36:11+02:00" deduplicate-blobs="false" version="2">
    <acl entries="0" version="1"/>
    <resource type="BinaryResource" name="translation.xq" owner="admin" group="reading-room" mode="755" created="2019-08-20T09:36:11+02:00" modified="2021-11-03T16:04:45+01:00" filename="translation.xq" mimetype="application/xquery" blob-id="c2dc541eac4cb7b9ae191717a14185191f408f458605a632011e141dec1e2194">
        <acl entries="0" version="1"/>
    </resource>
    <resource type="BinaryResource" name="glossary.xq" owner="admin" group="reading-room" mode="755" created="2021-05-03T16:05:39+02:00" modified="2021-11-15T12:00:55+01:00" filename="glossary.xq" mimetype="application/xquery" blob-id="64325c88e1fa261ad29901bc56ee31f5fd711c91aa0c03115c69a564a68983ed">
        <acl entries="0" version="1"/>
    </resource>
    <resource type="BinaryResource" name="search.xq" owner="admin" group="reading-room" mode="755" created="2019-08-20T09:36:11+02:00" modified="2021-08-17T14:03:31+02:00" filename="search.xq" mimetype="application/xquery" blob-id="5a5bf5b8a639b9a0403c549026a9ecf79df0e94d0c1635d4b013274cb9983bb6">
        <acl entries="0" version="1"/>
    </resource>
    <resource type="BinaryResource" name="section.xq" owner="admin" group="reading-room" mode="755" created="2019-08-20T09:36:11+02:00" modified="2021-11-08T11:29:30+01:00" filename="section.xq" mimetype="application/xquery" blob-id="a3cd9e521898e861a999c054deebca321f1d64aa6436573d733579b4f62c4c15">
        <acl entries="0" version="1"/>
    </resource>
    <resource type="BinaryResource" name="sitemap.xq" owner="admin" group="reading-room" mode="755" created="2020-11-18T11:17:26+01:00" modified="2021-08-26T14:29:44+02:00" filename="sitemap.xq" mimetype="application/xquery" blob-id="e618486741f8b923f5a6098fb8849067e1b133a29ce8799fa6eb4f23d2fe1c98">
        <acl entries="0" version="1"/>
    </resource>
    <resource type="BinaryResource" name="downloads.xq" owner="admin" group="reading-room" mode="755" created="2019-08-20T09:36:11+02:00" modified="2021-07-29T15:24:44+02:00" filename="downloads.xq" mimetype="application/xquery" blob-id="b0102217ae100801ed2ff7287b93d35455a956ef79d515f02bf0ea6df3572af6">
        <acl entries="0" version="1"/>
    </resource>
    <resource type="BinaryResource" name="auth.xq" owner="admin" group="reading-room" mode="750" created="2019-08-20T09:36:11+02:00" modified="2021-07-29T15:24:50+02:00" filename="auth.xq" mimetype="application/xquery" blob-id="bb19a53df378702165bb205da7f28881fff157968ac6e6cde675781469d6f32c">
        <acl entries="0" version="1"/>
    </resource>
    <resource type="BinaryResource" name="knowledgebase.xq" owner="admin" group="reading-room" mode="755" created="2020-08-17T16:30:35+02:00" modified="2021-10-08T14:46:35+02:00" filename="knowledgebase.xq" mimetype="application/xquery" blob-id="f0571f0fa16c58d552eb7d792ebf27637ba6b7c958d3690648b6ac0d12c47ff6">
        <acl entries="0" version="1"/>
    </resource>
    <resource type="BinaryResource" name="source.xq" owner="admin" group="reading-room" mode="755" created="2019-08-20T09:36:11+02:00" modified="2021-08-27T13:38:59+02:00" filename="source.xq" mimetype="application/xquery" blob-id="2aa4c70de7f0cabe27aa2000a091d7bafdca10d2c4f617f400e5a16c48d4a263">
        <acl entries="0" version="1"/>
    </resource>
    <subcollection name="widget" filename="widget"/>
    <subcollection name="about" filename="about"/>
</collection>