<collection xmlns="http://exist.sourceforge.net/NS/exist" name="/db/apps/84000-reading-room/models" owner="admin" group="reading-room" mode="755" created="2019-08-20T09:36:11+02:00" deduplicate-blobs="false" version="2">
    <acl entries="0" version="1"/>
    <resource type="BinaryResource" name="translation-tei.xq" owner="admin" group="reading-room" mode="755" created="2019-08-20T09:36:11+02:00" modified="2019-08-20T09:36:11+02:00" filename="translation-tei.xq" mimetype="application/xquery" blob-id="d46104a5eb12e30f0af2985716cb7ba4c63021c317ae7ac686da8b4bd80bb684">
        <acl entries="0" version="1"/>
    </resource>
    <resource type="BinaryResource" name="search.xq" owner="admin" group="reading-room" mode="755" created="2019-08-20T09:36:11+02:00" modified="2020-03-13T17:13:15+01:00" filename="search.xq" mimetype="application/xquery" blob-id="15edba6a677836d91ed9c40af23b313ff5697f7ce1f46d287904ad14f0c1b2b8">
        <acl entries="0" version="1"/>
    </resource>
    <resource type="BinaryResource" name="translation.xq" owner="admin" group="reading-room" mode="755" created="2019-08-20T09:36:11+02:00" modified="2020-08-17T16:34:46+02:00" filename="translation.xq" mimetype="application/xquery" blob-id="0b28dce15d620cde21c827af17504d46149e61e7556c56171049c6d75d19f959">
        <acl entries="0" version="1"/>
    </resource>
    <resource type="BinaryResource" name="knowledgebase-tei.xq" owner="admin" group="reading-room" mode="755" created="2020-08-17T14:16:28+02:00" modified="2020-08-17T14:18:04+02:00" filename="knowledgebase-tei.xq" mimetype="application/xquery" blob-id="4bd3eb87bd1f4b1c9f079a82b185d753c1f744643b02fa4d0bb05c147723ef1c">
        <acl entries="0" version="1"/>
    </resource>
    <resource type="BinaryResource" name="downloads.xq" owner="admin" group="reading-room" mode="755" created="2019-08-20T09:36:11+02:00" modified="2019-08-20T09:36:11+02:00" filename="downloads.xq" mimetype="application/xquery" blob-id="0ea0670cce4b6772fd983820f8608ad895f1700c9c886e0daabb65e97437dcf4">
        <acl entries="0" version="1"/>
    </resource>
    <resource type="BinaryResource" name="section-tei.xq" owner="admin" group="reading-room" mode="755" created="2019-08-20T09:36:11+02:00" modified="2019-08-20T09:36:11+02:00" filename="section-tei.xq" mimetype="application/xquery" blob-id="2055be09870e077c90ad34ee39f64b2881bc92d8ead7e13f668c1574daa41d7c">
        <acl entries="0" version="1"/>
    </resource>
    <resource type="BinaryResource" name="source.xq" owner="admin" group="reading-room" mode="755" created="2019-08-20T09:36:11+02:00" modified="2020-08-27T14:49:39+02:00" filename="source.xq" mimetype="application/xquery" blob-id="21b47515563738e54322a386be21964729b815e15adb97412e83e3fd3b829670">
        <acl entries="0" version="1"/>
    </resource>
    <resource type="BinaryResource" name="folio.xq" owner="admin" group="reading-room" mode="755" created="2019-08-20T09:36:11+02:00" modified="2020-07-01T19:13:40+02:00" filename="folio.xq" mimetype="application/xquery" blob-id="d8542b0b3f63aa8da578e69c11d4229e09a4cfeca8140113ba07c11207a90927">
        <acl entries="0" version="1"/>
    </resource>
    <resource type="BinaryResource" name="knowledgebase.xq" owner="admin" group="reading-room" mode="755" created="2020-08-17T16:30:35+02:00" modified="2020-08-17T16:57:43+02:00" filename="knowledgebase.xq" mimetype="application/xquery" blob-id="096dd7f850b692214cb41402555afad91e04711bbc9c4b6e0b1c007aa6e892cf">
        <acl entries="0" version="1"/>
    </resource>
    <resource type="BinaryResource" name="auth.xq" owner="admin" group="reading-room" mode="750" created="2019-08-20T09:36:11+02:00" modified="2019-08-20T09:36:11+02:00" filename="auth.xq" mimetype="application/xquery" blob-id="bb19a53df378702165bb205da7f28881fff157968ac6e6cde675781469d6f32c">
        <acl entries="0" version="1"/>
    </resource>
    <resource type="BinaryResource" name="section.xq" owner="admin" group="reading-room" mode="755" created="2019-08-20T09:36:11+02:00" modified="2020-01-10T17:35:21+01:00" filename="section.xq" mimetype="application/xquery" blob-id="3b4ebd6e70a4cc3be2e20232e5d31e4b74c2023b4687cdec42b2f4ff04b17349">
        <acl entries="0" version="1"/>
    </resource>
    <subcollection name="widget" filename="widget"/>
    <subcollection name="about" filename="about"/>
</collection>