<collection xmlns="http://exist.sourceforge.net/NS/exist" name="/db/apps/84000-reading-room/models" owner="admin" group="reading-room" mode="755" created="2019-08-20T09:36:11+02:00" deduplicate-blobs="false" version="2">
    <acl entries="0" version="1"/>
    <resource type="BinaryResource" name="knowledgebase.xq" owner="admin" group="reading-room" mode="755" created="2023-06-06T14:19:25+02:00" modified="2023-07-24T14:26:43+02:00" filename="knowledgebase.xq" mimetype="application/xquery" blob-id="98bddc5c223ad42c02cbcc2a8a5a7afed746c2bf217016f9ee837d9d3c05459b">
        <acl entries="0" version="1"/>
    </resource>
    <resource type="BinaryResource" name="downloads.xq" owner="admin" group="reading-room" mode="755" created="2019-08-20T09:36:11+02:00" modified="2023-07-05T13:21:21+02:00" filename="downloads.xq" mimetype="application/xquery" blob-id="70b64826f220bee708967af484d5812229b2eb75c22af86e071e97337c257ba9">
        <acl entries="0" version="1"/>
    </resource>
    <resource type="BinaryResource" name="source.xq" owner="admin" group="reading-room" mode="755" created="2019-08-20T09:36:11+02:00" modified="2023-06-27T14:03:19+02:00" filename="source.xq" mimetype="application/xquery" blob-id="99c3c35d231c7b923ef6595154035cdf8dea1df65d07d34d1212337768f107c8">
        <acl entries="0" version="1"/>
    </resource>
    <resource type="BinaryResource" name="translation.xq" owner="admin" group="reading-room" mode="755" created="2019-08-20T09:36:11+02:00" modified="2023-06-12T19:20:41+02:00" filename="translation.xq" mimetype="application/xquery" blob-id="a2d84825e681cb8361f882da110b2640f71380e2904cb3f14698ff00e1c8836b">
        <acl entries="0" version="1"/>
    </resource>
    <resource type="BinaryResource" name="knowledgebase-article.xq" owner="admin" group="reading-room" mode="755" created="2020-08-17T16:30:35+02:00" modified="2023-07-06T11:02:00+02:00" filename="knowledgebase-article.xq" mimetype="application/xquery" blob-id="39aae8e6bda4ed87d7f3e1be0c4c0f49e8fecb588ba21c1977187bdf0e076fc3">
        <acl entries="0" version="1"/>
    </resource>
    <resource type="BinaryResource" name="glossary-download.xq" owner="admin" group="reading-room" mode="755" created="2022-03-14T11:44:00+01:00" modified="2022-07-03T15:03:37+02:00" filename="glossary-download.xq" mimetype="application/xquery" blob-id="903e10d9c00b9617ca289b8bc000510372903406467341b44654b3b7f2ecd4fe">
        <acl entries="0" version="1"/>
    </resource>
    <resource type="BinaryResource" name="auth.xq" owner="admin" group="reading-room" mode="750" created="2019-08-20T09:36:11+02:00" modified="2021-07-29T15:24:50+02:00" filename="auth.xq" mimetype="application/xquery" blob-id="bb19a53df378702165bb205da7f28881fff157968ac6e6cde675781469d6f32c">
        <acl entries="0" version="1"/>
    </resource>
    <resource type="BinaryResource" name="glossary.xq" owner="admin" group="reading-room" mode="755" created="2021-05-03T16:05:39+02:00" modified="2023-06-13T10:04:19+02:00" filename="glossary.xq" mimetype="application/xquery" blob-id="401f5bb420952835c6ba38ee4aa2a1517ca25ff56a5ae0921a03d5a6a425d9ea">
        <acl entries="0" version="1"/>
    </resource>
    <resource type="BinaryResource" name="passage.xq" owner="admin" group="reading-room" mode="755" created="2022-07-15T10:14:02+02:00" modified="2023-06-13T12:31:12+02:00" filename="passage.xq" mimetype="application/xquery" blob-id="72595c100700eb2f7487bb67fd2ced639bd3767c32b04f084f5ef3fb5e34e2c2">
        <acl entries="0" version="1"/>
    </resource>
    <resource type="BinaryResource" name="glossary-entry.xq" owner="admin" group="reading-room" mode="755" created="2022-06-07T13:35:55+02:00" modified="2023-07-03T13:59:18+02:00" filename="glossary-entry.xq" mimetype="application/xquery" blob-id="79240f9c60c31e52f82cf698cb256f801df4555daa2f8125fc053e147271415f">
        <acl entries="0" version="1"/>
    </resource>
    <resource type="BinaryResource" name="search.xq" owner="admin" group="reading-room" mode="755" created="2019-08-20T09:36:11+02:00" modified="2023-06-22T12:06:22+02:00" filename="search.xq" mimetype="application/xquery" blob-id="b945349b523b90fe6e875019680625168e7ff27a1d49f1600d04c577a0282236">
        <acl entries="0" version="1"/>
    </resource>
    <resource type="BinaryResource" name="section.xq" owner="admin" group="reading-room" mode="755" created="2019-08-20T09:36:11+02:00" modified="2023-06-22T12:06:39+02:00" filename="section.xq" mimetype="application/xquery" blob-id="0f6e704b1e6d33c491999154d42126b95d5fa1c4b358a6aa2c94d5a6db9db123">
        <acl entries="0" version="1"/>
    </resource>
    <resource type="BinaryResource" name="apple-app-site-association.xq" owner="admin" group="reading-room" mode="755" created="2021-11-18T16:15:22+01:00" modified="2023-07-10T16:29:06+02:00" filename="apple-app-site-association.xq" mimetype="application/xquery" blob-id="bc787ec1dcd804e0d204ebfb05243e1617055acea66a8091a39d05c12bc4182a">
        <acl entries="0" version="1"/>
    </resource>
    <subcollection name="widget" filename="widget"/>
    <subcollection name="about" filename="about"/>
</collection>