<collection xmlns="http://exist.sourceforge.net/NS/exist" name="/db/apps/84000-reading-room/models" owner="admin" group="reading-room" mode="755" created="2018-10-28T10:46:26+01:00" version="1">
    <acl entries="0" version="1"/>
    <resource type="BinaryResource" name="search.xq" owner="admin" group="reading-room" mode="755" created="2018-08-24T11:33:19+02:00" modified="2018-08-24T11:44:49+02:00" filename="search.xq" mimetype="application/xquery">
        <acl entries="0" version="1"/>
    </resource>
    <resource type="BinaryResource" name="auth.xq" owner="admin" group="reading-room" mode="750" created="2017-12-15T08:42:19+01:00" modified="2018-07-30T14:58:23+02:00" filename="auth.xq" mimetype="application/xquery">
        <acl entries="0" version="1"/>
    </resource>
    <resource type="BinaryResource" name="source.xq" owner="admin" group="reading-room" mode="755" created="2018-02-02T11:48:57+01:00" modified="2018-08-02T11:57:32+02:00" filename="source.xq" mimetype="application/xquery">
        <acl entries="0" version="1"/>
    </resource>
    <resource type="BinaryResource" name="folio.xq" owner="admin" group="reading-room" mode="755" created="2018-08-01T16:54:08+02:00" modified="2018-08-02T12:04:06+02:00" filename="folio.xq" mimetype="application/xquery">
        <acl entries="0" version="1"/>
    </resource>
    <resource type="BinaryResource" name="section-tei.xq" owner="admin" group="reading-room" mode="755" created="2018-06-19T12:58:19+02:00" modified="2018-06-19T13:00:50+02:00" filename="section-tei.xq" mimetype="application/xquery">
        <acl entries="0" version="1"/>
    </resource>
    <resource type="BinaryResource" name="translation-tei.xq" owner="admin" group="reading-room" mode="755" created="2017-03-17T11:30:12+01:00" modified="2018-06-19T13:00:58+02:00" filename="translation-tei.xq" mimetype="application/xquery">
        <acl entries="0" version="1"/>
    </resource>
    <resource type="BinaryResource" name="section.xq" owner="admin" group="reading-room" mode="755" created="2017-04-03T20:12:23+02:00" modified="2019-02-08T17:24:02+01:00" filename="section.xq" mimetype="application/xquery">
        <acl entries="0" version="1"/>
    </resource>
    <resource type="BinaryResource" name="translation.xq" owner="admin" group="reading-room" mode="755" created="2017-04-18T11:07:21+02:00" modified="2018-12-17T11:20:47+01:00" filename="translation.xq" mimetype="application/xquery">
        <acl entries="0" version="1"/>
    </resource>
    <subcollection name="about" filename="about"/>
</collection>