<collection xmlns="http://exist.sourceforge.net/NS/exist" name="/db/apps/84000-reading-room/models" owner="admin" group="reading-room" mode="755" created="2019-08-20T09:36:11+02:00" deduplicate-blobs="false" version="2">
    <acl entries="0" version="1"/>
    <resource type="BinaryResource" name="glossary.xq" owner="admin" group="reading-room" mode="755" created="2021-05-03T16:05:39+02:00" modified="2022-02-14T13:50:06+01:00" filename="glossary.xq" mimetype="application/xquery" blob-id="b1ac85dfa627c71700af5002ec93ca89c2460a7ea65d62ce4fbb75de5d992b0c">
        <acl entries="0" version="1"/>
    </resource>
    <resource type="BinaryResource" name="source.xq" owner="admin" group="reading-room" mode="755" created="2019-08-20T09:36:11+02:00" modified="2022-02-15T11:02:18+01:00" filename="source.xq" mimetype="application/xquery" blob-id="f13fe4cdbdfd20a2b6fbd1c770b74946f5aec48427584935e16b589caccb387d">
        <acl entries="0" version="1"/>
    </resource>
    <resource type="BinaryResource" name="translation.xq" owner="admin" group="reading-room" mode="755" created="2019-08-20T09:36:11+02:00" modified="2022-03-10T13:46:30+01:00" filename="translation.xq" mimetype="application/xquery" blob-id="5c2e85c40f12acde053aa8d7527560aea1fae726c6e877ee62947f5a0dd0d1ff">
        <acl entries="0" version="1"/>
    </resource>
    <resource type="BinaryResource" name="search.xq" owner="admin" group="reading-room" mode="755" created="2019-08-20T09:36:11+02:00" modified="2021-08-17T14:03:31+02:00" filename="search.xq" mimetype="application/xquery" blob-id="5a5bf5b8a639b9a0403c549026a9ecf79df0e94d0c1635d4b013274cb9983bb6">
        <acl entries="0" version="1"/>
    </resource>
    <resource type="BinaryResource" name="apple-app-site-association.xq" owner="admin" group="reading-room" mode="755" created="2021-11-18T16:15:22+01:00" modified="2021-11-30T07:09:54+01:00" filename="apple-app-site-association.xq" mimetype="application/xquery" blob-id="b9b6a6c2dfcb1cfe65a8c685c7a7e75d14b72638b31d97d033792156618985ad">
        <acl entries="0" version="1"/>
    </resource>
    <resource type="BinaryResource" name="sitemap.xq" owner="admin" group="reading-room" mode="755" created="2020-11-18T11:17:26+01:00" modified="2021-08-26T14:29:44+02:00" filename="sitemap.xq" mimetype="application/xquery" blob-id="e618486741f8b923f5a6098fb8849067e1b133a29ce8799fa6eb4f23d2fe1c98">
        <acl entries="0" version="1"/>
    </resource>
    <resource type="BinaryResource" name="downloads.xq" owner="admin" group="reading-room" mode="755" created="2019-08-20T09:36:11+02:00" modified="2021-07-29T15:24:44+02:00" filename="downloads.xq" mimetype="application/xquery" blob-id="b0102217ae100801ed2ff7287b93d35455a956ef79d515f02bf0ea6df3572af6">
        <acl entries="0" version="1"/>
    </resource>
    <resource type="BinaryResource" name="auth.xq" owner="admin" group="reading-room" mode="750" created="2019-08-20T09:36:11+02:00" modified="2021-07-29T15:24:50+02:00" filename="auth.xq" mimetype="application/xquery" blob-id="bb19a53df378702165bb205da7f28881fff157968ac6e6cde675781469d6f32c">
        <acl entries="0" version="1"/>
    </resource>
    <resource type="BinaryResource" name="section.xq" owner="admin" group="reading-room" mode="755" created="2019-08-20T09:36:11+02:00" modified="2022-01-07T17:34:36+01:00" filename="section.xq" mimetype="application/xquery" blob-id="a886c4a65244c96929417f4a18036a5ea9fd4eade3e9443d17e0e61298ab491c">
        <acl entries="0" version="1"/>
    </resource>
    <resource type="BinaryResource" name="knowledgebase.xq" owner="admin" group="reading-room" mode="755" created="2020-08-17T16:30:35+02:00" modified="2022-01-10T18:40:36+01:00" filename="knowledgebase.xq" mimetype="application/xquery" blob-id="17802692e1f8039e31eb8ea7e13950095132446f1487bc020b5901bd0e4ef8fe">
        <acl entries="0" version="1"/>
    </resource>
    <subcollection name="widget" filename="widget"/>
    <subcollection name="about" filename="about"/>
</collection>