<collection xmlns="http://exist.sourceforge.net/NS/exist" name="/db/apps/84000-reading-room/models" owner="admin" group="reading-room" mode="755" created="2019-08-20T09:36:11+02:00" deduplicate-blobs="false" version="2">
    <acl entries="0" version="1"/>
    <resource type="BinaryResource" name="section.xq" owner="admin" group="reading-room" mode="755" created="2019-08-20T09:36:11+02:00" modified="2022-12-13T12:02:37+01:00" filename="section.xq" mimetype="application/xquery" blob-id="4051b18a69c1e7e58855badb43110e9d4137fec3f36423fa6811d116af5687c9">
        <acl entries="0" version="1"/>
    </resource>
    <resource type="BinaryResource" name="glossary.xq" owner="admin" group="reading-room" mode="755" created="2021-05-03T16:05:39+02:00" modified="2022-12-13T13:53:44+01:00" filename="glossary.xq" mimetype="application/xquery" blob-id="0bc8c6a8b2f9b0916a97e2f220173da898c2fa7f053c59dcfbf3ac8697093530">
        <acl entries="0" version="1"/>
    </resource>
    <resource type="BinaryResource" name="passage.xq" owner="admin" group="reading-room" mode="755" created="2022-07-15T10:14:02+02:00" modified="2022-12-22T16:55:11+01:00" filename="passage.xq" mimetype="application/xquery" blob-id="a1a20b13c9e0aa3550b9b771d727902ebddb390eacc855f7f01c21e6a9f4352b">
        <acl entries="0" version="1"/>
    </resource>
    <resource type="BinaryResource" name="knowledgebase.xq" owner="admin" group="reading-room" mode="755" created="2020-08-17T16:30:35+02:00" modified="2022-12-22T17:28:46+01:00" filename="knowledgebase.xq" mimetype="application/xquery" blob-id="0b54e1b6087d5306b6c08f59c30c1b03e778842251a35bff1c93fd000e53192a">
        <acl entries="0" version="1"/>
    </resource>
    <resource type="BinaryResource" name="apple-app-site-association.xq" owner="admin" group="reading-room" mode="755" created="2021-11-18T16:15:22+01:00" modified="2021-11-30T07:09:54+01:00" filename="apple-app-site-association.xq" mimetype="application/xquery" blob-id="b9b6a6c2dfcb1cfe65a8c685c7a7e75d14b72638b31d97d033792156618985ad">
        <acl entries="0" version="1"/>
    </resource>
    <resource type="BinaryResource" name="glossary-entry.xq" owner="admin" group="reading-room" mode="755" created="2022-06-07T13:35:55+02:00" modified="2022-07-03T15:00:24+02:00" filename="glossary-entry.xq" mimetype="application/xquery" blob-id="cb8d0f01d20a77ee47e598ffc7143b66d4d2690eb986a7ac1560410cf392e593">
        <acl entries="0" version="1"/>
    </resource>
    <resource type="BinaryResource" name="glossary-download.xq" owner="admin" group="reading-room" mode="755" created="2022-03-14T11:44:00+01:00" modified="2022-07-03T15:03:37+02:00" filename="glossary-download.xq" mimetype="application/xquery" blob-id="903e10d9c00b9617ca289b8bc000510372903406467341b44654b3b7f2ecd4fe">
        <acl entries="0" version="1"/>
    </resource>
    <resource type="BinaryResource" name="search.xq" owner="admin" group="reading-room" mode="755" created="2019-08-20T09:36:11+02:00" modified="2023-01-25T11:46:01+01:00" filename="search.xq" mimetype="application/xquery" blob-id="86d2328e6aeb46b4720f74a6919420e47ce853ca4d536868a123ceb6ca3bfa18">
        <acl entries="0" version="1"/>
    </resource>
    <resource type="BinaryResource" name="downloads.xq" owner="admin" group="reading-room" mode="755" created="2019-08-20T09:36:11+02:00" modified="2021-07-29T15:24:44+02:00" filename="downloads.xq" mimetype="application/xquery" blob-id="b0102217ae100801ed2ff7287b93d35455a956ef79d515f02bf0ea6df3572af6">
        <acl entries="0" version="1"/>
    </resource>
    <resource type="BinaryResource" name="auth.xq" owner="admin" group="reading-room" mode="750" created="2019-08-20T09:36:11+02:00" modified="2021-07-29T15:24:50+02:00" filename="auth.xq" mimetype="application/xquery" blob-id="bb19a53df378702165bb205da7f28881fff157968ac6e6cde675781469d6f32c">
        <acl entries="0" version="1"/>
    </resource>
    <resource type="BinaryResource" name="source.xq" owner="admin" group="reading-room" mode="755" created="2019-08-20T09:36:11+02:00" modified="2023-01-20T11:17:50+01:00" filename="source.xq" mimetype="application/xquery" blob-id="a996e66fa64c3790837e52c8865379d1f08d9e4b1e31cdac7f6de6421a6e66d3">
        <acl entries="0" version="1"/>
    </resource>
    <resource type="BinaryResource" name="translation.xq" owner="admin" group="reading-room" mode="755" created="2019-08-20T09:36:11+02:00" modified="2023-01-20T14:00:02+01:00" filename="translation.xq" mimetype="application/xquery" blob-id="199b76fdb05ec8c4b82cf1a30a42200ed9fa70e031b2c73a062f49c7429a0a1d">
        <acl entries="0" version="1"/>
    </resource>
    <subcollection name="widget" filename="widget"/>
    <subcollection name="about" filename="about"/>
</collection>