<collection xmlns="http://exist.sourceforge.net/NS/exist" name="/db/apps/84000-reading-room/models" owner="admin" group="reading-room" mode="755" created="2018-10-28T10:46:26+01:00" deduplicate-blobs="false" version="2">
    <acl entries="0" version="1"/>
    <resource type="BinaryResource" name="folio.xq" owner="admin" group="reading-room" mode="755" created="2018-08-01T16:54:08+02:00" modified="2018-08-02T12:04:06+02:00" filename="folio.xq" mimetype="application/xquery" blob-id="02b0776d99b7b75fa5868cfbaaf66a113fa5d27ad758b60e2b29dc4fb6a264a4">
        <acl entries="0" version="1"/>
    </resource>
    <resource type="BinaryResource" name="section.xq" owner="admin" group="reading-room" mode="755" created="2017-04-03T20:12:23+02:00" modified="2019-06-19T09:55:01+02:00" filename="section.xq" mimetype="application/xquery" blob-id="b7b632d75f674c19cf0f3f10f3f2c6485e2b97bef94b42d762297563b5ddadb8">
        <acl entries="0" version="1"/>
    </resource>
    <resource type="BinaryResource" name="translation-tei.xq" owner="admin" group="reading-room" mode="755" created="2017-03-17T11:30:12+01:00" modified="2018-06-19T13:00:58+02:00" filename="translation-tei.xq" mimetype="application/xquery" blob-id="d46104a5eb12e30f0af2985716cb7ba4c63021c317ae7ac686da8b4bd80bb684">
        <acl entries="0" version="1"/>
    </resource>
    <resource type="BinaryResource" name="auth.xq" owner="admin" group="reading-room" mode="750" created="2017-12-15T08:42:19+01:00" modified="2018-07-30T14:58:23+02:00" filename="auth.xq" mimetype="application/xquery" blob-id="bb19a53df378702165bb205da7f28881fff157968ac6e6cde675781469d6f32c">
        <acl entries="0" version="1"/>
    </resource>
    <resource type="BinaryResource" name="section-tei.xq" owner="admin" group="reading-room" mode="755" created="2018-06-19T12:58:19+02:00" modified="2018-06-19T13:00:50+02:00" filename="section-tei.xq" mimetype="application/xquery" blob-id="2055be09870e077c90ad34ee39f64b2881bc92d8ead7e13f668c1574daa41d7c">
        <acl entries="0" version="1"/>
    </resource>
    <resource type="BinaryResource" name="downloads.xq" owner="admin" group="reading-room" mode="755" created="2019-03-20T16:02:36+01:00" modified="2019-06-08T11:03:00+02:00" filename="downloads.xq" mimetype="application/xquery" blob-id="0ea0670cce4b6772fd983820f8608ad895f1700c9c886e0daabb65e97437dcf4">
        <acl entries="0" version="1"/>
    </resource>
    <resource type="BinaryResource" name="source.xq" owner="admin" group="reading-room" mode="755" created="2018-02-02T11:48:57+01:00" modified="2019-06-19T09:54:55+02:00" filename="source.xq" mimetype="application/xquery" blob-id="d19bfe639df04d4ae45ca7aba072da894505adf05114dc7b7b5bf19f9d0bb63d">
        <acl entries="0" version="1"/>
    </resource>
    <resource type="BinaryResource" name="search.xq" owner="admin" group="reading-room" mode="755" created="2018-08-24T11:33:19+02:00" modified="2018-08-24T11:44:49+02:00" filename="search.xq" mimetype="application/xquery" blob-id="3a3dee1fcf3bd297936c0fe56a31abd00a625582fccfd291fbbb3b9fbf5880f6">
        <acl entries="0" version="1"/>
    </resource>
    <resource type="BinaryResource" name="translation.xq" owner="admin" group="reading-room" mode="755" created="2017-04-18T11:07:21+02:00" modified="2019-06-20T13:57:56+02:00" filename="translation.xq" mimetype="application/xquery" blob-id="c789b05d9c5822b0d017bb10d4ef74deb756058177c2946ba8270f8a9f999242">
        <acl entries="0" version="1"/>
    </resource>
    <subcollection name="about" filename="about"/>
</collection>