<collection xmlns="http://exist.sourceforge.net/NS/exist" name="/db/apps/84000-reading-room/models" owner="admin" group="reading-room" mode="755" created="2019-08-20T09:36:11+02:00" deduplicate-blobs="false" version="2">
    <acl entries="0" version="1"/>
    <resource type="BinaryResource" name="translation.xq" owner="admin" group="reading-room" mode="755" created="2019-08-20T09:36:11+02:00" modified="2022-01-21T16:40:01+01:00" filename="translation.xq" mimetype="application/xquery" blob-id="843ad824c22685d12bc0865225ef21af9251293142a31895a32aec11e5dab742">
        <acl entries="0" version="1"/>
    </resource>
    <resource type="BinaryResource" name="glossary.xq" owner="admin" group="reading-room" mode="755" created="2021-05-03T16:05:39+02:00" modified="2022-01-27T11:49:36+01:00" filename="glossary.xq" mimetype="application/xquery" blob-id="f222bc369468588f1ff3213055199b06f02b323a5c730d81d3472b35f11f372e">
        <acl entries="0" version="1"/>
    </resource>
    <resource type="BinaryResource" name="search.xq" owner="admin" group="reading-room" mode="755" created="2019-08-20T09:36:11+02:00" modified="2021-08-17T14:03:31+02:00" filename="search.xq" mimetype="application/xquery" blob-id="5a5bf5b8a639b9a0403c549026a9ecf79df0e94d0c1635d4b013274cb9983bb6">
        <acl entries="0" version="1"/>
    </resource>
    <resource type="BinaryResource" name="apple-app-site-association.xq" owner="admin" group="reading-room" mode="755" created="2021-11-18T16:15:22+01:00" modified="2021-11-30T07:09:54+01:00" filename="apple-app-site-association.xq" mimetype="application/xquery" blob-id="b9b6a6c2dfcb1cfe65a8c685c7a7e75d14b72638b31d97d033792156618985ad">
        <acl entries="0" version="1"/>
    </resource>
    <resource type="BinaryResource" name="sitemap.xq" owner="admin" group="reading-room" mode="755" created="2020-11-18T11:17:26+01:00" modified="2021-08-26T14:29:44+02:00" filename="sitemap.xq" mimetype="application/xquery" blob-id="e618486741f8b923f5a6098fb8849067e1b133a29ce8799fa6eb4f23d2fe1c98">
        <acl entries="0" version="1"/>
    </resource>
    <resource type="BinaryResource" name="downloads.xq" owner="admin" group="reading-room" mode="755" created="2019-08-20T09:36:11+02:00" modified="2021-07-29T15:24:44+02:00" filename="downloads.xq" mimetype="application/xquery" blob-id="b0102217ae100801ed2ff7287b93d35455a956ef79d515f02bf0ea6df3572af6">
        <acl entries="0" version="1"/>
    </resource>
    <resource type="BinaryResource" name="auth.xq" owner="admin" group="reading-room" mode="750" created="2019-08-20T09:36:11+02:00" modified="2021-07-29T15:24:50+02:00" filename="auth.xq" mimetype="application/xquery" blob-id="bb19a53df378702165bb205da7f28881fff157968ac6e6cde675781469d6f32c">
        <acl entries="0" version="1"/>
    </resource>
    <resource type="BinaryResource" name="section.xq" owner="admin" group="reading-room" mode="755" created="2019-08-20T09:36:11+02:00" modified="2022-01-07T17:34:36+01:00" filename="section.xq" mimetype="application/xquery" blob-id="a886c4a65244c96929417f4a18036a5ea9fd4eade3e9443d17e0e61298ab491c">
        <acl entries="0" version="1"/>
    </resource>
    <resource type="BinaryResource" name="knowledgebase.xq" owner="admin" group="reading-room" mode="755" created="2020-08-17T16:30:35+02:00" modified="2022-01-10T18:40:36+01:00" filename="knowledgebase.xq" mimetype="application/xquery" blob-id="17802692e1f8039e31eb8ea7e13950095132446f1487bc020b5901bd0e4ef8fe">
        <acl entries="0" version="1"/>
    </resource>
    <resource type="BinaryResource" name="source.xq" owner="admin" group="reading-room" mode="755" created="2019-08-20T09:36:11+02:00" modified="2022-01-11T13:32:37+01:00" filename="source.xq" mimetype="application/xquery" blob-id="c13fb4d89fd4631d71036fc43b94c40d26430cb6a8e2bcf002598183b32c0394">
        <acl entries="0" version="1"/>
    </resource>
    <subcollection name="widget" filename="widget"/>
    <subcollection name="about" filename="about"/>
</collection>