<collection xmlns="http://exist.sourceforge.net/NS/exist" name="/db/apps/84000-reading-room/models" owner="admin" group="reading-room" mode="755" created="2019-08-20T09:36:11+02:00" deduplicate-blobs="false" version="2">
    <acl entries="0" version="1"/>
    <resource type="BinaryResource" name="section.xq" owner="admin" group="reading-room" mode="755" created="2019-08-20T09:36:11+02:00" modified="2020-09-25T13:20:39+02:00" filename="section.xq" mimetype="application/xquery" blob-id="38b9bea1818a5ce6a09ddd505cd8061c689b11ced7660d0577b9900cab0284a4">
        <acl entries="0" version="1"/>
    </resource>
    <resource type="BinaryResource" name="downloads.xq" owner="admin" group="reading-room" mode="755" created="2019-08-20T09:36:11+02:00" modified="2021-04-16T13:57:43+02:00" filename="downloads.xq" mimetype="application/xquery" blob-id="b0102217ae100801ed2ff7287b93d35455a956ef79d515f02bf0ea6df3572af6">
        <acl entries="0" version="1"/>
    </resource>
    <resource type="BinaryResource" name="glossary.xq" owner="admin" group="reading-room" mode="755" created="2021-05-03T16:05:39+02:00" modified="2021-07-27T16:17:15+02:00" filename="glossary.xq" mimetype="application/xquery" blob-id="1b9011b2c1e8a3c86adba0528a7521b66244f7c72592c5071fcdda093cd17062">
        <acl entries="0" version="1"/>
    </resource>
    <resource type="BinaryResource" name="folio.xq" owner="admin" group="reading-room" mode="755" created="2019-08-20T09:36:11+02:00" modified="2020-07-01T19:13:40+02:00" filename="folio.xq" mimetype="application/xquery" blob-id="d8542b0b3f63aa8da578e69c11d4229e09a4cfeca8140113ba07c11207a90927">
        <acl entries="0" version="1"/>
    </resource>
    <resource type="BinaryResource" name="translation.xq" owner="admin" group="reading-room" mode="755" created="2019-08-20T09:36:11+02:00" modified="2021-07-27T16:12:10+02:00" filename="translation.xq" mimetype="application/xquery" blob-id="7bf5ed665c0d29a6a8fd207641936f9618f4458791c891dc9aecd83bdc0b9782">
        <acl entries="0" version="1"/>
    </resource>
    <resource type="BinaryResource" name="knowledgebase.xq" owner="admin" group="reading-room" mode="755" created="2020-08-17T16:30:35+02:00" modified="2021-07-27T16:09:04+02:00" filename="knowledgebase.xq" mimetype="application/xquery" blob-id="691ae4f50bbf0ca394cfe9ee608608214a0e46e05ab087d4a7d18567ca918ef4">
        <acl entries="0" version="1"/>
    </resource>
    <resource type="BinaryResource" name="sitemap.xq" owner="admin" group="reading-room" mode="755" created="2020-11-18T11:17:26+01:00" modified="2020-12-18T13:56:25+01:00" filename="sitemap.xq" mimetype="application/xquery" blob-id="fea8108d3dba315819523c1cb69b6bdba8c0eb8bd0a83a40da29f2d399105efd">
        <acl entries="0" version="1"/>
    </resource>
    <resource type="BinaryResource" name="search.xq" owner="admin" group="reading-room" mode="755" created="2019-08-20T09:36:11+02:00" modified="2021-07-06T19:26:51+02:00" filename="search.xq" mimetype="application/xquery" blob-id="5a5bf5b8a639b9a0403c549026a9ecf79df0e94d0c1635d4b013274cb9983bb6">
        <acl entries="0" version="1"/>
    </resource>
    <resource type="BinaryResource" name="source.xq" owner="admin" group="reading-room" mode="755" created="2019-08-20T09:36:11+02:00" modified="2021-02-17T10:55:13+01:00" filename="source.xq" mimetype="application/xquery" blob-id="61bd40af8fb0b58ee7c1666b1cf391122c9e9a11b17289601051ca20dab1528c">
        <acl entries="0" version="1"/>
    </resource>
    <resource type="BinaryResource" name="auth.xq" owner="admin" group="reading-room" mode="750" created="2019-08-20T09:36:11+02:00" modified="2019-08-20T09:36:11+02:00" filename="auth.xq" mimetype="application/xquery" blob-id="bb19a53df378702165bb205da7f28881fff157968ac6e6cde675781469d6f32c">
        <acl entries="0" version="1"/>
    </resource>
    <subcollection name="widget" filename="widget"/>
    <subcollection name="about" filename="about"/>
</collection>