<collection xmlns="http://exist.sourceforge.net/NS/exist" name="/db/apps/84000-reading-room/models" owner="admin" group="reading-room" mode="755" created="2019-08-20T09:36:11+02:00" deduplicate-blobs="false" version="2">
    <acl entries="0" version="1"/>
    <resource type="BinaryResource" name="sitemap.xq" owner="admin" group="reading-room" mode="755" created="2020-11-18T11:17:26+01:00" modified="2022-09-19T12:11:42+02:00" filename="sitemap.xq" mimetype="application/xquery" blob-id="0b4668b2fb47aa509908aebacdbd71a8a55cb894a44e4facb81c88938f4e01c4">
        <acl entries="0" version="1"/>
    </resource>
    <resource type="BinaryResource" name="section.xq" owner="admin" group="reading-room" mode="755" created="2019-08-20T09:36:11+02:00" modified="2022-07-03T14:24:18+02:00" filename="section.xq" mimetype="application/xquery" blob-id="56a7f24b0642009396ff1514ec735ca8cb4d3de8f4f2530cfe03c87fdeadcf59">
        <acl entries="0" version="1"/>
    </resource>
    <resource type="BinaryResource" name="apple-app-site-association.xq" owner="admin" group="reading-room" mode="755" created="2021-11-18T16:15:22+01:00" modified="2021-11-30T07:09:54+01:00" filename="apple-app-site-association.xq" mimetype="application/xquery" blob-id="b9b6a6c2dfcb1cfe65a8c685c7a7e75d14b72638b31d97d033792156618985ad">
        <acl entries="0" version="1"/>
    </resource>
    <resource type="BinaryResource" name="knowledgebase.xq" owner="admin" group="reading-room" mode="755" created="2020-08-17T16:30:35+02:00" modified="2022-07-03T14:58:32+02:00" filename="knowledgebase.xq" mimetype="application/xquery" blob-id="1c7a8e26a52cf5e4534ef3b03fb0cefb08b5832bcb057d4f107cd5138c3c78d9">
        <acl entries="0" version="1"/>
    </resource>
    <resource type="BinaryResource" name="glossary-entry.xq" owner="admin" group="reading-room" mode="755" created="2022-06-07T13:35:55+02:00" modified="2022-07-03T15:00:24+02:00" filename="glossary-entry.xq" mimetype="application/xquery" blob-id="cb8d0f01d20a77ee47e598ffc7143b66d4d2690eb986a7ac1560410cf392e593">
        <acl entries="0" version="1"/>
    </resource>
    <resource type="BinaryResource" name="glossary-download.xq" owner="admin" group="reading-room" mode="755" created="2022-03-14T11:44:00+01:00" modified="2022-07-03T15:03:37+02:00" filename="glossary-download.xq" mimetype="application/xquery" blob-id="903e10d9c00b9617ca289b8bc000510372903406467341b44654b3b7f2ecd4fe">
        <acl entries="0" version="1"/>
    </resource>
    <resource type="BinaryResource" name="search.xq" owner="admin" group="reading-room" mode="755" created="2019-08-20T09:36:11+02:00" modified="2022-07-03T15:04:49+02:00" filename="search.xq" mimetype="application/xquery" blob-id="0d0133255852130a2ff0bca521befce345b1c219356fa99e5207b1278f975a12">
        <acl entries="0" version="1"/>
    </resource>
    <resource type="BinaryResource" name="passage.xq" owner="admin" group="reading-room" mode="755" created="2022-07-15T10:14:02+02:00" modified="2022-12-07T09:41:32+01:00" filename="passage.xq" mimetype="application/xquery" blob-id="8b728335468ea5913aefcb972ad23eb478fda22637132a7ebc24f07317d10bc8">
        <acl entries="0" version="1"/>
    </resource>
    <resource type="BinaryResource" name="glossary.xq" owner="admin" group="reading-room" mode="755" created="2021-05-03T16:05:39+02:00" modified="2022-09-26T12:47:01+02:00" filename="glossary.xq" mimetype="application/xquery" blob-id="c0d0a6392731c6e2c3035c585da3fd6a80f660a73ea596b9a510757c12b1456c">
        <acl entries="0" version="1"/>
    </resource>
    <resource type="BinaryResource" name="downloads.xq" owner="admin" group="reading-room" mode="755" created="2019-08-20T09:36:11+02:00" modified="2021-07-29T15:24:44+02:00" filename="downloads.xq" mimetype="application/xquery" blob-id="b0102217ae100801ed2ff7287b93d35455a956ef79d515f02bf0ea6df3572af6">
        <acl entries="0" version="1"/>
    </resource>
    <resource type="BinaryResource" name="auth.xq" owner="admin" group="reading-room" mode="750" created="2019-08-20T09:36:11+02:00" modified="2021-07-29T15:24:50+02:00" filename="auth.xq" mimetype="application/xquery" blob-id="bb19a53df378702165bb205da7f28881fff157968ac6e6cde675781469d6f32c">
        <acl entries="0" version="1"/>
    </resource>
    <resource type="BinaryResource" name="translation.xq" owner="admin" group="reading-room" mode="755" created="2019-08-20T09:36:11+02:00" modified="2022-12-06T14:22:30+01:00" filename="translation.xq" mimetype="application/xquery" blob-id="f8189e0eae9b440da7ae5f703882559022cec568ebe71de528e7b649fa0688a0">
        <acl entries="0" version="1"/>
    </resource>
    <resource type="BinaryResource" name="source.xq" owner="admin" group="reading-room" mode="755" created="2019-08-20T09:36:11+02:00" modified="2022-09-13T11:13:21+02:00" filename="source.xq" mimetype="application/xquery" blob-id="b7bf625895acc48312b4c1e7f5bc129d914c225ebba1d103845d410078a8eee2">
        <acl entries="0" version="1"/>
    </resource>
    <subcollection name="widget" filename="widget"/>
    <subcollection name="about" filename="about"/>
</collection>