<collection xmlns="http://exist.sourceforge.net/NS/exist" name="/db/apps/84000-reading-room/models" owner="admin" group="reading-room" mode="755" created="2019-08-20T09:36:11+02:00" deduplicate-blobs="false" version="2">
    <acl entries="0" version="1"/>
    <resource type="BinaryResource" name="glossary.xq" owner="admin" group="reading-room" mode="755" created="2021-05-03T16:05:39+02:00" modified="2021-09-09T11:55:46+02:00" filename="glossary.xq" mimetype="application/xquery" blob-id="6f5a3b9793e7f070b87a08786807acf5959249dfd5dcbd28d6dfa643fc428cd4">
        <acl entries="0" version="1"/>
    </resource>
    <resource type="BinaryResource" name="search.xq" owner="admin" group="reading-room" mode="755" created="2019-08-20T09:36:11+02:00" modified="2021-08-17T14:03:31+02:00" filename="search.xq" mimetype="application/xquery" blob-id="5a5bf5b8a639b9a0403c549026a9ecf79df0e94d0c1635d4b013274cb9983bb6">
        <acl entries="0" version="1"/>
    </resource>
    <resource type="BinaryResource" name="knowledgebase.xq" owner="admin" group="reading-room" mode="755" created="2020-08-17T16:30:35+02:00" modified="2021-08-31T16:32:59+02:00" filename="knowledgebase.xq" mimetype="application/xquery" blob-id="edac03099fff0d397b4e7c2ea6e63c336cfbdfad73f3186df8a0c4fd1183cd6d">
        <acl entries="0" version="1"/>
    </resource>
    <resource type="BinaryResource" name="sitemap.xq" owner="admin" group="reading-room" mode="755" created="2020-11-18T11:17:26+01:00" modified="2021-08-26T14:29:44+02:00" filename="sitemap.xq" mimetype="application/xquery" blob-id="e618486741f8b923f5a6098fb8849067e1b133a29ce8799fa6eb4f23d2fe1c98">
        <acl entries="0" version="1"/>
    </resource>
    <resource type="BinaryResource" name="downloads.xq" owner="admin" group="reading-room" mode="755" created="2019-08-20T09:36:11+02:00" modified="2021-07-29T15:24:44+02:00" filename="downloads.xq" mimetype="application/xquery" blob-id="b0102217ae100801ed2ff7287b93d35455a956ef79d515f02bf0ea6df3572af6">
        <acl entries="0" version="1"/>
    </resource>
    <resource type="BinaryResource" name="auth.xq" owner="admin" group="reading-room" mode="750" created="2019-08-20T09:36:11+02:00" modified="2021-07-29T15:24:50+02:00" filename="auth.xq" mimetype="application/xquery" blob-id="bb19a53df378702165bb205da7f28881fff157968ac6e6cde675781469d6f32c">
        <acl entries="0" version="1"/>
    </resource>
    <resource type="BinaryResource" name="section.xq" owner="admin" group="reading-room" mode="755" created="2019-08-20T09:36:11+02:00" modified="2021-09-05T14:11:57+02:00" filename="section.xq" mimetype="application/xquery" blob-id="9771b2e1dea7a435ded25e101dfa80467f7ab54980b6ac547a830bcb22f52608">
        <acl entries="0" version="1"/>
    </resource>
    <resource type="BinaryResource" name="source.xq" owner="admin" group="reading-room" mode="755" created="2019-08-20T09:36:11+02:00" modified="2021-08-27T13:38:59+02:00" filename="source.xq" mimetype="application/xquery" blob-id="2aa4c70de7f0cabe27aa2000a091d7bafdca10d2c4f617f400e5a16c48d4a263">
        <acl entries="0" version="1"/>
    </resource>
    <resource type="BinaryResource" name="translation.xq" owner="admin" group="reading-room" mode="755" created="2019-08-20T09:36:11+02:00" modified="2021-09-05T20:17:16+02:00" filename="translation.xq" mimetype="application/xquery" blob-id="3b431af793bb1a46ba66fa1af334bbc697c13f44ae17cbb68c324063d1f3c7f7">
        <acl entries="0" version="1"/>
    </resource>
    <subcollection name="widget" filename="widget"/>
    <subcollection name="about" filename="about"/>
</collection>