<collection xmlns="http://exist.sourceforge.net/NS/exist" name="/db/apps/84000-reading-room/models" owner="admin" group="reading-room" mode="755" created="2019-08-20T09:36:11+02:00" deduplicate-blobs="false" version="2">
    <acl entries="0" version="1"/>
    <resource type="BinaryResource" name="translation.xq" owner="admin" group="reading-room" mode="755" created="2019-08-20T09:36:11+02:00" modified="2022-08-02T15:51:53+02:00" filename="translation.xq" mimetype="application/xquery" blob-id="a235b1c213916574c7130cacfc68be437aefbdd38354f1315be12bb2d8bc31a8">
        <acl entries="0" version="1"/>
    </resource>
    <resource type="BinaryResource" name="section.xq" owner="admin" group="reading-room" mode="755" created="2019-08-20T09:36:11+02:00" modified="2022-07-03T14:24:18+02:00" filename="section.xq" mimetype="application/xquery" blob-id="56a7f24b0642009396ff1514ec735ca8cb4d3de8f4f2530cfe03c87fdeadcf59">
        <acl entries="0" version="1"/>
    </resource>
    <resource type="BinaryResource" name="source.xq" owner="admin" group="reading-room" mode="755" created="2019-08-20T09:36:11+02:00" modified="2022-07-03T14:50:36+02:00" filename="source.xq" mimetype="application/xquery" blob-id="872d4a4cbcd9c4129c39042e634648b35ad626c64a31252f834c3ee5487fa798">
        <acl entries="0" version="1"/>
    </resource>
    <resource type="BinaryResource" name="passage.xq" owner="admin" group="reading-room" mode="755" created="2022-07-15T10:14:02+02:00" modified="2022-07-28T14:41:23+02:00" filename="passage.xq" mimetype="application/xquery" blob-id="2759ff8e1217535e8eabdb53b6574bb125288b52ccfdbe83662da142ac8f38ea">
        <acl entries="0" version="1"/>
    </resource>
    <resource type="BinaryResource" name="apple-app-site-association.xq" owner="admin" group="reading-room" mode="755" created="2021-11-18T16:15:22+01:00" modified="2021-11-30T07:09:54+01:00" filename="apple-app-site-association.xq" mimetype="application/xquery" blob-id="b9b6a6c2dfcb1cfe65a8c685c7a7e75d14b72638b31d97d033792156618985ad">
        <acl entries="0" version="1"/>
    </resource>
    <resource type="BinaryResource" name="sitemap.xq" owner="admin" group="reading-room" mode="755" created="2020-11-18T11:17:26+01:00" modified="2021-08-26T14:29:44+02:00" filename="sitemap.xq" mimetype="application/xquery" blob-id="e618486741f8b923f5a6098fb8849067e1b133a29ce8799fa6eb4f23d2fe1c98">
        <acl entries="0" version="1"/>
    </resource>
    <resource type="BinaryResource" name="knowledgebase.xq" owner="admin" group="reading-room" mode="755" created="2020-08-17T16:30:35+02:00" modified="2022-07-03T14:58:32+02:00" filename="knowledgebase.xq" mimetype="application/xquery" blob-id="1c7a8e26a52cf5e4534ef3b03fb0cefb08b5832bcb057d4f107cd5138c3c78d9">
        <acl entries="0" version="1"/>
    </resource>
    <resource type="BinaryResource" name="glossary.xq" owner="admin" group="reading-room" mode="755" created="2021-05-03T16:05:39+02:00" modified="2022-07-03T14:59:52+02:00" filename="glossary.xq" mimetype="application/xquery" blob-id="4f755928dea02f090a46256b559912abc0ff1530366e67a1beac7f4addd8c6cd">
        <acl entries="0" version="1"/>
    </resource>
    <resource type="BinaryResource" name="glossary-entry.xq" owner="admin" group="reading-room" mode="755" created="2022-06-07T13:35:55+02:00" modified="2022-07-03T15:00:24+02:00" filename="glossary-entry.xq" mimetype="application/xquery" blob-id="cb8d0f01d20a77ee47e598ffc7143b66d4d2690eb986a7ac1560410cf392e593">
        <acl entries="0" version="1"/>
    </resource>
    <resource type="BinaryResource" name="glossary-download.xq" owner="admin" group="reading-room" mode="755" created="2022-03-14T11:44:00+01:00" modified="2022-07-03T15:03:37+02:00" filename="glossary-download.xq" mimetype="application/xquery" blob-id="903e10d9c00b9617ca289b8bc000510372903406467341b44654b3b7f2ecd4fe">
        <acl entries="0" version="1"/>
    </resource>
    <resource type="BinaryResource" name="search.xq" owner="admin" group="reading-room" mode="755" created="2019-08-20T09:36:11+02:00" modified="2022-07-03T15:04:49+02:00" filename="search.xq" mimetype="application/xquery" blob-id="0d0133255852130a2ff0bca521befce345b1c219356fa99e5207b1278f975a12">
        <acl entries="0" version="1"/>
    </resource>
    <resource type="BinaryResource" name="downloads.xq" owner="admin" group="reading-room" mode="755" created="2019-08-20T09:36:11+02:00" modified="2021-07-29T15:24:44+02:00" filename="downloads.xq" mimetype="application/xquery" blob-id="b0102217ae100801ed2ff7287b93d35455a956ef79d515f02bf0ea6df3572af6">
        <acl entries="0" version="1"/>
    </resource>
    <resource type="BinaryResource" name="auth.xq" owner="admin" group="reading-room" mode="750" created="2019-08-20T09:36:11+02:00" modified="2021-07-29T15:24:50+02:00" filename="auth.xq" mimetype="application/xquery" blob-id="bb19a53df378702165bb205da7f28881fff157968ac6e6cde675781469d6f32c">
        <acl entries="0" version="1"/>
    </resource>
    <subcollection name="widget" filename="widget"/>
    <subcollection name="about" filename="about"/>
</collection>