<collection xmlns="http://exist.sourceforge.net/NS/exist" name="/db/apps/84000-reading-room/models" owner="admin" group="reading-room" mode="755" created="2019-08-20T09:36:11+02:00" deduplicate-blobs="false" version="2">
    <acl entries="0" version="1"/>
    <resource type="BinaryResource" name="source.xq" owner="admin" group="reading-room" mode="755" created="2019-08-20T09:36:11+02:00" modified="2023-11-22T10:46:35+01:00" filename="source.xq" mimetype="application/xquery" blob-id="bc73ae116983dab143b6adb6a0c0424f2d8302ca8fa57fa2be90048ec6b7e7f7">
        <acl entries="0" version="1"/>
    </resource>
    <resource type="BinaryResource" name="translation.xq" owner="admin" group="reading-room" mode="755" created="2019-08-20T09:36:11+02:00" modified="2023-10-04T08:49:58+02:00" filename="translation.xq" mimetype="application/xquery" blob-id="fa842187a895ea5f97942ba49258a23c55e7b2375a65c603db8a7a747255eb39">
        <acl entries="0" version="1"/>
    </resource>
    <resource type="BinaryResource" name="knowledgebase.xq" owner="admin" group="reading-room" mode="755" created="2023-06-06T14:19:25+02:00" modified="2023-10-05T12:32:23+02:00" filename="knowledgebase.xq" mimetype="application/xquery" blob-id="c87ba9773b97b5194d34516410400bd6ec9ece3145b61ac4bd86415177302a28">
        <acl entries="0" version="1"/>
    </resource>
    <resource type="BinaryResource" name="downloads.xq" owner="admin" group="reading-room" mode="755" created="2019-08-20T09:36:11+02:00" modified="2023-07-05T13:21:21+02:00" filename="downloads.xq" mimetype="application/xquery" blob-id="70b64826f220bee708967af484d5812229b2eb75c22af86e071e97337c257ba9">
        <acl entries="0" version="1"/>
    </resource>
    <resource type="BinaryResource" name="glossary.xq" owner="admin" group="reading-room" mode="755" created="2021-05-03T16:05:39+02:00" modified="2023-10-06T09:12:22+02:00" filename="glossary.xq" mimetype="application/xquery" blob-id="22188d8519b23e42662da1582b2d3fcbdd5b6aa107a220c3571102498251b56f">
        <acl entries="0" version="1"/>
    </resource>
    <resource type="BinaryResource" name="search.xq" owner="admin" group="reading-room" mode="755" created="2019-08-20T09:36:11+02:00" modified="2023-11-17T12:29:23+01:00" filename="search.xq" mimetype="application/xquery" blob-id="4e2e2c4e3ed3d7b4f93221891d8ceb6a3397af1c38441707f5bc3b50f47f65cf">
        <acl entries="0" version="1"/>
    </resource>
    <resource type="BinaryResource" name="passage.xq" owner="admin" group="reading-room" mode="755" created="2022-07-15T10:14:02+02:00" modified="2023-09-19T10:00:58+02:00" filename="passage.xq" mimetype="application/xquery" blob-id="e41d0e55187130fbb1a39c1911ea5777a6683e60dfab6f9c39b2cff273b58416">
        <acl entries="0" version="1"/>
    </resource>
    <resource type="BinaryResource" name="auth.xq" owner="admin" group="reading-room" mode="750" created="2019-08-20T09:36:11+02:00" modified="2021-07-29T15:24:50+02:00" filename="auth.xq" mimetype="application/xquery" blob-id="bb19a53df378702165bb205da7f28881fff157968ac6e6cde675781469d6f32c">
        <acl entries="0" version="1"/>
    </resource>
    <resource type="BinaryResource" name="section.xq" owner="admin" group="reading-room" mode="755" created="2019-08-20T09:36:11+02:00" modified="2023-08-23T10:08:02+02:00" filename="section.xq" mimetype="application/xquery" blob-id="4a2cc2634a29bb2a719a517d0ba05bd06a52594f596f3cc811f6030469051fa9">
        <acl entries="0" version="1"/>
    </resource>
    <resource type="BinaryResource" name="glossary-download.xq" owner="admin" group="reading-room" mode="755" created="2022-03-14T11:44:00+01:00" modified="2023-07-27T12:31:17+02:00" filename="glossary-download.xq" mimetype="application/xquery" blob-id="6d25e6f7d36e3fbef3230bd5563ce8c1c91db9209bd7cba21055d81dad4816cf">
        <acl entries="0" version="1"/>
    </resource>
    <resource type="BinaryResource" name="knowledgebase-article.xq" owner="admin" group="reading-room" mode="755" created="2020-08-17T16:30:35+02:00" modified="2023-08-30T14:22:38+02:00" filename="knowledgebase-article.xq" mimetype="application/xquery" blob-id="d4851c4e2067ace109699bda34a55ac17e52a9529387b42a376da353c4fe34c3">
        <acl entries="0" version="1"/>
    </resource>
    <resource type="BinaryResource" name="apple-app-site-association.xq" owner="admin" group="reading-room" mode="755" created="2021-11-18T16:15:22+01:00" modified="2023-07-27T14:25:10+02:00" filename="apple-app-site-association.xq" mimetype="application/xquery" blob-id="38e73daa8f489cf09da7fccce323fc28758b28e3f57afcb438da6a48a1358577">
        <acl entries="0" version="1"/>
    </resource>
    <resource type="BinaryResource" name="glossary-entry.xq" owner="admin" group="reading-room" mode="755" created="2022-06-07T13:35:55+02:00" modified="2023-07-03T13:59:18+02:00" filename="glossary-entry.xq" mimetype="application/xquery" blob-id="79240f9c60c31e52f82cf698cb256f801df4555daa2f8125fc053e147271415f">
        <acl entries="0" version="1"/>
    </resource>
    <subcollection name="widget" filename="widget"/>
    <subcollection name="about" filename="about"/>
</collection>