<collection xmlns="http://exist.sourceforge.net/NS/exist" name="/db/apps/84000-reading-room/models" owner="admin" group="reading-room" mode="755" created="2019-08-20T08:36:11+01:00" deduplicate-blobs="false" version="2">
    <acl entries="0" version="1"/>
    <resource type="BinaryResource" name="section.xq" owner="admin" group="reading-room" mode="755" created="2019-08-20T08:36:11+01:00" modified="2020-09-25T12:20:39+01:00" filename="section.xq" mimetype="application/xquery" blob-id="38b9bea1818a5ce6a09ddd505cd8061c689b11ced7660d0577b9900cab0284a4">
        <acl entries="0" version="1"/>
    </resource>
    <resource type="BinaryResource" name="search.xq" owner="admin" group="reading-room" mode="755" created="2019-08-20T08:36:11+01:00" modified="2020-03-13T16:13:15Z" filename="search.xq" mimetype="application/xquery" blob-id="15edba6a677836d91ed9c40af23b313ff5697f7ce1f46d287904ad14f0c1b2b8">
        <acl entries="0" version="1"/>
    </resource>
    <resource type="BinaryResource" name="downloads.xq" owner="admin" group="reading-room" mode="755" created="2019-08-20T08:36:11+01:00" modified="2021-04-16T12:57:43+01:00" filename="downloads.xq" mimetype="application/xquery" blob-id="b0102217ae100801ed2ff7287b93d35455a956ef79d515f02bf0ea6df3572af6">
        <acl entries="0" version="1"/>
    </resource>
    <resource type="BinaryResource" name="translation.xq" owner="admin" group="reading-room" mode="755" created="2019-08-20T08:36:11+01:00" modified="2021-05-10T15:49:16+01:00" filename="translation.xq" mimetype="application/xquery" blob-id="6591180474dfa93f3eb50a902860ac898a3ef686b8659d9e2845b4642f2becde">
        <acl entries="0" version="1"/>
    </resource>
    <resource type="BinaryResource" name="glossary.xq" owner="admin" group="reading-room" mode="755" created="2021-05-03T15:05:39+01:00" modified="2021-05-12T09:26:30+01:00" filename="glossary.xq" mimetype="application/xquery" blob-id="8ca49a9b008c894578b7e8d25a1a2b95a32eddaf6f3300b29e20e8a254dc659c">
        <acl entries="0" version="1"/>
    </resource>
    <resource type="BinaryResource" name="folio.xq" owner="admin" group="reading-room" mode="755" created="2019-08-20T08:36:11+01:00" modified="2020-07-01T18:13:40+01:00" filename="folio.xq" mimetype="application/xquery" blob-id="d8542b0b3f63aa8da578e69c11d4229e09a4cfeca8140113ba07c11207a90927">
        <acl entries="0" version="1"/>
    </resource>
    <resource type="BinaryResource" name="knowledgebase.xq" owner="admin" group="reading-room" mode="755" created="2020-08-17T15:30:35+01:00" modified="2021-05-06T10:01:45+01:00" filename="knowledgebase.xq" mimetype="application/xquery" blob-id="6d3da3d05d54ea636dbca5dc06a869bbed89a01f68c05947f08a20cd6de2bedd">
        <acl entries="0" version="1"/>
    </resource>
    <resource type="BinaryResource" name="sitemap.xq" owner="admin" group="reading-room" mode="755" created="2020-11-18T10:17:26Z" modified="2020-12-18T12:56:25Z" filename="sitemap.xq" mimetype="application/xquery" blob-id="fea8108d3dba315819523c1cb69b6bdba8c0eb8bd0a83a40da29f2d399105efd">
        <acl entries="0" version="1"/>
    </resource>
    <resource type="BinaryResource" name="source.xq" owner="admin" group="reading-room" mode="755" created="2019-08-20T08:36:11+01:00" modified="2021-02-17T09:55:13Z" filename="source.xq" mimetype="application/xquery" blob-id="61bd40af8fb0b58ee7c1666b1cf391122c9e9a11b17289601051ca20dab1528c">
        <acl entries="0" version="1"/>
    </resource>
    <resource type="BinaryResource" name="auth.xq" owner="admin" group="reading-room" mode="750" created="2019-08-20T08:36:11+01:00" modified="2019-08-20T08:36:11+01:00" filename="auth.xq" mimetype="application/xquery" blob-id="bb19a53df378702165bb205da7f28881fff157968ac6e6cde675781469d6f32c">
        <acl entries="0" version="1"/>
    </resource>
    <subcollection name="widget" filename="widget"/>
    <subcollection name="about" filename="about"/>
</collection>