<collection xmlns="http://exist.sourceforge.net/NS/exist" name="/db/apps/84000-reading-room/models" owner="admin" group="reading-room" mode="755" created="2019-08-20T09:36:11+02:00" deduplicate-blobs="false" version="2">
    <acl entries="0" version="1"/>
    <resource type="BinaryResource" name="glossary.xq" owner="admin" group="reading-room" mode="755" created="2021-05-03T16:05:39+02:00" modified="2024-08-28T11:16:58+02:00" filename="glossary.xq" mimetype="application/xquery" blob-id="c431b6a4e124e7454981dc112a59ccf1587c774b165325ebd34fb6791f597936">
        <acl entries="0" version="1"/>
    </resource>
    <resource type="BinaryResource" name="section.xq" owner="admin" group="reading-room" mode="755" created="2019-08-20T09:36:11+02:00" modified="2024-05-03T15:39:32+02:00" filename="section.xq" mimetype="application/xquery" blob-id="d7aa572c8753a057857c9a072460319e13e334dd5e5bab4299a7f3958b0fb53e">
        <acl entries="0" version="1"/>
    </resource>
    <resource type="BinaryResource" name="search.xq" owner="admin" group="reading-room" mode="755" created="2019-08-20T09:36:11+02:00" modified="2024-08-28T13:28:45+02:00" filename="search.xq" mimetype="application/xquery" blob-id="2c23866c32cffa4da117a866e0b1a6500adcf63a822b173d0fa531a2b01afc11">
        <acl entries="0" version="1"/>
    </resource>
    <resource type="BinaryResource" name="knowledgebase-article.xq" owner="admin" group="reading-room" mode="755" created="2020-08-17T16:30:35+02:00" modified="2024-06-27T09:01:33+02:00" filename="knowledgebase-article.xq" mimetype="application/xquery" blob-id="687697b2ea5d162acb4fa8ae0a6070bcc690281e11652f59dd494930a1880fdd">
        <acl entries="0" version="1"/>
    </resource>
    <resource type="BinaryResource" name="knowledgebase.xq" owner="admin" group="reading-room" mode="755" created="2023-06-06T14:19:25+02:00" modified="2023-10-05T12:32:23+02:00" filename="knowledgebase.xq" mimetype="application/xquery" blob-id="c87ba9773b97b5194d34516410400bd6ec9ece3145b61ac4bd86415177302a28">
        <acl entries="0" version="1"/>
    </resource>
    <resource type="BinaryResource" name="auth.xq" owner="admin" group="reading-room" mode="750" created="2019-08-20T09:36:11+02:00" modified="2021-07-29T15:24:50+02:00" filename="auth.xq" mimetype="application/xquery" blob-id="bb19a53df378702165bb205da7f28881fff157968ac6e6cde675781469d6f32c">
        <acl entries="0" version="1"/>
    </resource>
    <resource type="BinaryResource" name="translation.xq" owner="admin" group="reading-room" mode="755" created="2019-08-20T09:36:11+02:00" modified="2024-09-03T08:32:44+02:00" filename="translation.xq" mimetype="application/xquery" blob-id="fedc3eb7b4dee9da6dbbe344a49f29121bf086bf8e167b409abf47fdd50fac27">
        <acl entries="0" version="1"/>
    </resource>
    <resource type="BinaryResource" name="glossary-download.xq" owner="admin" group="reading-room" mode="755" created="2022-03-14T11:44:00+01:00" modified="2023-07-27T12:31:17+02:00" filename="glossary-download.xq" mimetype="application/xquery" blob-id="6d25e6f7d36e3fbef3230bd5563ce8c1c91db9209bd7cba21055d81dad4816cf">
        <acl entries="0" version="1"/>
    </resource>
    <resource type="BinaryResource" name="downloads.xq" owner="admin" group="reading-room" mode="755" created="2019-08-20T09:36:11+02:00" modified="2024-06-08T17:44:51+02:00" filename="downloads.xq" mimetype="application/xquery" blob-id="8283587970ed3c1f1560352e3e14c541d2d6fe4d151c4ecb18d4f7c51fc87986">
        <acl entries="0" version="1"/>
    </resource>
    <resource type="BinaryResource" name="glossary-entry.xq" owner="admin" group="reading-room" mode="755" created="2022-06-07T13:35:55+02:00" modified="2023-07-03T13:59:18+02:00" filename="glossary-entry.xq" mimetype="application/xquery" blob-id="79240f9c60c31e52f82cf698cb256f801df4555daa2f8125fc053e147271415f">
        <acl entries="0" version="1"/>
    </resource>
    <resource type="BinaryResource" name="apple-app-site-association.xq" owner="admin" group="reading-room" mode="755" created="2021-11-18T16:15:22+01:00" modified="2024-07-05T11:42:44+02:00" filename="apple-app-site-association.xq" mimetype="application/xquery" blob-id="99d254c13bb8b40835b48867c701099019edba9c28020a6fa8840d873addeca1">
        <acl entries="0" version="1"/>
    </resource>
    <resource type="BinaryResource" name="passage.xq" owner="admin" group="reading-room" mode="755" created="2022-07-15T10:14:02+02:00" modified="2024-06-29T17:13:41+02:00" filename="passage.xq" mimetype="application/xquery" blob-id="a6928dc73deb07076d09a9aa4486a5ca4926d98a230983d9962e544186b5b192">
        <acl entries="0" version="1"/>
    </resource>
    <resource type="BinaryResource" name="work-ids.xq" owner="admin" group="reading-room" mode="755" created="2024-07-05T11:52:07+02:00" modified="2024-07-05T12:12:12+02:00" filename="work-ids.xq" mimetype="application/xquery" blob-id="23e4a055185a9f44f7a427d8a5f0a9bebac2a26c6765f5d07b1b9ed94d3da822">
        <acl entries="0" version="1"/>
    </resource>
    <resource type="BinaryResource" name="robots-public.xq" owner="admin" group="reading-room" mode="755" created="2024-08-28T17:50:37+02:00" modified="2024-08-28T18:40:59+02:00" filename="robots-public.xq" mimetype="application/xquery" blob-id="3314a8f86f6b27ad9692571d86ba60061c1cc3b134f6b20225fae7592fde0b63">
        <acl entries="0" version="1"/>
    </resource>
    <resource type="BinaryResource" name="sitemap.xq" owner="admin" group="reading-room" mode="755" created="2024-06-28T09:00:00+02:00" modified="2024-08-29T13:23:43+02:00" filename="sitemap.xq" mimetype="application/xquery" blob-id="9b2295b7ccf743cea56c902ab697ef0b8d5aae88c25cb0f755e8efa6197d6df9">
        <acl entries="0" version="1"/>
    </resource>
    <resource type="BinaryResource" name="source.xq" owner="admin" group="reading-room" mode="755" created="2019-08-20T09:36:11+02:00" modified="2024-08-30T12:28:36+02:00" filename="source.xq" mimetype="application/xquery" blob-id="fcbb89147cbafd5d1ef39deff784946c2f8fc48101e23ab8852ed15a17d25449">
        <acl entries="0" version="1"/>
    </resource>
    <subcollection name="widget" filename="widget"/>
    <subcollection name="about" filename="about"/>
</collection>