<collection xmlns="http://exist.sourceforge.net/NS/exist" name="/db/apps/84000-reading-room/models" owner="admin" group="reading-room" mode="755" created="2019-08-20T09:36:11+02:00" deduplicate-blobs="false" version="2">
    <acl entries="0" version="1"/>
    <resource type="BinaryResource" name="translation.xq" owner="admin" group="reading-room" mode="755" created="2019-08-20T09:36:11+02:00" modified="2024-04-24T09:32:46+02:00" filename="translation.xq" mimetype="application/xquery" blob-id="6750895ff3495bb47ea6b52d1a31ace4375ae10251ffeab8942ee96099b5fc54">
        <acl entries="0" version="1"/>
    </resource>
    <resource type="BinaryResource" name="knowledgebase-article.xq" owner="admin" group="reading-room" mode="755" created="2020-08-17T16:30:35+02:00" modified="2024-01-23T11:52:18+01:00" filename="knowledgebase-article.xq" mimetype="application/xquery" blob-id="eca3594665ae844d9a7f1984b8362b801d09b70bfb1efeb98dae783c64f30199">
        <acl entries="0" version="1"/>
    </resource>
    <resource type="BinaryResource" name="knowledgebase.xq" owner="admin" group="reading-room" mode="755" created="2023-06-06T14:19:25+02:00" modified="2023-10-05T12:32:23+02:00" filename="knowledgebase.xq" mimetype="application/xquery" blob-id="c87ba9773b97b5194d34516410400bd6ec9ece3145b61ac4bd86415177302a28">
        <acl entries="0" version="1"/>
    </resource>
    <resource type="BinaryResource" name="downloads.xq" owner="admin" group="reading-room" mode="755" created="2019-08-20T09:36:11+02:00" modified="2023-07-05T13:21:21+02:00" filename="downloads.xq" mimetype="application/xquery" blob-id="70b64826f220bee708967af484d5812229b2eb75c22af86e071e97337c257ba9">
        <acl entries="0" version="1"/>
    </resource>
    <resource type="BinaryResource" name="source.xq" owner="admin" group="reading-room" mode="755" created="2019-08-20T09:36:11+02:00" modified="2024-04-02T12:52:03+02:00" filename="source.xq" mimetype="application/xquery" blob-id="2fbafa9d96692fd9fe108a465f3ce7f07002f97f2643414e657440e14c8052c3">
        <acl entries="0" version="1"/>
    </resource>
    <resource type="BinaryResource" name="glossary.xq" owner="admin" group="reading-room" mode="755" created="2021-05-03T16:05:39+02:00" modified="2024-04-08T14:45:48+02:00" filename="glossary.xq" mimetype="application/xquery" blob-id="6b1fc689ed332a448255a942bc09dbb93691be5c9405b3c5c4bd031415dbd53b">
        <acl entries="0" version="1"/>
    </resource>
    <resource type="BinaryResource" name="passage.xq" owner="admin" group="reading-room" mode="755" created="2022-07-15T10:14:02+02:00" modified="2024-03-07T10:42:09+01:00" filename="passage.xq" mimetype="application/xquery" blob-id="d2c049c8064eae8856a614677eac2a554f1784c21bbc7c2753b491bf391cc2fd">
        <acl entries="0" version="1"/>
    </resource>
    <resource type="BinaryResource" name="auth.xq" owner="admin" group="reading-room" mode="750" created="2019-08-20T09:36:11+02:00" modified="2021-07-29T15:24:50+02:00" filename="auth.xq" mimetype="application/xquery" blob-id="bb19a53df378702165bb205da7f28881fff157968ac6e6cde675781469d6f32c">
        <acl entries="0" version="1"/>
    </resource>
    <resource type="BinaryResource" name="search.xq" owner="admin" group="reading-room" mode="755" created="2019-08-20T09:36:11+02:00" modified="2024-04-10T09:56:12+02:00" filename="search.xq" mimetype="application/xquery" blob-id="f36d9b036a6a0b7a0fb12d8c27311a09d77de0f8621ecfe229a904be4eb50efc">
        <acl entries="0" version="1"/>
    </resource>
    <resource type="BinaryResource" name="section.xq" owner="admin" group="reading-room" mode="755" created="2019-08-20T09:36:11+02:00" modified="2023-08-23T10:08:02+02:00" filename="section.xq" mimetype="application/xquery" blob-id="4a2cc2634a29bb2a719a517d0ba05bd06a52594f596f3cc811f6030469051fa9">
        <acl entries="0" version="1"/>
    </resource>
    <resource type="BinaryResource" name="glossary-download.xq" owner="admin" group="reading-room" mode="755" created="2022-03-14T11:44:00+01:00" modified="2023-07-27T12:31:17+02:00" filename="glossary-download.xq" mimetype="application/xquery" blob-id="6d25e6f7d36e3fbef3230bd5563ce8c1c91db9209bd7cba21055d81dad4816cf">
        <acl entries="0" version="1"/>
    </resource>
    <resource type="BinaryResource" name="apple-app-site-association.xq" owner="admin" group="reading-room" mode="755" created="2021-11-18T16:15:22+01:00" modified="2023-07-27T14:25:10+02:00" filename="apple-app-site-association.xq" mimetype="application/xquery" blob-id="38e73daa8f489cf09da7fccce323fc28758b28e3f57afcb438da6a48a1358577">
        <acl entries="0" version="1"/>
    </resource>
    <resource type="BinaryResource" name="glossary-entry.xq" owner="admin" group="reading-room" mode="755" created="2022-06-07T13:35:55+02:00" modified="2023-07-03T13:59:18+02:00" filename="glossary-entry.xq" mimetype="application/xquery" blob-id="79240f9c60c31e52f82cf698cb256f801df4555daa2f8125fc053e147271415f">
        <acl entries="0" version="1"/>
    </resource>
    <subcollection name="widget" filename="widget"/>
    <subcollection name="about" filename="about"/>
</collection>