<collection xmlns="http://exist.sourceforge.net/NS/exist" name="/db/apps/84000-utilities" owner="admin" group="utilities" mode="755" created="2019-08-13T14:31:23+02:00" deduplicate-blobs="false" version="2">
    <acl entries="0" version="1"/>
    <resource type="XMLResource" name="repo.xml" owner="admin" group="utilities" mode="644" created="2019-08-13T14:31:38+02:00" modified="2019-10-02T10:18:29+02:00" filename="repo.xml" mimetype="application/xml">
        <acl entries="0" version="1"/>
    </resource>
    <resource type="XMLResource" name="expath-pkg.xml" owner="admin" group="utilities" mode="644" created="2019-08-13T14:31:23+02:00" modified="2021-02-08T15:36:49+01:00" filename="expath-pkg.xml" mimetype="application/xml">
        <acl entries="0" version="1"/>
    </resource>
    <resource type="BinaryResource" name="README.md" owner="admin" group="utilities" mode="644" created="2019-08-13T14:31:23+02:00" modified="2019-08-13T14:31:23+02:00" filename="README.md" mimetype="text/markdown" blob-id="89e268d8531d31892a44869d0c48c8c4584f752f13b5d93ea6683110332c79be">
        <acl entries="0" version="1"/>
    </resource>
    <resource type="BinaryResource" name="controller.xql" owner="admin" group="utilities" mode="755" created="2019-08-13T14:31:23+02:00" modified="2019-08-13T14:31:23+02:00" filename="controller.xql" mimetype="application/xquery" blob-id="1eb40e1794e0cfce937f72d96694bc496dd514eb2f1609d1132bd0b1041b3d08">
        <acl entries="0" version="1"/>
    </resource>
    <resource type="BinaryResource" name="pre-install.xql" owner="admin" group="utilities" mode="755" created="2019-08-13T14:31:23+02:00" modified="2019-10-01T13:27:33+02:00" filename="pre-install.xql" mimetype="application/xquery" blob-id="6e176a479911b11b27a4226b7c9b17c64592a69d714cd7f06709f78a8f55812b">
        <acl entries="0" version="1"/>
    </resource>
    <resource type="BinaryResource" name="post-install.xql" owner="admin" group="utilities" mode="755" created="2019-08-13T14:31:23+02:00" modified="2019-08-13T14:41:26+02:00" filename="post-install.xql" mimetype="application/xquery" blob-id="3cdd989cebd08137675a86494b563d0f3bd2c1a973ecd42a01433f67be39d19e">
        <acl entries="0" version="1"/>
    </resource>
    <subcollection name="scripts" filename="scripts"/>
    <subcollection name="views" filename="views"/>
    <subcollection name="modules" filename="modules"/>
    <subcollection name="models" filename="models"/>
</collection>