<collection xmlns="http://exist.sourceforge.net/NS/exist" name="/db/apps/84000-utilities" owner="admin" group="dba" mode="755" created="2018-10-28T10:47:17+01:00" deduplicate-blobs="false" version="2">
    <acl entries="0" version="1"/>
    <resource type="XMLResource" name="expath-pkg.xml" owner="admin" group="dba" mode="644" created="2018-05-17T10:31:34+02:00" modified="2019-07-04T21:54:10+02:00" filename="expath-pkg.xml" mimetype="application/xml">
        <acl entries="0" version="1"/>
    </resource>
    <resource type="BinaryResource" name="README.md" owner="admin" group="dba" mode="644" created="2018-08-03T12:19:40+02:00" modified="2018-08-03T12:22:13+02:00" filename="README.md" mimetype="text/markdown" blob-id="e61bf10ecfabef6d802ea7f38c7b8acab03e5a658f425a9cc9a9f7b1084f4c8c">
        <acl entries="0" version="1"/>
    </resource>
    <resource type="BinaryResource" name="pre-install.xql" owner="admin" group="dba" mode="644" created="2018-05-17T10:31:34+02:00" modified="2018-05-17T10:31:34+02:00" filename="pre-install.xql" mimetype="application/xquery" blob-id="607a1dc453e4ab1eb2d10cc1cb9236744218a7841ccbeb68067cdfbba83dad8f">
        <acl entries="0" version="1"/>
    </resource>
    <resource type="BinaryResource" name="controller.xql" owner="admin" group="dba" mode="755" created="2018-05-17T10:31:34+02:00" modified="2019-07-04T14:37:59+02:00" filename="controller.xql" mimetype="application/xquery" blob-id="1eb40e1794e0cfce937f72d96694bc496dd514eb2f1609d1132bd0b1041b3d08">
        <acl entries="0" version="1"/>
    </resource>
    <resource type="XMLResource" name="repo.xml" owner="admin" group="dba" mode="644" created="2018-05-17T10:31:34+02:00" modified="2018-05-17T10:33:01+02:00" filename="repo.xml" mimetype="application/xml">
        <acl entries="0" version="1"/>
    </resource>
    <subcollection name="views" filename="views"/>
    <subcollection name="scripts" filename="scripts"/>
    <subcollection name="modules" filename="modules"/>
    <subcollection name="models" filename="models"/>
</collection>