<collection xmlns="http://exist.sourceforge.net/NS/exist" name="/db/apps/84000-utilities" owner="admin" group="dba" mode="755" created="2018-10-28T10:47:17+01:00" version="1">
    <acl entries="0" version="1"/>
    <resource type="BinaryResource" name="README.md" owner="admin" group="dba" mode="644" created="2018-08-03T12:19:40+02:00" modified="2018-08-03T12:22:13+02:00" filename="README.md" mimetype="text/markdown">
        <acl entries="0" version="1"/>
    </resource>
    <resource type="BinaryResource" name="controller.xql" owner="admin" group="dba" mode="755" created="2018-05-17T10:31:34+02:00" modified="2018-09-28T12:15:44+02:00" filename="controller.xql" mimetype="application/xquery">
        <acl entries="0" version="1"/>
    </resource>
    <resource type="XMLResource" name="repo.xml" owner="admin" group="dba" mode="644" created="2018-05-17T10:31:34+02:00" modified="2018-05-17T10:33:01+02:00" filename="repo.xml" mimetype="application/xml">
        <acl entries="0" version="1"/>
    </resource>
    <resource type="BinaryResource" name="pre-install.xql" owner="admin" group="dba" mode="644" created="2018-05-17T10:31:34+02:00" modified="2018-05-17T10:31:34+02:00" filename="pre-install.xql" mimetype="application/xquery">
        <acl entries="0" version="1"/>
    </resource>
    <resource type="XMLResource" name="expath-pkg.xml" owner="admin" group="dba" mode="644" created="2018-05-17T10:31:34+02:00" modified="2018-12-12T13:03:57+01:00" filename="expath-pkg.xml" mimetype="application/xml">
        <acl entries="0" version="1"/>
    </resource>
    <subcollection name="modules" filename="modules"/>
    <subcollection name="views" filename="views"/>
    <subcollection name="models" filename="models"/>
</collection>