<collection xmlns="http://exist.sourceforge.net/NS/exist" name="/db/apps/84000-utilities" owner="admin" group="utilities" mode="755" created="2019-08-13T14:31:23+02:00" deduplicate-blobs="false" version="2">
    <acl entries="0" version="1"/>
    <resource type="XMLResource" name="repo.xml" owner="admin" group="utilities" mode="644" created="2019-08-13T14:31:38+02:00" modified="2022-03-30T11:51:05+02:00" filename="repo.xml" mimetype="application/xml">
        <acl entries="0" version="1"/>
    </resource>
    <resource type="XMLResource" name="expath-pkg.xml" owner="admin" group="utilities" mode="644" created="2019-08-13T14:31:23+02:00" modified="2022-05-16T11:03:13+02:00" filename="expath-pkg.xml" mimetype="application/xml">
        <acl entries="0" version="1"/>
    </resource>
    <resource type="BinaryResource" name="controller.xql" owner="admin" group="utilities" mode="755" created="2019-08-13T14:31:23+02:00" modified="2022-03-29T11:21:20+02:00" filename="controller.xql" mimetype="application/xquery" blob-id="2fe60e95ac69f9d88ca5b87c3c5a7d044e7bd5fe6b9aeee887cd37a4f12e11e6">
        <acl entries="0" version="1"/>
    </resource>
    <resource type="BinaryResource" name="pre-install.xql" owner="admin" group="utilities" mode="700" created="2019-08-13T14:31:23+02:00" modified="2022-03-30T11:50:45+02:00" filename="pre-install.xql" mimetype="application/xquery" blob-id="4976a0ebcc465fc90d5ff25f0fa55cee17bc61e5dc0050fd5ebaa31835b88686">
        <acl entries="0" version="1"/>
    </resource>
    <resource type="BinaryResource" name="README.md" owner="admin" group="utilities" mode="644" created="2019-08-13T14:31:23+02:00" modified="2021-07-29T15:27:33+02:00" filename="README.md" mimetype="text/markdown" blob-id="89e268d8531d31892a44869d0c48c8c4584f752f13b5d93ea6683110332c79be">
        <acl entries="0" version="1"/>
    </resource>
    <resource type="BinaryResource" name="post-install.xql" owner="admin" group="utilities" mode="700" created="2019-08-13T14:31:23+02:00" modified="2021-07-29T15:27:33+02:00" filename="post-install.xql" mimetype="application/xquery" blob-id="3cdd989cebd08137675a86494b563d0f3bd2c1a973ecd42a01433f67be39d19e">
        <acl entries="0" version="1"/>
    </resource>
    <subcollection name="scripts" filename="scripts"/>
    <subcollection name="views" filename="views"/>
    <subcollection name="modules" filename="modules"/>
    <subcollection name="models" filename="models"/>
</collection>