<meta xmlns="http://exist-db.org/xquery/repo">
    <description>84000 Utilities</description>
    <author>84000 Translating the words of the Buddha</author>
    <website>http://84000.co</website>
    <status>stable</status>
    <license>GNU-LGPL</license>
    <copyright>true</copyright>
    <type>application</type>
    <target>84000-utilities</target>
    <!--<prepare>pre-install.xql</prepare>-->
    <finish>post-install.xql</finish>
    <permissions user="admin" group="utilities" mode="rw-r--r--"/>
    <deployed>2019-08-13T14:31:38.452+02:00</deployed>
</meta>