<collection xmlns="http://exist.sourceforge.net/NS/exist" name="/db/apps/84000-operations/models" owner="admin" group="operations" mode="755" created="2019-08-13T21:12:25+02:00" deduplicate-blobs="false" version="2">
    <acl entries="0" version="1"/>
    <resource type="BinaryResource" name="edit-text-sponsors.xq" owner="admin" group="operations" mode="750" created="2019-08-13T21:12:31+02:00" modified="2019-08-26T16:59:25+02:00" filename="edit-text-sponsors.xq" mimetype="application/xquery" blob-id="1c7ecf792f381fb40c0b18337aca60c8a16eb1a9c874972e993ead1fbdf081b6">
        <acl entries="0" version="1"/>
    </resource>
    <resource type="BinaryResource" name="translator-institutions.xq" owner="admin" group="operations" mode="750" created="2019-08-13T21:12:34+02:00" modified="2019-08-13T21:12:34+02:00" filename="translator-institutions.xq" mimetype="application/xquery" blob-id="72c682e1b436f0eb9a684884ef4dc7cd0451dfcd754669e5514aad04917589f0">
        <acl entries="0" version="1"/>
    </resource>
    <resource type="BinaryResource" name="edit-text-submission.xq" owner="admin" group="operations" mode="4750" created="2019-08-13T21:12:30+02:00" modified="2019-08-15T17:39:10+02:00" filename="edit-text-submission.xq" mimetype="application/xquery" blob-id="55e90f7e830332181538507acbe3a39c169f5a0594442ee87363d070db6a1672">
        <acl entries="0" version="1"/>
    </resource>
    <resource type="BinaryResource" name="search.xq" owner="admin" group="operations" mode="750" created="2019-08-13T21:12:29+02:00" modified="2019-08-13T21:12:29+02:00" filename="search.xq" mimetype="application/xquery" blob-id="806a91ea7371b7bf0f7393cc822757b04bc4198dc9a57976034bec49b01e0358">
        <acl entries="0" version="1"/>
    </resource>
    <resource type="BinaryResource" name="translator-teams.xq" owner="admin" group="operations" mode="750" created="2019-08-13T21:12:32+02:00" modified="2019-08-13T21:12:32+02:00" filename="translator-teams.xq" mimetype="application/xquery" blob-id="5277b5442a2f24188bde3c8e24e2437cff63054bbab208fb5f1408cfd25e1e06">
        <acl entries="0" version="1"/>
    </resource>
    <resource type="BinaryResource" name="edit-translator-institution.xq" owner="admin" group="operations" mode="750" created="2019-08-13T21:12:25+02:00" modified="2019-08-13T21:12:25+02:00" filename="edit-translator-institution.xq" mimetype="application/xquery" blob-id="73e59523c5c94c472404cb25cb2a3887c6c603e46e3f3717aa5698b4feedeeda">
        <acl entries="0" version="1"/>
    </resource>
    <resource type="BinaryResource" name="index.xq" owner="admin" group="operations" mode="750" created="2019-08-13T21:12:27+02:00" modified="2019-08-13T21:12:27+02:00" filename="index.xq" mimetype="application/xquery" blob-id="1caa40041f773fffc02999965f4b021e54a42264665cf4538ad70cdf7835dbb3">
        <acl entries="0" version="1"/>
    </resource>
    <resource type="BinaryResource" name="edit-sponsor.xq" owner="admin" group="operations" mode="750" created="2019-08-13T21:12:36+02:00" modified="2019-08-13T21:12:36+02:00" filename="edit-sponsor.xq" mimetype="application/xquery" blob-id="5e28dc736256d50d168ce38108dcd4c56448fdf6eae30c3a8f953439f4b0903f">
        <acl entries="0" version="1"/>
    </resource>
    <resource type="BinaryResource" name="edit-text-header.xq" owner="admin" group="operations" mode="4750" created="2019-08-13T21:12:35+02:00" modified="2019-08-15T17:38:50+02:00" filename="edit-text-header.xq" mimetype="application/xquery" blob-id="3d39def9bba97265ac3ea5909bb1faea1b622b72e1deb306166f45ba70088c51">
        <acl entries="0" version="1"/>
    </resource>
    <resource type="BinaryResource" name="edit-translator.xq" owner="admin" group="operations" mode="750" created="2019-08-13T21:12:26+02:00" modified="2019-08-13T21:12:26+02:00" filename="edit-translator.xq" mimetype="application/xquery" blob-id="ab6c02a465e0d719c3a129f0c0f7b7f093ba9e09ad811f30164f07f1edf301a0">
        <acl entries="0" version="1"/>
    </resource>
    <resource type="BinaryResource" name="translators.xq" owner="admin" group="operations" mode="750" created="2019-08-13T21:12:33+02:00" modified="2019-08-13T21:12:33+02:00" filename="translators.xq" mimetype="application/xquery" blob-id="fe2500cbd05abe8be609050e80c212c241993e16fee43565d26d1277d9a576c5">
        <acl entries="0" version="1"/>
    </resource>
    <resource type="BinaryResource" name="edit-translator-team.xq" owner="admin" group="operations" mode="750" created="2019-08-13T21:12:28+02:00" modified="2019-08-13T21:12:28+02:00" filename="edit-translator-team.xq" mimetype="application/xquery" blob-id="d5fe2a13e04b518283a63ae6d5b13ba864901195a5de11bf966b0af4cd236aca">
        <acl entries="0" version="1"/>
    </resource>
    <resource type="BinaryResource" name="sponsors.xq" owner="admin" group="operations" mode="750" created="2019-08-13T21:12:25+02:00" modified="2019-08-26T16:56:10+02:00" filename="sponsors.xq" mimetype="application/xquery" blob-id="013e6c1dc08fcb387d70c108f339a4292ed39744407ddca73c23989718682358">
        <acl entries="0" version="1"/>
    </resource>
</collection>