<collection xmlns="http://exist.sourceforge.net/NS/exist" name="/db/apps/84000-operations/models" owner="admin" group="operations" mode="755" created="2019-08-13T15:12:25+02:00" deduplicate-blobs="false" version="2">
    <acl entries="0" version="1"/>
    <resource type="BinaryResource" name="sys-config.xq" owner="admin" group="operations" mode="750" created="2020-06-08T11:55:34+02:00" modified="2021-07-02T19:42:25+02:00" filename="sys-config.xq" mimetype="application/xquery" blob-id="636e56a81c2e52dd03d3079a71a4e9bb4a7460de2bec9fb6856f0e4bbc687a00">
        <acl entries="0" version="1"/>
    </resource>
    <resource type="BinaryResource" name="sponsors.xq" owner="admin" group="operations" mode="750" created="2019-08-13T15:12:25+02:00" modified="2021-07-02T19:42:09+02:00" filename="sponsors.xq" mimetype="application/xquery" blob-id="104888ae5328dfedeb6a773da3534ea252025a382b8a655ef6adb1b51b32ac9f">
        <acl entries="0" version="1"/>
    </resource>
    <resource type="BinaryResource" name="edit-translator-team.xq" owner="admin" group="operations" mode="750" created="2019-08-13T15:12:28+02:00" modified="2021-07-02T19:40:38+02:00" filename="edit-translator-team.xq" mimetype="application/xquery" blob-id="0d419002b381c47b73da365f0bacdf494f716f34fe33bfa38cd80b3577e1a314">
        <acl entries="0" version="1"/>
    </resource>
    <resource type="BinaryResource" name="section-texts.xq" owner="admin" group="operations" mode="750" created="2020-12-11T17:05:48+01:00" modified="2021-07-02T19:41:39+02:00" filename="section-texts.xq" mimetype="application/xquery" blob-id="79c77e787583017a9d0bba147c475029a5a028978c5be0d1ad7117bb9ec7d18e">
        <acl entries="0" version="1"/>
    </resource>
    <resource type="BinaryResource" name="edit-sponsor.xq" owner="admin" group="operations" mode="750" created="2019-08-13T15:12:36+02:00" modified="2021-07-02T19:38:42+02:00" filename="edit-sponsor.xq" mimetype="application/xquery" blob-id="db0963f135e595bec80c7aa2bb7ae880d12abe46070a16895a8b6f39fbf71da8">
        <acl entries="0" version="1"/>
    </resource>
    <resource type="BinaryResource" name="edit-text-submission.xq" owner="admin" group="operations" mode="4750" created="2019-08-13T15:12:30+02:00" modified="2023-05-26T18:32:34+02:00" filename="edit-text-submission.xq" mimetype="application/xquery" blob-id="d586d761c8d6c02cd9ee3acad61397fb6e723a97029ad135eb1ba263e7878a62">
        <acl entries="0" version="1"/>
    </resource>
    <resource type="BinaryResource" name="search.xq" owner="admin" group="operations" mode="750" created="2019-08-13T15:12:29+02:00" modified="2023-09-29T16:33:03+02:00" filename="search.xq" mimetype="application/xquery" blob-id="7b55146ba3c7fc1865b010593f8d48bc2ed1951ad7b8c67614da37cad22c957f">
        <acl entries="0" version="1"/>
    </resource>
    <resource type="BinaryResource" name="translators.xq" owner="admin" group="operations" mode="750" created="2019-08-13T15:12:33+02:00" modified="2023-07-11T12:35:01+02:00" filename="translators.xq" mimetype="application/xquery" blob-id="51483e24506af3a6db54e7b2b2f51a8cb0e0e4b3ccd9f1345a6ec9108c294a6f">
        <acl entries="0" version="1"/>
    </resource>
    <resource type="BinaryResource" name="edit-translator.xq" owner="admin" group="operations" mode="750" created="2019-08-13T15:12:26+02:00" modified="2023-07-11T12:36:16+02:00" filename="edit-translator.xq" mimetype="application/xquery" blob-id="7544c0dc81535de63368b69503b8880bd41b5065e9a470f3979d3c590cb97be5">
        <acl entries="0" version="1"/>
    </resource>
    <resource type="BinaryResource" name="edit-glossary.xq" owner="admin" group="operations" mode="4750" created="2020-02-24T15:52:51+01:00" modified="2024-01-24T10:57:54+01:00" filename="edit-glossary.xq" mimetype="application/xquery" blob-id="27569d4d4c9aa10f23a3656d4734b323993c2f3134787bbb2ac8a4517c1be4b7">
        <acl entries="0" version="1"/>
    </resource>
    <resource type="BinaryResource" name="annotation-tei.xq" owner="admin" group="operations" mode="4750" created="2021-11-18T08:15:24+01:00" modified="2024-01-24T11:04:04+01:00" filename="annotation-tei.xq" mimetype="application/xquery" blob-id="0854bb60e013a45c665c6382449fb6311b4ce89be47ce36bff84badb86c47bfa">
        <acl entries="0" version="1"/>
    </resource>
    <resource type="BinaryResource" name="edit-quotes.xq" owner="admin" group="operations" mode="750" created="2022-11-25T10:35:26+01:00" modified="2024-01-24T11:04:53+01:00" filename="edit-quotes.xq" mimetype="application/xquery" blob-id="5afff4701ae250a8abc1f27793ffd2f21fecd27db0f1ce60bcbfc39f4c64a57e">
        <acl entries="0" version="1"/>
    </resource>
    <resource type="BinaryResource" name="edit-text-header.xq" owner="admin" group="operations" mode="4750" created="2019-08-13T15:12:35+02:00" modified="2024-01-24T11:05:10+01:00" filename="edit-text-header.xq" mimetype="application/xquery" blob-id="7c876dd2b066e8150d04acffcdfe35325c8a98351d34f6f9f3017be94fb6ab9c">
        <acl entries="0" version="1"/>
    </resource>
    <resource type="BinaryResource" name="edit-text-sponsors.xq" owner="admin" group="operations" mode="4750" created="2019-08-13T15:12:31+02:00" modified="2024-01-24T11:05:58+01:00" filename="edit-text-sponsors.xq" mimetype="application/xquery" blob-id="4cabadebc74b39f96327ac11fb159963311c7ce404be7bcb2668dfcc824f2470">
        <acl entries="0" version="1"/>
    </resource>
    <resource type="BinaryResource" name="edit-tm.xq" owner="admin" group="operations" mode="4750" created="2022-05-04T16:21:54+02:00" modified="2024-01-24T11:06:09+01:00" filename="edit-tm.xq" mimetype="application/xquery" blob-id="6ad89ec235aa032ae51d579253c8da582c02e3a738a492ea85fe47aaffb3594d">
        <acl entries="0" version="1"/>
    </resource>
    <resource type="BinaryResource" name="source-utils.xq" owner="admin" group="operations" mode="750" created="2023-09-14T15:39:57+02:00" modified="2024-01-24T11:07:09+01:00" filename="source-utils.xq" mimetype="application/xquery" blob-id="3d2fef50862eb50b5ce0de37454b4d593d43d0d6b773c1b09d1fd484b17db0b8">
        <acl entries="0" version="1"/>
    </resource>
    <resource type="BinaryResource" name="translator-teams.xq" owner="admin" group="operations" mode="750" created="2019-08-13T15:12:32+02:00" modified="2023-07-11T13:59:29+02:00" filename="translator-teams.xq" mimetype="application/xquery" blob-id="9ab5635b385ac9b372a869d96009ca438b189774de2163f3ec32725a6720efde">
        <acl entries="0" version="1"/>
    </resource>
    <resource type="BinaryResource" name="edit-translator-institution.xq" owner="admin" group="operations" mode="750" created="2019-08-13T15:12:25+02:00" modified="2023-07-11T14:28:55+02:00" filename="edit-translator-institution.xq" mimetype="application/xquery" blob-id="c3ee68c830dafa86561455123c49c1ea1edb521b721496e2e3b66c745f76ffa1">
        <acl entries="0" version="1"/>
    </resource>
    <resource type="BinaryResource" name="translator-institutions.xq" owner="admin" group="operations" mode="750" created="2019-08-13T15:12:34+02:00" modified="2023-07-11T14:29:13+02:00" filename="translator-institutions.xq" mimetype="application/xquery" blob-id="fe0b25396b944339b00b931c7c5c6d10a44a706aedb628edfe3b93786ee0108a">
        <acl entries="0" version="1"/>
    </resource>
    <resource type="BinaryResource" name="sections.xq" owner="admin" group="operations" mode="750" created="2019-12-10T12:34:20+01:00" modified="2023-07-06T09:51:54+02:00" filename="sections.xq" mimetype="application/xquery" blob-id="af515a381b42daf1e2220eab7317bf13d588299732c878b2c15fffd13e490721">
        <acl entries="0" version="1"/>
    </resource>
    <resource type="BinaryResource" name="index.xq" owner="admin" group="operations" mode="750" created="2019-08-13T15:12:27+02:00" modified="2023-07-06T09:52:29+02:00" filename="index.xq" mimetype="application/xquery" blob-id="8ad0d8d854721d8c5eb51d78cd71095096a99be1c45170cfe98d78cc7d0c67de">
        <acl entries="0" version="1"/>
    </resource>
    <resource type="BinaryResource" name="knowledgebase.xq" owner="admin" group="operations" mode="750" created="2021-05-21T18:01:01+02:00" modified="2024-01-26T11:36:56+01:00" filename="knowledgebase.xq" mimetype="application/xquery" blob-id="5acec954b6535761298cb09854e6d283dae2286f128362b734929d0a3758ff9c">
        <acl entries="0" version="1"/>
    </resource>
    <resource type="BinaryResource" name="edit-kb-header.xq" owner="admin" group="operations" mode="750" created="2021-05-21T16:12:21+02:00" modified="2023-07-13T10:22:58+02:00" filename="edit-kb-header.xq" mimetype="application/xquery" blob-id="f12b185a3d0e1ea847d78262475bb5350b597e48a8bab515d06450ab1938e33d">
        <acl entries="0" version="1"/>
    </resource>
    <resource type="BinaryResource" name="recent-updates.xq" owner="admin" group="operations" mode="750" created="2023-07-13T12:22:27+02:00" modified="2023-07-13T12:42:10+02:00" filename="recent-updates.xq" mimetype="application/xquery" blob-id="f3081105cf64b0bc9598b0901373b0b9b879bd52c4085ec62d88b828696844bd">
        <acl entries="0" version="1"/>
    </resource>
    <resource type="BinaryResource" name="create-article.xq" owner="admin" group="operations" mode="750" created="2023-06-21T17:27:58+02:00" modified="2023-09-14T16:09:59+02:00" filename="create-article.xq" mimetype="application/xquery" blob-id="d9ebb4501b28665925022d350494288d51f7eaa2a612c26d159cbe09fa87f71e">
        <acl entries="0" version="1"/>
    </resource>
    <resource type="BinaryResource" name="edit-entity.xq" owner="admin" group="operations" mode="750" created="2021-08-25T09:45:49+02:00" modified="2023-07-14T13:27:39+02:00" filename="edit-entity.xq" mimetype="application/xquery" blob-id="5c75ada3d96f0e9471e5bf5901a90cb3fadd0709f2adbcc6180922053dfedbae">
        <acl entries="0" version="1"/>
    </resource>
    <resource type="BinaryResource" name="tei-editor.xq" owner="admin" group="operations" mode="750" created="2021-05-21T09:20:35+02:00" modified="2023-07-14T13:28:28+02:00" filename="tei-editor.xq" mimetype="application/xquery" blob-id="d955dd5a9be4b74cb00e07afdd3de9ba55a789e0b464b02cdb5a7fe140270f89">
        <acl entries="0" version="1"/>
    </resource>
</collection>