<collection xmlns="http://exist.sourceforge.net/NS/exist" name="/db/apps/84000-operations/models" owner="admin" group="operations" mode="755" created="2019-08-13T14:12:25+01:00" deduplicate-blobs="false" version="2">
    <acl entries="0" version="1"/>
    <resource type="BinaryResource" name="edit-translator-team.xq" owner="admin" group="operations" mode="750" created="2019-08-13T14:12:28+01:00" modified="2019-12-20T12:11:04Z" filename="edit-translator-team.xq" mimetype="application/xquery" blob-id="328ec756e0106b70af20360e3c7804a1542326cdd20d10e5cb99084555146254">
        <acl entries="0" version="1"/>
    </resource>
    <resource type="BinaryResource" name="section-texts.xq" owner="admin" group="operations" mode="750" created="2020-12-11T16:05:48Z" modified="2020-12-11T16:06:38Z" filename="section-texts.xq" mimetype="application/xquery" blob-id="19683cb211fac6a1ff822d5bfde3dd76757fb95e46f08cd52a5ce4199d9b3cb5">
        <acl entries="0" version="1"/>
    </resource>
    <resource type="BinaryResource" name="search.xq" owner="admin" group="operations" mode="750" created="2019-08-13T14:12:29+01:00" modified="2020-05-25T14:27:57+01:00" filename="search.xq" mimetype="application/xquery" blob-id="e044eda5c7fec1d8481df17c2de39c662356545fa95589bea09fba9e4ddee2f7">
        <acl entries="0" version="1"/>
    </resource>
    <resource type="BinaryResource" name="edit-text-header.xq" owner="admin" group="operations" mode="4750" created="2019-08-13T14:12:35+01:00" modified="2021-03-12T10:42:15Z" filename="edit-text-header.xq" mimetype="application/xquery" blob-id="79f083c4526bf4450894249976ab5c82cef30691050f403c03f46a831536b53a">
        <acl entries="0" version="1"/>
    </resource>
    <resource type="BinaryResource" name="glossary.xq" owner="admin" group="operations" mode="750" created="2020-02-24T14:52:51Z" modified="2021-05-02T15:36:25+01:00" filename="glossary.xq" mimetype="application/xquery" blob-id="f49570ef8815c93d4faec7440638b02165e66adbb8af16733c6afb84fca1021c">
        <acl entries="0" version="1"/>
    </resource>
    <resource type="BinaryResource" name="edit-translator-institution.xq" owner="admin" group="operations" mode="750" created="2019-08-13T14:12:25+01:00" modified="2019-12-20T12:10:29Z" filename="edit-translator-institution.xq" mimetype="application/xquery" blob-id="38ce8e901bce48d66b19c4fe135ed18aa155a0812586a3e3b584707d534b55c8">
        <acl entries="0" version="1"/>
    </resource>
    <resource type="BinaryResource" name="index.xq" owner="admin" group="operations" mode="750" created="2019-08-13T14:12:27+01:00" modified="2019-09-10T11:14:53+01:00" filename="index.xq" mimetype="application/xquery" blob-id="4e4fec8e6ce8c4bf93edf8344876c13bea90c847a6db824bd27d3ffb7437d572">
        <acl entries="0" version="1"/>
    </resource>
    <resource type="BinaryResource" name="translator-institutions.xq" owner="admin" group="operations" mode="750" created="2019-08-13T14:12:34+01:00" modified="2021-03-05T13:35:24Z" filename="translator-institutions.xq" mimetype="application/xquery" blob-id="9321dc852d3ab450c5c38866444dc3ecc1acce1a5a743f3b5bc2d3de4e46e8e5">
        <acl entries="0" version="1"/>
    </resource>
    <resource type="BinaryResource" name="translators.xq" owner="admin" group="operations" mode="750" created="2019-08-13T14:12:33+01:00" modified="2020-08-13T10:43:21+01:00" filename="translators.xq" mimetype="application/xquery" blob-id="8b3b38f177778c4e13d4dc40583992fbdf74512e7789fd23ebfebd7fe6df5036">
        <acl entries="0" version="1"/>
    </resource>
    <resource type="BinaryResource" name="edit-text-sponsors.xq" owner="admin" group="operations" mode="750" created="2019-08-13T14:12:31+01:00" modified="2020-08-31T10:20:25+01:00" filename="edit-text-sponsors.xq" mimetype="application/xquery" blob-id="95fb19f31ff8f15f582a411961c7d0fc5d7cee83674105e2ca885c8493590d18">
        <acl entries="0" version="1"/>
    </resource>
    <resource type="BinaryResource" name="edit-sponsor.xq" owner="admin" group="operations" mode="750" created="2019-08-13T14:12:36+01:00" modified="2019-12-20T12:09:52Z" filename="edit-sponsor.xq" mimetype="application/xquery" blob-id="ac532afab8133005f3b66a6d2d11bdc72c026676282c5201fb371c377d09a80d">
        <acl entries="0" version="1"/>
    </resource>
    <resource type="BinaryResource" name="translator-teams.xq" owner="admin" group="operations" mode="750" created="2019-08-13T14:12:32+01:00" modified="2019-09-10T13:04:25+01:00" filename="translator-teams.xq" mimetype="application/xquery" blob-id="26bc5ac275973bdbee207c4c74ac6a743cd79d3ffc7f410a53af8e627c48fb9c">
        <acl entries="0" version="1"/>
    </resource>
    <resource type="BinaryResource" name="edit-text-submission.xq" owner="admin" group="operations" mode="4750" created="2019-08-13T14:12:30+01:00" modified="2020-06-03T18:24:53+01:00" filename="edit-text-submission.xq" mimetype="application/xquery" blob-id="9005160f7a93fafba90c5326bf0bd9716224261164cedaf65da40ef668486839">
        <acl entries="0" version="1"/>
    </resource>
    <resource type="BinaryResource" name="sections.xq" owner="admin" group="operations" mode="750" created="2019-12-10T11:34:20Z" modified="2020-12-11T15:16:56Z" filename="sections.xq" mimetype="application/xquery" blob-id="0428495a461468aff745788c78a2b166f5f1ce74808eb827b84ec6c6f5b711c4">
        <acl entries="0" version="1"/>
    </resource>
    <resource type="BinaryResource" name="sponsors.xq" owner="admin" group="operations" mode="750" created="2019-08-13T14:12:25+01:00" modified="2019-08-26T09:56:10+01:00" filename="sponsors.xq" mimetype="application/xquery" blob-id="013e6c1dc08fcb387d70c108f339a4292ed39744407ddca73c23989718682358">
        <acl entries="0" version="1"/>
    </resource>
    <resource type="BinaryResource" name="sys-config.xq" owner="admin" group="operations" mode="750" created="2020-06-08T10:55:34+01:00" modified="2020-06-18T10:50:19+01:00" filename="sys-config.xq" mimetype="application/xquery" blob-id="e2b6df895fe8b99bb6df779c5081f7b2a20b00205136a7bba8edd3dc098099e0">
        <acl entries="0" version="1"/>
    </resource>
    <resource type="BinaryResource" name="edit-translator.xq" owner="admin" group="operations" mode="750" created="2019-08-13T14:12:26+01:00" modified="2021-03-11T09:37:19Z" filename="edit-translator.xq" mimetype="application/xquery" blob-id="a1371f885b3ddb3bff173a77da8814eac51adeeed5b55b8726c3ecd882bd8a2c">
        <acl entries="0" version="1"/>
    </resource>
</collection>