<collection xmlns="http://exist.sourceforge.net/NS/exist" name="/db/apps/84000-operations/models" owner="admin" group="operations" mode="755" created="2019-08-13T15:12:25+02:00" deduplicate-blobs="false" version="2">
    <acl entries="0" version="1"/>
    <resource type="BinaryResource" name="edit-text-sponsors.xq" owner="admin" group="operations" mode="750" created="2019-08-13T15:12:31+02:00" modified="2019-08-26T10:59:25+02:00" filename="edit-text-sponsors.xq" mimetype="application/xquery" blob-id="1c7ecf792f381fb40c0b18337aca60c8a16eb1a9c874972e993ead1fbdf081b6">
        <acl entries="0" version="1"/>
    </resource>
    <resource type="BinaryResource" name="edit-text-submission.xq" owner="admin" group="operations" mode="4750" created="2019-08-13T15:12:30+02:00" modified="2019-08-15T11:39:10+02:00" filename="edit-text-submission.xq" mimetype="application/xquery" blob-id="55e90f7e830332181538507acbe3a39c169f5a0594442ee87363d070db6a1672">
        <acl entries="0" version="1"/>
    </resource>
    <resource type="BinaryResource" name="edit-text-header.xq" owner="admin" group="operations" mode="4750" created="2019-08-13T15:12:35+02:00" modified="2019-10-03T17:16:58+02:00" filename="edit-text-header.xq" mimetype="application/xquery" blob-id="063fa66572f7c2f1d05dfd5daeaba582804b350351fbedbfeba7f4fdc217f1ec">
        <acl entries="0" version="1"/>
    </resource>
    <resource type="BinaryResource" name="index.xq" owner="admin" group="operations" mode="750" created="2019-08-13T15:12:27+02:00" modified="2019-09-10T12:14:53+02:00" filename="index.xq" mimetype="application/xquery" blob-id="4e4fec8e6ce8c4bf93edf8344876c13bea90c847a6db824bd27d3ffb7437d572">
        <acl entries="0" version="1"/>
    </resource>
    <resource type="BinaryResource" name="edit-translator-institution.xq" owner="admin" group="operations" mode="750" created="2019-08-13T15:12:25+02:00" modified="2019-08-13T15:12:25+02:00" filename="edit-translator-institution.xq" mimetype="application/xquery" blob-id="73e59523c5c94c472404cb25cb2a3887c6c603e46e3f3717aa5698b4feedeeda">
        <acl entries="0" version="1"/>
    </resource>
    <resource type="BinaryResource" name="edit-sponsor.xq" owner="admin" group="operations" mode="750" created="2019-08-13T15:12:36+02:00" modified="2019-08-13T15:12:36+02:00" filename="edit-sponsor.xq" mimetype="application/xquery" blob-id="5e28dc736256d50d168ce38108dcd4c56448fdf6eae30c3a8f953439f4b0903f">
        <acl entries="0" version="1"/>
    </resource>
    <resource type="BinaryResource" name="edit-translator.xq" owner="admin" group="operations" mode="750" created="2019-08-13T15:12:26+02:00" modified="2019-08-13T15:12:26+02:00" filename="edit-translator.xq" mimetype="application/xquery" blob-id="ab6c02a465e0d719c3a129f0c0f7b7f093ba9e09ad811f30164f07f1edf301a0">
        <acl entries="0" version="1"/>
    </resource>
    <resource type="BinaryResource" name="translators.xq" owner="admin" group="operations" mode="750" created="2019-08-13T15:12:33+02:00" modified="2019-08-13T15:12:33+02:00" filename="translators.xq" mimetype="application/xquery" blob-id="fe2500cbd05abe8be609050e80c212c241993e16fee43565d26d1277d9a576c5">
        <acl entries="0" version="1"/>
    </resource>
    <resource type="BinaryResource" name="edit-translator-team.xq" owner="admin" group="operations" mode="750" created="2019-08-13T15:12:28+02:00" modified="2019-08-13T15:12:28+02:00" filename="edit-translator-team.xq" mimetype="application/xquery" blob-id="d5fe2a13e04b518283a63ae6d5b13ba864901195a5de11bf966b0af4cd236aca">
        <acl entries="0" version="1"/>
    </resource>
    <resource type="BinaryResource" name="translator-teams.xq" owner="admin" group="operations" mode="750" created="2019-08-13T15:12:32+02:00" modified="2019-09-10T14:04:25+02:00" filename="translator-teams.xq" mimetype="application/xquery" blob-id="26bc5ac275973bdbee207c4c74ac6a743cd79d3ffc7f410a53af8e627c48fb9c">
        <acl entries="0" version="1"/>
    </resource>
    <resource type="BinaryResource" name="translator-institutions.xq" owner="admin" group="operations" mode="750" created="2019-08-13T15:12:34+02:00" modified="2019-09-10T14:03:49+02:00" filename="translator-institutions.xq" mimetype="application/xquery" blob-id="6d82e538039c088162d6577a4265cd96f619ddd2b1f01f318b9aa6c555104bc8">
        <acl entries="0" version="1"/>
    </resource>
    <resource type="BinaryResource" name="search.xq" owner="admin" group="operations" mode="750" created="2019-08-13T15:12:29+02:00" modified="2019-09-11T15:45:56+02:00" filename="search.xq" mimetype="application/xquery" blob-id="85f9b98019051c09203e279edec7cd9379f55fcfa76abb6f445492bb1057deb1">
        <acl entries="0" version="1"/>
    </resource>
    <resource type="BinaryResource" name="sponsors.xq" owner="admin" group="operations" mode="750" created="2019-08-13T15:12:25+02:00" modified="2019-08-26T10:56:10+02:00" filename="sponsors.xq" mimetype="application/xquery" blob-id="013e6c1dc08fcb387d70c108f339a4292ed39744407ddca73c23989718682358">
        <acl entries="0" version="1"/>
    </resource>
</collection>