<collection xmlns="http://exist.sourceforge.net/NS/exist" name="/db/apps/84000-operations/models" owner="admin" group="operations" mode="755" created="2019-08-13T15:12:25+02:00" deduplicate-blobs="false" version="2">
    <acl entries="0" version="1"/>
    <resource type="BinaryResource" name="edit-translator-team.xq" owner="admin" group="operations" mode="750" created="2019-08-13T15:12:28+02:00" modified="2019-12-20T13:11:04+01:00" filename="edit-translator-team.xq" mimetype="application/xquery" blob-id="328ec756e0106b70af20360e3c7804a1542326cdd20d10e5cb99084555146254">
        <acl entries="0" version="1"/>
    </resource>
    <resource type="BinaryResource" name="section-texts.xq" owner="admin" group="operations" mode="750" created="2020-12-11T17:05:48+01:00" modified="2020-12-11T17:06:38+01:00" filename="section-texts.xq" mimetype="application/xquery" blob-id="19683cb211fac6a1ff822d5bfde3dd76757fb95e46f08cd52a5ce4199d9b3cb5">
        <acl entries="0" version="1"/>
    </resource>
    <resource type="BinaryResource" name="search.xq" owner="admin" group="operations" mode="750" created="2019-08-13T15:12:29+02:00" modified="2020-05-25T15:27:57+02:00" filename="search.xq" mimetype="application/xquery" blob-id="e044eda5c7fec1d8481df17c2de39c662356545fa95589bea09fba9e4ddee2f7">
        <acl entries="0" version="1"/>
    </resource>
    <resource type="BinaryResource" name="edit-kb-header.xq" owner="admin" group="operations" mode="750" created="2021-05-21T16:12:21+02:00" modified="2021-05-26T17:37:10+02:00" filename="edit-kb-header.xq" mimetype="application/xquery" blob-id="b6772e8eb48c9f3d50ad88ea0c9f9830d2e676e74254ec0ceab3936898ffec94">
        <acl entries="0" version="1"/>
    </resource>
    <resource type="BinaryResource" name="edit-translator-institution.xq" owner="admin" group="operations" mode="750" created="2019-08-13T15:12:25+02:00" modified="2019-12-20T13:10:29+01:00" filename="edit-translator-institution.xq" mimetype="application/xquery" blob-id="38ce8e901bce48d66b19c4fe135ed18aa155a0812586a3e3b584707d534b55c8">
        <acl entries="0" version="1"/>
    </resource>
    <resource type="BinaryResource" name="index.xq" owner="admin" group="operations" mode="750" created="2019-08-13T15:12:27+02:00" modified="2019-09-10T12:14:53+02:00" filename="index.xq" mimetype="application/xquery" blob-id="4e4fec8e6ce8c4bf93edf8344876c13bea90c847a6db824bd27d3ffb7437d572">
        <acl entries="0" version="1"/>
    </resource>
    <resource type="BinaryResource" name="translator-institutions.xq" owner="admin" group="operations" mode="750" created="2019-08-13T15:12:34+02:00" modified="2021-03-05T14:35:24+01:00" filename="translator-institutions.xq" mimetype="application/xquery" blob-id="9321dc852d3ab450c5c38866444dc3ecc1acce1a5a743f3b5bc2d3de4e46e8e5">
        <acl entries="0" version="1"/>
    </resource>
    <resource type="BinaryResource" name="edit-text-sponsors.xq" owner="admin" group="operations" mode="750" created="2019-08-13T15:12:31+02:00" modified="2021-05-26T11:10:22+02:00" filename="edit-text-sponsors.xq" mimetype="application/xquery" blob-id="d8c90ec4b3c0cf36594b0a53c81f89f159816561ac28380f79fcca9583798335">
        <acl entries="0" version="1"/>
    </resource>
    <resource type="BinaryResource" name="tei-editor.xq" owner="admin" group="operations" mode="750" created="2021-05-21T09:20:35+02:00" modified="2021-06-02T21:39:20+02:00" filename="tei-editor.xq" mimetype="application/xquery" blob-id="a82e1361cd5cc95dadeeb38dbd0af7d1e065ea90b3be104abde8ca513bcc8ceb">
        <acl entries="0" version="1"/>
    </resource>
    <resource type="BinaryResource" name="translator-teams.xq" owner="admin" group="operations" mode="750" created="2019-08-13T15:12:32+02:00" modified="2021-05-13T11:14:05+02:00" filename="translator-teams.xq" mimetype="application/xquery" blob-id="75c81a27e3adeaaec94748b725dc4cd31f3fe2fe21bae2ff9e0da140323dfe53">
        <acl entries="0" version="1"/>
    </resource>
    <resource type="BinaryResource" name="translators.xq" owner="admin" group="operations" mode="750" created="2019-08-13T15:12:33+02:00" modified="2020-08-13T11:43:21+02:00" filename="translators.xq" mimetype="application/xquery" blob-id="8b3b38f177778c4e13d4dc40583992fbdf74512e7789fd23ebfebd7fe6df5036">
        <acl entries="0" version="1"/>
    </resource>
    <resource type="BinaryResource" name="edit-sponsor.xq" owner="admin" group="operations" mode="750" created="2019-08-13T15:12:36+02:00" modified="2019-12-20T13:09:52+01:00" filename="edit-sponsor.xq" mimetype="application/xquery" blob-id="ac532afab8133005f3b66a6d2d11bdc72c026676282c5201fb371c377d09a80d">
        <acl entries="0" version="1"/>
    </resource>
    <resource type="BinaryResource" name="knowledgebase.xq" owner="admin" group="operations" mode="750" created="2021-05-21T18:01:01+02:00" modified="2021-06-02T16:15:17+02:00" filename="knowledgebase.xq" mimetype="application/xquery" blob-id="8a750558f5327a9b55d4320033e85d76c668a17aed72073a3eef02bb86e50402">
        <acl entries="0" version="1"/>
    </resource>
    <resource type="BinaryResource" name="edit-text-submission.xq" owner="admin" group="operations" mode="4750" created="2019-08-13T15:12:30+02:00" modified="2020-06-03T19:24:53+02:00" filename="edit-text-submission.xq" mimetype="application/xquery" blob-id="9005160f7a93fafba90c5326bf0bd9716224261164cedaf65da40ef668486839">
        <acl entries="0" version="1"/>
    </resource>
    <resource type="BinaryResource" name="sections.xq" owner="admin" group="operations" mode="750" created="2019-12-10T12:34:20+01:00" modified="2020-12-11T16:16:56+01:00" filename="sections.xq" mimetype="application/xquery" blob-id="0428495a461468aff745788c78a2b166f5f1ce74808eb827b84ec6c6f5b711c4">
        <acl entries="0" version="1"/>
    </resource>
    <resource type="BinaryResource" name="sponsors.xq" owner="admin" group="operations" mode="750" created="2019-08-13T15:12:25+02:00" modified="2019-08-26T10:56:10+02:00" filename="sponsors.xq" mimetype="application/xquery" blob-id="013e6c1dc08fcb387d70c108f339a4292ed39744407ddca73c23989718682358">
        <acl entries="0" version="1"/>
    </resource>
    <resource type="BinaryResource" name="sys-config.xq" owner="admin" group="operations" mode="750" created="2020-06-08T11:55:34+02:00" modified="2020-06-18T11:50:19+02:00" filename="sys-config.xq" mimetype="application/xquery" blob-id="e2b6df895fe8b99bb6df779c5081f7b2a20b00205136a7bba8edd3dc098099e0">
        <acl entries="0" version="1"/>
    </resource>
    <resource type="BinaryResource" name="glossary.xq" owner="admin" group="operations" mode="750" created="2020-02-24T15:52:51+01:00" modified="2021-06-04T15:17:13+02:00" filename="glossary.xq" mimetype="application/xquery" blob-id="46366288328b05752b0fa182b3cc2eac2443028d9b90d390397f8e76ef0f1aa5">
        <acl entries="0" version="1"/>
    </resource>
    <resource type="BinaryResource" name="edit-translator.xq" owner="admin" group="operations" mode="750" created="2019-08-13T15:12:26+02:00" modified="2021-03-11T10:37:19+01:00" filename="edit-translator.xq" mimetype="application/xquery" blob-id="a1371f885b3ddb3bff173a77da8814eac51adeeed5b55b8726c3ecd882bd8a2c">
        <acl entries="0" version="1"/>
    </resource>
    <resource type="BinaryResource" name="edit-text-header.xq" owner="admin" group="operations" mode="4750" created="2019-08-13T15:12:35+02:00" modified="2021-05-26T17:25:38+02:00" filename="edit-text-header.xq" mimetype="application/xquery" blob-id="944d5d7cdf1ee22ee667a4452881ea034d26d843765bc5a6c4f601242bf10603">
        <acl entries="0" version="1"/>
    </resource>
</collection>