<collection xmlns="http://exist.sourceforge.net/NS/exist" name="/db/apps/84000-operations/models" owner="admin" group="operations" mode="755" created="2019-08-13T15:12:25+02:00" deduplicate-blobs="false" version="2">
    <acl entries="0" version="1"/>
    <resource type="BinaryResource" name="edit-translator-team.xq" owner="admin" group="operations" mode="750" created="2019-08-13T15:12:28+02:00" modified="2019-12-20T13:11:04+01:00" filename="edit-translator-team.xq" mimetype="application/xquery" blob-id="328ec756e0106b70af20360e3c7804a1542326cdd20d10e5cb99084555146254">
        <acl entries="0" version="1"/>
    </resource>
    <resource type="BinaryResource" name="edit-text-sponsors.xq" owner="admin" group="operations" mode="750" created="2019-08-13T15:12:31+02:00" modified="2020-06-03T19:16:17+02:00" filename="edit-text-sponsors.xq" mimetype="application/xquery" blob-id="5f5537f71d43ac1d77f85cb7092a80b3fd53080b12c3291fb20734c21febf17e">
        <acl entries="0" version="1"/>
    </resource>
    <resource type="BinaryResource" name="search.xq" owner="admin" group="operations" mode="750" created="2019-08-13T15:12:29+02:00" modified="2020-05-25T15:27:57+02:00" filename="search.xq" mimetype="application/xquery" blob-id="e044eda5c7fec1d8481df17c2de39c662356545fa95589bea09fba9e4ddee2f7">
        <acl entries="0" version="1"/>
    </resource>
    <resource type="BinaryResource" name="edit-translator-institution.xq" owner="admin" group="operations" mode="750" created="2019-08-13T15:12:25+02:00" modified="2019-12-20T13:10:29+01:00" filename="edit-translator-institution.xq" mimetype="application/xquery" blob-id="38ce8e901bce48d66b19c4fe135ed18aa155a0812586a3e3b584707d534b55c8">
        <acl entries="0" version="1"/>
    </resource>
    <resource type="BinaryResource" name="edit-translator.xq" owner="admin" group="operations" mode="750" created="2019-08-13T15:12:26+02:00" modified="2019-12-20T13:11:17+01:00" filename="edit-translator.xq" mimetype="application/xquery" blob-id="c6bb069667ce61434a917823e75e51a4e92ec4b1ce601d8f29c8221d46620965">
        <acl entries="0" version="1"/>
    </resource>
    <resource type="BinaryResource" name="index.xq" owner="admin" group="operations" mode="750" created="2019-08-13T15:12:27+02:00" modified="2019-09-10T12:14:53+02:00" filename="index.xq" mimetype="application/xquery" blob-id="4e4fec8e6ce8c4bf93edf8344876c13bea90c847a6db824bd27d3ffb7437d572">
        <acl entries="0" version="1"/>
    </resource>
    <resource type="BinaryResource" name="sections.xq" owner="admin" group="operations" mode="750" created="2019-12-10T12:34:20+01:00" modified="2020-01-07T13:23:57+01:00" filename="sections.xq" mimetype="application/xquery" blob-id="541f9f7ddc268a8ecc3c202ebf7bc0212ae3ce678532da0efaf8638c00bedd9e">
        <acl entries="0" version="1"/>
    </resource>
    <resource type="BinaryResource" name="translators.xq" owner="admin" group="operations" mode="750" created="2019-08-13T15:12:33+02:00" modified="2019-08-13T15:12:33+02:00" filename="translators.xq" mimetype="application/xquery" blob-id="fe2500cbd05abe8be609050e80c212c241993e16fee43565d26d1277d9a576c5">
        <acl entries="0" version="1"/>
    </resource>
    <resource type="BinaryResource" name="edit-sponsor.xq" owner="admin" group="operations" mode="750" created="2019-08-13T15:12:36+02:00" modified="2019-12-20T13:09:52+01:00" filename="edit-sponsor.xq" mimetype="application/xquery" blob-id="ac532afab8133005f3b66a6d2d11bdc72c026676282c5201fb371c377d09a80d">
        <acl entries="0" version="1"/>
    </resource>
    <resource type="BinaryResource" name="translator-teams.xq" owner="admin" group="operations" mode="750" created="2019-08-13T15:12:32+02:00" modified="2019-09-10T14:04:25+02:00" filename="translator-teams.xq" mimetype="application/xquery" blob-id="26bc5ac275973bdbee207c4c74ac6a743cd79d3ffc7f410a53af8e627c48fb9c">
        <acl entries="0" version="1"/>
    </resource>
    <resource type="BinaryResource" name="edit-text-header.xq" owner="admin" group="operations" mode="4750" created="2019-08-13T15:12:35+02:00" modified="2020-06-03T19:35:58+02:00" filename="edit-text-header.xq" mimetype="application/xquery" blob-id="04e0ee4bc7d1db4c6264904de0d0394073bc8abb2a5da0e69d64df1044977919">
        <acl entries="0" version="1"/>
    </resource>
    <resource type="BinaryResource" name="translator-institutions.xq" owner="admin" group="operations" mode="750" created="2019-08-13T15:12:34+02:00" modified="2019-09-10T14:03:49+02:00" filename="translator-institutions.xq" mimetype="application/xquery" blob-id="6d82e538039c088162d6577a4265cd96f619ddd2b1f01f318b9aa6c555104bc8">
        <acl entries="0" version="1"/>
    </resource>
    <resource type="BinaryResource" name="edit-text-submission.xq" owner="admin" group="operations" mode="4750" created="2019-08-13T15:12:30+02:00" modified="2020-06-03T19:24:53+02:00" filename="edit-text-submission.xq" mimetype="application/xquery" blob-id="9005160f7a93fafba90c5326bf0bd9716224261164cedaf65da40ef668486839">
        <acl entries="0" version="1"/>
    </resource>
    <resource type="BinaryResource" name="glossary.xq" owner="admin" group="operations" mode="750" created="2020-02-24T15:52:51+01:00" modified="2020-07-06T15:01:08+02:00" filename="glossary.xq" mimetype="application/xquery" blob-id="f5bd1d830db338221434a4473999dd260817f4d9f7f04a15d3b7b70640dc73d3">
        <acl entries="0" version="1"/>
    </resource>
    <resource type="BinaryResource" name="sponsors.xq" owner="admin" group="operations" mode="750" created="2019-08-13T15:12:25+02:00" modified="2019-08-26T10:56:10+02:00" filename="sponsors.xq" mimetype="application/xquery" blob-id="013e6c1dc08fcb387d70c108f339a4292ed39744407ddca73c23989718682358">
        <acl entries="0" version="1"/>
    </resource>
    <resource type="BinaryResource" name="sys-config.xq" owner="admin" group="dba" mode="644" created="2020-06-08T11:55:34+02:00" modified="2020-06-18T11:50:19+02:00" filename="sys-config.xq" mimetype="application/xquery" blob-id="e2b6df895fe8b99bb6df779c5081f7b2a20b00205136a7bba8edd3dc098099e0">
        <acl entries="0" version="1"/>
    </resource>
</collection>