<collection xmlns="http://exist.sourceforge.net/NS/exist" name="/db/apps/84000-operations/models" owner="admin" group="dba" mode="755" created="2018-05-08T12:26:07+02:00" version="1">
    <acl entries="0" version="1"/>
    <resource type="BinaryResource" name="edit-text-sponsors.xq" owner="admin" group="operations" mode="750" created="2018-11-09T13:21:31+01:00" modified="2019-01-24T13:32:07+01:00" filename="edit-text-sponsors.xq" mimetype="application/xquery">
        <acl entries="0" version="1"/>
    </resource>
    <resource type="BinaryResource" name="translator-teams.xq" owner="admin" group="operations" mode="750" created="2018-08-28T10:12:51+02:00" modified="2019-01-28T17:14:35+01:00" filename="translator-teams.xq" mimetype="application/xquery">
        <acl entries="0" version="1"/>
    </resource>
    <resource type="BinaryResource" name="edit-sponsor.xq" owner="admin" group="operations" mode="750" created="2018-09-04T13:40:08+02:00" modified="2018-11-30T17:28:12+01:00" filename="edit-sponsor.xq" mimetype="application/xquery">
        <acl entries="0" version="1"/>
    </resource>
    <resource type="BinaryResource" name="edit-translator-team.xq" owner="admin" group="operations" mode="750" created="2018-09-05T16:50:16+02:00" modified="2018-12-17T12:23:46+01:00" filename="edit-translator-team.xq" mimetype="application/xquery">
        <acl entries="0" version="1"/>
    </resource>
    <resource type="BinaryResource" name="index.xq" owner="admin" group="operations" mode="750" created="2018-05-09T15:23:17+02:00" modified="2019-01-07T12:58:18+01:00" filename="index.xq" mimetype="application/xquery">
        <acl entries="0" version="1"/>
    </resource>
    <resource type="BinaryResource" name="edit-translator-institution.xq" owner="admin" group="operations" mode="750" created="2018-09-05T17:25:18+02:00" modified="2018-12-17T12:32:07+01:00" filename="edit-translator-institution.xq" mimetype="application/xquery">
        <acl entries="0" version="1"/>
    </resource>
    <resource type="BinaryResource" name="sponsors.xq" owner="admin" group="operations" mode="750" created="2018-05-08T13:25:23+02:00" modified="2018-12-17T13:00:18+01:00" filename="sponsors.xq" mimetype="application/xquery">
        <acl entries="0" version="1"/>
    </resource>
    <resource type="BinaryResource" name="edit-text-header.xq" owner="admin" group="operations" mode="750" created="2018-11-28T11:32:16+01:00" modified="2019-01-28T17:14:16+01:00" filename="edit-text-header.xq" mimetype="application/xquery">
        <acl entries="0" version="1"/>
    </resource>
    <resource type="BinaryResource" name="edit-translator.xq" owner="admin" group="operations" mode="750" created="2018-09-05T13:27:46+02:00" modified="2019-01-28T17:14:24+01:00" filename="edit-translator.xq" mimetype="application/xquery">
        <acl entries="0" version="1"/>
    </resource>
    <resource type="BinaryResource" name="translator-institutions.xq" owner="admin" group="operations" mode="750" created="2018-08-29T19:22:41+02:00" modified="2018-12-17T13:08:15+01:00" filename="translator-institutions.xq" mimetype="application/xquery">
        <acl entries="0" version="1"/>
    </resource>
    <resource type="BinaryResource" name="translators.xq" owner="admin" group="operations" mode="750" created="2018-08-27T11:07:38+02:00" modified="2019-01-28T17:14:45+01:00" filename="translators.xq" mimetype="application/xquery">
        <acl entries="0" version="1"/>
    </resource>
    <resource type="BinaryResource" name="search.xq" owner="admin" group="operations" mode="750" created="2018-05-08T12:27:45+02:00" modified="2019-01-23T16:26:30+01:00" filename="search.xq" mimetype="application/xquery">
        <acl entries="0" version="1"/>
    </resource>
</collection>