<collection xmlns="http://exist.sourceforge.net/NS/exist" name="/db/apps/84000-operations/models" owner="admin" group="operations" mode="755" created="2019-08-13T15:12:25+02:00" deduplicate-blobs="false" version="2">
    <acl entries="0" version="1"/>
    <resource type="BinaryResource" name="knowledgebase.xq" owner="admin" group="operations" mode="750" created="2021-05-21T18:01:01+02:00" modified="2024-08-13T10:36:27+02:00" filename="knowledgebase.xq" mimetype="application/xquery" blob-id="98f226d421404b14eb6e01097ef94c1d23fda9f679c9f558fb6c4b235c230cac">
        <acl entries="0" version="1"/>
    </resource>
    <resource type="BinaryResource" name="edit-quotes.xq" owner="admin" group="operations" mode="750" created="2022-11-25T10:35:26+01:00" modified="2024-07-11T12:16:46+02:00" filename="edit-quotes.xq" mimetype="application/xquery" blob-id="f6d97c53c1e979e9341c8905a2ecae74b8970a630c1735809eacd2aa816ecab8">
        <acl entries="0" version="1"/>
    </resource>
    <resource type="BinaryResource" name="edit-glossary.xq" owner="admin" group="operations" mode="4750" created="2020-02-24T15:52:51+01:00" modified="2024-06-14T14:26:33+02:00" filename="edit-glossary.xq" mimetype="application/xquery" blob-id="cc635de5f53fb4dc15cbdf5f97c7e45f8cf1e38ea88f28c83be12940b6f3e51d">
        <acl entries="0" version="1"/>
    </resource>
    <resource type="BinaryResource" name="annotation-tei.xq" owner="admin" group="operations" mode="4750" created="2021-11-18T08:15:24+01:00" modified="2024-06-01T08:48:33+02:00" filename="annotation-tei.xq" mimetype="application/xquery" blob-id="96e23aa8a98606263729c1151c7df73d58fdc6e83160205be23c0a56f1337f37">
        <acl entries="0" version="1"/>
    </resource>
    <resource type="BinaryResource" name="create-article.xq" owner="admin" group="operations" mode="750" created="2023-06-21T17:27:58+02:00" modified="2024-06-01T08:48:55+02:00" filename="create-article.xq" mimetype="application/xquery" blob-id="98967477e243fc28059f113b812d7ec644d8325bba12f1cc0be47613fd03a910">
        <acl entries="0" version="1"/>
    </resource>
    <resource type="BinaryResource" name="edit-entity.xq" owner="admin" group="operations" mode="750" created="2021-08-25T09:45:49+02:00" modified="2024-06-01T08:49:21+02:00" filename="edit-entity.xq" mimetype="application/xquery" blob-id="080d8127f48383a335498cae46c2cbea01722c377a454bfffcb2d1eda289d902">
        <acl entries="0" version="1"/>
    </resource>
    <resource type="BinaryResource" name="edit-kb-header.xq" owner="admin" group="operations" mode="750" created="2021-05-21T16:12:21+02:00" modified="2024-06-01T08:50:50+02:00" filename="edit-kb-header.xq" mimetype="application/xquery" blob-id="41d9ce73517068fb4a4b8c277c4ea887f6ae7e5a61a588bdd49ac7a4ea1438be">
        <acl entries="0" version="1"/>
    </resource>
    <resource type="BinaryResource" name="edit-sponsor.xq" owner="admin" group="operations" mode="750" created="2019-08-13T15:12:36+02:00" modified="2024-06-01T08:51:56+02:00" filename="edit-sponsor.xq" mimetype="application/xquery" blob-id="6c85e417036bd999234b8ddc699d17afc18bc96ae51ae57366bd95f17de58664">
        <acl entries="0" version="1"/>
    </resource>
    <resource type="BinaryResource" name="edit-text-sponsors.xq" owner="admin" group="operations" mode="4750" created="2019-08-13T15:12:31+02:00" modified="2024-06-01T08:54:37+02:00" filename="edit-text-sponsors.xq" mimetype="application/xquery" blob-id="fc850475af1f3e199334c401921a474261112d6bd77967c127510057a49f953c">
        <acl entries="0" version="1"/>
    </resource>
    <resource type="BinaryResource" name="edit-text-submission.xq" owner="admin" group="operations" mode="4750" created="2019-08-13T15:12:30+02:00" modified="2024-06-01T08:55:09+02:00" filename="edit-text-submission.xq" mimetype="application/xquery" blob-id="2289c6a09410902acd3314a28547ecfbe5435bbdd1c939ee5b88d97524912b41">
        <acl entries="0" version="1"/>
    </resource>
    <resource type="BinaryResource" name="edit-tm.xq" owner="admin" group="operations" mode="4750" created="2022-05-04T16:21:54+02:00" modified="2024-06-01T08:56:10+02:00" filename="edit-tm.xq" mimetype="application/xquery" blob-id="0e01a8d9d00220825348d82697b4348e11d752ea7fd14517d9f92c6e3bb1f60d">
        <acl entries="0" version="1"/>
    </resource>
    <resource type="BinaryResource" name="edit-translator-institution.xq" owner="admin" group="operations" mode="750" created="2019-08-13T15:12:25+02:00" modified="2024-06-01T08:56:51+02:00" filename="edit-translator-institution.xq" mimetype="application/xquery" blob-id="7739f469e0639095f3b6e7bc736bbc58e5d86cf0bcd3fe51072c2bc156d195ed">
        <acl entries="0" version="1"/>
    </resource>
    <resource type="BinaryResource" name="edit-translator-team.xq" owner="admin" group="operations" mode="750" created="2019-08-13T15:12:28+02:00" modified="2024-06-01T08:57:12+02:00" filename="edit-translator-team.xq" mimetype="application/xquery" blob-id="1e27a6dbc27034d70723c251240bf6f6505473bedf02a7fa9b8a0e79c3a9ff61">
        <acl entries="0" version="1"/>
    </resource>
    <resource type="BinaryResource" name="edit-translator.xq" owner="admin" group="operations" mode="750" created="2019-08-13T15:12:26+02:00" modified="2024-06-01T08:57:35+02:00" filename="edit-translator.xq" mimetype="application/xquery" blob-id="ee8cd141391de5d85dff4ab6e70c589a0600dc0e07b35332ac0228221701fc27">
        <acl entries="0" version="1"/>
    </resource>
    <resource type="BinaryResource" name="edit-text-header.xq" owner="admin" group="operations" mode="750" created="2019-08-13T15:12:35+02:00" modified="2024-06-07T16:31:06+02:00" filename="edit-text-header.xq" mimetype="application/xquery" blob-id="be37a0c7b7f6c4690c794f87a7f3d6aa208354b36a7029ccc61b6e3d7434efe1">
        <acl entries="0" version="1"/>
    </resource>
    <resource type="BinaryResource" name="index.xq" owner="admin" group="operations" mode="750" created="2019-08-13T15:12:27+02:00" modified="2024-06-01T08:58:01+02:00" filename="index.xq" mimetype="application/xquery" blob-id="c44bfef0b4c0316846ec5a838dd389fa0268a4feb222457b3a34c56cdff56637">
        <acl entries="0" version="1"/>
    </resource>
    <resource type="BinaryResource" name="recent-updates.xq" owner="admin" group="operations" mode="750" created="2023-07-13T12:22:27+02:00" modified="2024-06-01T08:59:24+02:00" filename="recent-updates.xq" mimetype="application/xquery" blob-id="4c690605d34f5065fce97ef038c7a1abdbfaf85232fe293101d646e196db13cc">
        <acl entries="0" version="1"/>
    </resource>
    <resource type="BinaryResource" name="search.xq" owner="admin" group="operations" mode="750" created="2019-08-13T15:12:29+02:00" modified="2024-06-01T09:00:02+02:00" filename="search.xq" mimetype="application/xquery" blob-id="d1be30b6f06905c9f9ad88bffa6da7d15d22db2cb54589b143d98a28a6be859b">
        <acl entries="0" version="1"/>
    </resource>
    <resource type="BinaryResource" name="section-texts.xq" owner="admin" group="operations" mode="750" created="2020-12-11T17:05:48+01:00" modified="2024-06-01T09:00:29+02:00" filename="section-texts.xq" mimetype="application/xquery" blob-id="5ea9c42a6e7abbe2cbd0c8e743eb20446bad4351359660fd106f6e1488c2b1b8">
        <acl entries="0" version="1"/>
    </resource>
    <resource type="BinaryResource" name="sections.xq" owner="admin" group="operations" mode="750" created="2019-12-10T12:34:20+01:00" modified="2024-06-01T09:00:51+02:00" filename="sections.xq" mimetype="application/xquery" blob-id="e6dc7c559bf672691abb19006357b55d353dd6efca8b0bbc014acfae5cce282b">
        <acl entries="0" version="1"/>
    </resource>
    <resource type="BinaryResource" name="source-utils.xq" owner="admin" group="operations" mode="750" created="2023-09-14T15:39:57+02:00" modified="2024-06-01T09:01:26+02:00" filename="source-utils.xq" mimetype="application/xquery" blob-id="3c7ab4da86ece8426255b94835bfc710be380bd5e7f360616cb33e6c0285e2a8">
        <acl entries="0" version="1"/>
    </resource>
    <resource type="BinaryResource" name="sponsors.xq" owner="admin" group="operations" mode="750" created="2019-08-13T15:12:25+02:00" modified="2024-06-01T09:01:49+02:00" filename="sponsors.xq" mimetype="application/xquery" blob-id="976a107a8c561317d50e445f0d97d8d835ab8fa22a48b7da184d7b83e3aff74f">
        <acl entries="0" version="1"/>
    </resource>
    <resource type="BinaryResource" name="sys-config.xq" owner="admin" group="operations" mode="750" created="2020-06-08T11:55:34+02:00" modified="2024-06-01T09:02:11+02:00" filename="sys-config.xq" mimetype="application/xquery" blob-id="80acdaf08e690a3e040578485ca71563ff63f842c085f25999857975eb7b2b5c">
        <acl entries="0" version="1"/>
    </resource>
    <resource type="BinaryResource" name="tei-editor.xq" owner="admin" group="operations" mode="750" created="2021-05-21T09:20:35+02:00" modified="2024-06-01T09:02:34+02:00" filename="tei-editor.xq" mimetype="application/xquery" blob-id="f97d935e9f3701ad65f3b31be66ab8cca3524d4dbdb1af601d103fe2bfdfb801">
        <acl entries="0" version="1"/>
    </resource>
    <resource type="BinaryResource" name="translator-institutions.xq" owner="admin" group="operations" mode="750" created="2019-08-13T15:12:34+02:00" modified="2024-06-01T09:03:45+02:00" filename="translator-institutions.xq" mimetype="application/xquery" blob-id="e04ee11d47c9c75184690055bfb95fe44b080d100f81108b1c9369568057a17c">
        <acl entries="0" version="1"/>
    </resource>
    <resource type="BinaryResource" name="translator-teams.xq" owner="admin" group="operations" mode="750" created="2019-08-13T15:12:32+02:00" modified="2024-06-01T09:04:07+02:00" filename="translator-teams.xq" mimetype="application/xquery" blob-id="e5c298727ccdef166123a5336d398c7ce1a5390d435937e605a979ca43734fd8">
        <acl entries="0" version="1"/>
    </resource>
    <resource type="BinaryResource" name="translators.xq" owner="admin" group="operations" mode="750" created="2019-08-13T15:12:33+02:00" modified="2024-06-01T09:04:29+02:00" filename="translators.xq" mimetype="application/xquery" blob-id="e2b95f995a7c1505530445f8d0a46d9a0e40e877b528fddddf5150e3ff669a0f">
        <acl entries="0" version="1"/>
    </resource>
    <resource type="BinaryResource" name="translation-project.xq" owner="admin" group="operations" mode="4750" created="2024-05-22T09:23:00+02:00" modified="2024-06-05T16:26:20+02:00" filename="translation-project.xq" mimetype="application/xquery" blob-id="5d9bf00884ccdb2a77bf7768358d35f947c6e1afca3a5d0d36f1d426bba8a806">
        <acl entries="0" version="1"/>
    </resource>
</collection>