<collection xmlns="http://exist.sourceforge.net/NS/exist" name="/db/apps/84000-operations/models" owner="admin" group="operations" mode="755" created="2019-08-13T15:12:25+02:00" deduplicate-blobs="false" version="2">
    <acl entries="0" version="1"/>
    <resource type="BinaryResource" name="edit-text-sponsors.xq" owner="admin" group="operations" mode="750" created="2019-08-13T15:12:31+02:00" modified="2021-07-02T19:39:22+02:00" filename="edit-text-sponsors.xq" mimetype="application/xquery" blob-id="2f9620725ca24c1e57ac3b9de060c89d94f8afcc3e6c9081d85892330ae35904">
        <acl entries="0" version="1"/>
    </resource>
    <resource type="BinaryResource" name="translators.xq" owner="admin" group="operations" mode="750" created="2019-08-13T15:12:33+02:00" modified="2021-07-02T19:43:44+02:00" filename="translators.xq" mimetype="application/xquery" blob-id="1766026d3f347f165e744369003706992693b549e57f00673a697362be75de5c">
        <acl entries="0" version="1"/>
    </resource>
    <resource type="BinaryResource" name="translator-teams.xq" owner="admin" group="operations" mode="750" created="2019-08-13T15:12:32+02:00" modified="2021-07-02T19:43:34+02:00" filename="translator-teams.xq" mimetype="application/xquery" blob-id="9ab5635b385ac9b372a869d96009ca438b189774de2163f3ec32725a6720efde">
        <acl entries="0" version="1"/>
    </resource>
    <resource type="BinaryResource" name="edit-kb-header.xq" owner="admin" group="operations" mode="750" created="2021-05-21T16:12:21+02:00" modified="2021-07-27T16:20:47+02:00" filename="edit-kb-header.xq" mimetype="application/xquery" blob-id="0b6fd3137562a6f5582d2b8d1af4b2cc71bcf871b0f507c8d60909071d0f0ace">
        <acl entries="0" version="1"/>
    </resource>
    <resource type="BinaryResource" name="knowledgebase.xq" owner="admin" group="operations" mode="750" created="2021-05-21T18:01:01+02:00" modified="2021-07-07T10:27:09+02:00" filename="knowledgebase.xq" mimetype="application/xquery" blob-id="dab7d79f535c3e38ae2e2499af48f02c9b4ee3ef1ac095b6f920c1b9ac807dd9">
        <acl entries="0" version="1"/>
    </resource>
    <resource type="BinaryResource" name="translator-institutions.xq" owner="admin" group="operations" mode="750" created="2019-08-13T15:12:34+02:00" modified="2021-07-02T19:43:07+02:00" filename="translator-institutions.xq" mimetype="application/xquery" blob-id="c36a428a62eb4842c215df5525b13c92d7210ac8869a24902872df753d683ff8">
        <acl entries="0" version="1"/>
    </resource>
    <resource type="BinaryResource" name="edit-text-header.xq" owner="admin" group="operations" mode="4750" created="2019-08-13T15:12:35+02:00" modified="2021-07-02T19:38:58+02:00" filename="edit-text-header.xq" mimetype="application/xquery" blob-id="416488f09f748a3e9b5a3449fb3beb5ddbc68a460a7e6ca6b8f8969e65053bb8">
        <acl entries="0" version="1"/>
    </resource>
    <resource type="BinaryResource" name="edit-text-submission.xq" owner="admin" group="operations" mode="4750" created="2019-08-13T15:12:30+02:00" modified="2021-07-02T19:39:40+02:00" filename="edit-text-submission.xq" mimetype="application/xquery" blob-id="49251b1a6e2075bf519060c43d9809b5b4e7d4ef260c70c3299c06ed61306bbd">
        <acl entries="0" version="1"/>
    </resource>
    <resource type="BinaryResource" name="edit-translator-institution.xq" owner="admin" group="operations" mode="750" created="2019-08-13T15:12:25+02:00" modified="2021-07-02T19:40:19+02:00" filename="edit-translator-institution.xq" mimetype="application/xquery" blob-id="6d1f724a0a89d99af87f4ed7f27ec78fb0e5756c8427182ca089319e9d05820a">
        <acl entries="0" version="1"/>
    </resource>
    <resource type="BinaryResource" name="sys-config.xq" owner="admin" group="operations" mode="750" created="2020-06-08T11:55:34+02:00" modified="2021-07-02T19:42:25+02:00" filename="sys-config.xq" mimetype="application/xquery" blob-id="636e56a81c2e52dd03d3079a71a4e9bb4a7460de2bec9fb6856f0e4bbc687a00">
        <acl entries="0" version="1"/>
    </resource>
    <resource type="BinaryResource" name="search.xq" owner="admin" group="operations" mode="750" created="2019-08-13T15:12:29+02:00" modified="2021-07-02T19:43:03+02:00" filename="search.xq" mimetype="application/xquery" blob-id="fe6408d017daaebef5a823aae004c6cd4221223842a0cc3d584150479c40f290">
        <acl entries="0" version="1"/>
    </resource>
    <resource type="BinaryResource" name="sponsors.xq" owner="admin" group="operations" mode="750" created="2019-08-13T15:12:25+02:00" modified="2021-07-02T19:42:09+02:00" filename="sponsors.xq" mimetype="application/xquery" blob-id="104888ae5328dfedeb6a773da3534ea252025a382b8a655ef6adb1b51b32ac9f">
        <acl entries="0" version="1"/>
    </resource>
    <resource type="BinaryResource" name="edit-translator-team.xq" owner="admin" group="operations" mode="750" created="2019-08-13T15:12:28+02:00" modified="2021-07-02T19:40:38+02:00" filename="edit-translator-team.xq" mimetype="application/xquery" blob-id="0d419002b381c47b73da365f0bacdf494f716f34fe33bfa38cd80b3577e1a314">
        <acl entries="0" version="1"/>
    </resource>
    <resource type="BinaryResource" name="section-texts.xq" owner="admin" group="operations" mode="750" created="2020-12-11T17:05:48+01:00" modified="2021-07-02T19:41:39+02:00" filename="section-texts.xq" mimetype="application/xquery" blob-id="79c77e787583017a9d0bba147c475029a5a028978c5be0d1ad7117bb9ec7d18e">
        <acl entries="0" version="1"/>
    </resource>
    <resource type="BinaryResource" name="sections.xq" owner="admin" group="operations" mode="750" created="2019-12-10T12:34:20+01:00" modified="2021-07-02T19:41:56+02:00" filename="sections.xq" mimetype="application/xquery" blob-id="5624ffac28941dd9da5c1a92ef1f82f1ceb2574784a493119e3bae76e3d9f0a6">
        <acl entries="0" version="1"/>
    </resource>
    <resource type="BinaryResource" name="edit-sponsor.xq" owner="admin" group="operations" mode="750" created="2019-08-13T15:12:36+02:00" modified="2021-07-02T19:38:42+02:00" filename="edit-sponsor.xq" mimetype="application/xquery" blob-id="db0963f135e595bec80c7aa2bb7ae880d12abe46070a16895a8b6f39fbf71da8">
        <acl entries="0" version="1"/>
    </resource>
    <resource type="BinaryResource" name="edit-translator.xq" owner="admin" group="operations" mode="750" created="2019-08-13T15:12:26+02:00" modified="2021-07-02T19:39:59+02:00" filename="edit-translator.xq" mimetype="application/xquery" blob-id="82211f6145dcf6dab92450899368b7825bd0b4bce9349153585da6d51e10ddc5">
        <acl entries="0" version="1"/>
    </resource>
    <resource type="BinaryResource" name="index.xq" owner="admin" group="operations" mode="750" created="2019-08-13T15:12:27+02:00" modified="2021-07-02T19:32:00+02:00" filename="index.xq" mimetype="application/xquery" blob-id="064da8d3ecd287e306993c5e0716f1dbd7c7906ed2f2fe1bd9bf7ff8c87d0c82">
        <acl entries="0" version="1"/>
    </resource>
    <resource type="BinaryResource" name="edit-glossary.xq" owner="admin" group="operations" mode="750" created="2020-02-24T15:52:51+01:00" modified="2021-07-27T16:08:12+02:00" filename="edit-glossary.xq" mimetype="application/xquery" blob-id="e034db253842d8bcff31b89d86181263511e36b023d56f96bf0fbe8ea8c07461">
        <acl entries="0" version="1"/>
    </resource>
    <resource type="BinaryResource" name="tei-editor.xq" owner="admin" group="operations" mode="750" created="2021-05-21T09:20:35+02:00" modified="2021-08-04T14:49:19+02:00" filename="tei-editor.xq" mimetype="application/xquery" blob-id="4fe275ae8be2c278cb70c348be19e7944d014b585cf4c132bfcfb855f1aca011">
        <acl entries="0" version="1"/>
    </resource>
</collection>