<collection xmlns="http://exist.sourceforge.net/NS/exist" name="/db/apps/84000-operations/models" owner="admin" group="operations" mode="755" created="2019-08-13T15:12:25+02:00" deduplicate-blobs="false" version="2">
    <acl entries="0" version="1"/>
    <resource type="BinaryResource" name="edit-kb-header.xq" owner="admin" group="operations" mode="750" created="2021-05-21T16:12:21+02:00" modified="2021-08-30T16:21:09+02:00" filename="edit-kb-header.xq" mimetype="application/xquery" blob-id="dcd2beefaf4b7dff4b0a09b32871ff1cd79e45eb6430a33ea2c9a1b833ea63c7">
        <acl entries="0" version="1"/>
    </resource>
    <resource type="BinaryResource" name="tei-editor.xq" owner="admin" group="operations" mode="750" created="2021-05-21T09:20:35+02:00" modified="2021-08-30T16:21:28+02:00" filename="tei-editor.xq" mimetype="application/xquery" blob-id="133cb2b40409a2149cb427b9d68fb3524bf99816d6a78e9976e66a5a22e9a7ed">
        <acl entries="0" version="1"/>
    </resource>
    <resource type="BinaryResource" name="edit-entity.xq" owner="admin" group="operations" mode="750" created="2021-08-25T09:45:49+02:00" modified="2021-08-25T10:36:14+02:00" filename="edit-entity.xq" mimetype="application/xquery" blob-id="f4ff754349fe0ca3b0464d2c52961329bebbfacc8709be380d2029e00fc29d31">
        <acl entries="0" version="1"/>
    </resource>
    <resource type="BinaryResource" name="translators.xq" owner="admin" group="operations" mode="750" created="2019-08-13T15:12:33+02:00" modified="2021-07-02T19:43:44+02:00" filename="translators.xq" mimetype="application/xquery" blob-id="1766026d3f347f165e744369003706992693b549e57f00673a697362be75de5c">
        <acl entries="0" version="1"/>
    </resource>
    <resource type="BinaryResource" name="translator-teams.xq" owner="admin" group="operations" mode="750" created="2019-08-13T15:12:32+02:00" modified="2021-07-02T19:43:34+02:00" filename="translator-teams.xq" mimetype="application/xquery" blob-id="9ab5635b385ac9b372a869d96009ca438b189774de2163f3ec32725a6720efde">
        <acl entries="0" version="1"/>
    </resource>
    <resource type="BinaryResource" name="translator-institutions.xq" owner="admin" group="operations" mode="750" created="2019-08-13T15:12:34+02:00" modified="2021-07-02T19:43:07+02:00" filename="translator-institutions.xq" mimetype="application/xquery" blob-id="c36a428a62eb4842c215df5525b13c92d7210ac8869a24902872df753d683ff8">
        <acl entries="0" version="1"/>
    </resource>
    <resource type="BinaryResource" name="edit-text-submission.xq" owner="admin" group="operations" mode="4750" created="2019-08-13T15:12:30+02:00" modified="2021-09-01T08:59:00+02:00" filename="edit-text-submission.xq" mimetype="application/xquery" blob-id="c911bd882425abcd58584ff681c2ff23877706c75f905b3ec7014c4edb2a90fe">
        <acl entries="0" version="1"/>
    </resource>
    <resource type="BinaryResource" name="edit-translator-institution.xq" owner="admin" group="operations" mode="750" created="2019-08-13T15:12:25+02:00" modified="2021-07-02T19:40:19+02:00" filename="edit-translator-institution.xq" mimetype="application/xquery" blob-id="6d1f724a0a89d99af87f4ed7f27ec78fb0e5756c8427182ca089319e9d05820a">
        <acl entries="0" version="1"/>
    </resource>
    <resource type="BinaryResource" name="sys-config.xq" owner="admin" group="operations" mode="750" created="2020-06-08T11:55:34+02:00" modified="2021-07-02T19:42:25+02:00" filename="sys-config.xq" mimetype="application/xquery" blob-id="636e56a81c2e52dd03d3079a71a4e9bb4a7460de2bec9fb6856f0e4bbc687a00">
        <acl entries="0" version="1"/>
    </resource>
    <resource type="BinaryResource" name="sponsors.xq" owner="admin" group="operations" mode="750" created="2019-08-13T15:12:25+02:00" modified="2021-07-02T19:42:09+02:00" filename="sponsors.xq" mimetype="application/xquery" blob-id="104888ae5328dfedeb6a773da3534ea252025a382b8a655ef6adb1b51b32ac9f">
        <acl entries="0" version="1"/>
    </resource>
    <resource type="BinaryResource" name="edit-translator-team.xq" owner="admin" group="operations" mode="750" created="2019-08-13T15:12:28+02:00" modified="2021-07-02T19:40:38+02:00" filename="edit-translator-team.xq" mimetype="application/xquery" blob-id="0d419002b381c47b73da365f0bacdf494f716f34fe33bfa38cd80b3577e1a314">
        <acl entries="0" version="1"/>
    </resource>
    <resource type="BinaryResource" name="section-texts.xq" owner="admin" group="operations" mode="750" created="2020-12-11T17:05:48+01:00" modified="2021-07-02T19:41:39+02:00" filename="section-texts.xq" mimetype="application/xquery" blob-id="79c77e787583017a9d0bba147c475029a5a028978c5be0d1ad7117bb9ec7d18e">
        <acl entries="0" version="1"/>
    </resource>
    <resource type="BinaryResource" name="sections.xq" owner="admin" group="operations" mode="750" created="2019-12-10T12:34:20+01:00" modified="2021-07-02T19:41:56+02:00" filename="sections.xq" mimetype="application/xquery" blob-id="5624ffac28941dd9da5c1a92ef1f82f1ceb2574784a493119e3bae76e3d9f0a6">
        <acl entries="0" version="1"/>
    </resource>
    <resource type="BinaryResource" name="edit-sponsor.xq" owner="admin" group="operations" mode="750" created="2019-08-13T15:12:36+02:00" modified="2021-07-02T19:38:42+02:00" filename="edit-sponsor.xq" mimetype="application/xquery" blob-id="db0963f135e595bec80c7aa2bb7ae880d12abe46070a16895a8b6f39fbf71da8">
        <acl entries="0" version="1"/>
    </resource>
    <resource type="BinaryResource" name="edit-translator.xq" owner="admin" group="operations" mode="750" created="2019-08-13T15:12:26+02:00" modified="2021-07-02T19:39:59+02:00" filename="edit-translator.xq" mimetype="application/xquery" blob-id="82211f6145dcf6dab92450899368b7825bd0b4bce9349153585da6d51e10ddc5">
        <acl entries="0" version="1"/>
    </resource>
    <resource type="BinaryResource" name="search.xq" owner="admin" group="operations" mode="750" created="2019-08-13T15:12:29+02:00" modified="2021-08-31T14:57:47+02:00" filename="search.xq" mimetype="application/xquery" blob-id="6170564f845f85cb3b5d8a9223dfa55dbc32ccbf98738b8bbae436e5fbfc2a91">
        <acl entries="0" version="1"/>
    </resource>
    <resource type="BinaryResource" name="index.xq" owner="admin" group="operations" mode="750" created="2019-08-13T15:12:27+02:00" modified="2021-08-31T15:36:26+02:00" filename="index.xq" mimetype="application/xquery" blob-id="4230368dcb8d8503b3f67e5710b0abf6de8e7b53bae04a336a195cb862b4b348">
        <acl entries="0" version="1"/>
    </resource>
    <resource type="BinaryResource" name="edit-text-header.xq" owner="admin" group="operations" mode="4750" created="2019-08-13T15:12:35+02:00" modified="2021-08-26T15:29:39+02:00" filename="edit-text-header.xq" mimetype="application/xquery" blob-id="ed15dc48464081116dc0ab0a5f22026522aa071ff7a009a9cdc9e0ca55105b31">
        <acl entries="0" version="1"/>
    </resource>
    <resource type="BinaryResource" name="knowledgebase.xq" owner="admin" group="operations" mode="750" created="2021-05-21T18:01:01+02:00" modified="2021-08-27T14:10:23+02:00" filename="knowledgebase.xq" mimetype="application/xquery" blob-id="8fb2d7248f11cb9395ddd02a89b8f8e9a892102771cc4de043882ecf5b6195d9">
        <acl entries="0" version="1"/>
    </resource>
    <resource type="BinaryResource" name="edit-text-sponsors.xq" owner="admin" group="operations" mode="750" created="2019-08-13T15:12:31+02:00" modified="2021-08-30T13:58:55+02:00" filename="edit-text-sponsors.xq" mimetype="application/xquery" blob-id="fb025a8b31719e64f7d9c873217ac650a2bbe6467cc7510ad7492c2539401836">
        <acl entries="0" version="1"/>
    </resource>
    <resource type="BinaryResource" name="edit-glossary.xq" owner="admin" group="operations" mode="750" created="2020-02-24T15:52:51+01:00" modified="2021-08-30T14:02:00+02:00" filename="edit-glossary.xq" mimetype="application/xquery" blob-id="76976504b86e1045bac79d5b72a2d8725ca6b501b36ef0b8e7c2fa27ae9e145e">
        <acl entries="0" version="1"/>
    </resource>
</collection>