<collection xmlns="http://exist.sourceforge.net/NS/exist" name="/db/apps/84000-operations/models" owner="admin" group="dba" mode="755" created="2018-05-08T12:26:07+02:00" deduplicate-blobs="false" version="2">
    <acl entries="0" version="1"/>
    <resource type="BinaryResource" name="edit-text-header.xq" owner="admin" group="operations" mode="4750" created="2018-11-28T11:32:16+01:00" modified="2019-06-06T13:01:51+02:00" filename="edit-text-header.xq" mimetype="application/xquery" blob-id="3d39def9bba97265ac3ea5909bb1faea1b622b72e1deb306166f45ba70088c51">
        <acl entries="0" version="1"/>
    </resource>
    <resource type="BinaryResource" name="edit-sponsor.xq" owner="admin" group="operations" mode="750" created="2018-09-04T13:40:08+02:00" modified="2019-02-12T14:26:59+01:00" filename="edit-sponsor.xq" mimetype="application/xquery" blob-id="5e28dc736256d50d168ce38108dcd4c56448fdf6eae30c3a8f953439f4b0903f">
        <acl entries="0" version="1"/>
    </resource>
    <resource type="BinaryResource" name="edit-text-sponsors.xq" owner="admin" group="operations" mode="750" created="2018-11-09T13:21:31+01:00" modified="2019-06-17T11:34:10+02:00" filename="edit-text-sponsors.xq" mimetype="application/xquery" blob-id="7bad39068441f83a57005c7c85747fce2c77e618cfd920e25f3b683159d05494">
        <acl entries="0" version="1"/>
    </resource>
    <resource type="BinaryResource" name="edit-translator-team.xq" owner="admin" group="operations" mode="750" created="2018-09-05T16:50:16+02:00" modified="2018-12-17T12:23:46+01:00" filename="edit-translator-team.xq" mimetype="application/xquery" blob-id="d5fe2a13e04b518283a63ae6d5b13ba864901195a5de11bf966b0af4cd236aca">
        <acl entries="0" version="1"/>
    </resource>
    <resource type="BinaryResource" name="index.xq" owner="admin" group="operations" mode="750" created="2018-05-09T15:23:17+02:00" modified="2019-01-07T12:58:18+01:00" filename="index.xq" mimetype="application/xquery" blob-id="1caa40041f773fffc02999965f4b021e54a42264665cf4538ad70cdf7835dbb3">
        <acl entries="0" version="1"/>
    </resource>
    <resource type="BinaryResource" name="search.xq" owner="admin" group="operations" mode="750" created="2018-05-08T12:27:45+02:00" modified="2019-06-06T12:45:21+02:00" filename="search.xq" mimetype="application/xquery" blob-id="806a91ea7371b7bf0f7393cc822757b04bc4198dc9a57976034bec49b01e0358">
        <acl entries="0" version="1"/>
    </resource>
    <resource type="BinaryResource" name="translator-institutions.xq" owner="admin" group="operations" mode="750" created="2018-08-29T19:22:41+02:00" modified="2018-12-17T13:08:15+01:00" filename="translator-institutions.xq" mimetype="application/xquery" blob-id="72c682e1b436f0eb9a684884ef4dc7cd0451dfcd754669e5514aad04917589f0">
        <acl entries="0" version="1"/>
    </resource>
    <resource type="BinaryResource" name="edit-translator.xq" owner="admin" group="operations" mode="750" created="2018-09-05T13:27:46+02:00" modified="2019-01-28T17:14:24+01:00" filename="edit-translator.xq" mimetype="application/xquery" blob-id="ab6c02a465e0d719c3a129f0c0f7b7f093ba9e09ad811f30164f07f1edf301a0">
        <acl entries="0" version="1"/>
    </resource>
    <resource type="BinaryResource" name="edit-translator-institution.xq" owner="admin" group="operations" mode="750" created="2018-09-05T17:25:18+02:00" modified="2018-12-17T12:32:07+01:00" filename="edit-translator-institution.xq" mimetype="application/xquery" blob-id="73e59523c5c94c472404cb25cb2a3887c6c603e46e3f3717aa5698b4feedeeda">
        <acl entries="0" version="1"/>
    </resource>
    <resource type="BinaryResource" name="edit-text-submission.xq" owner="admin" group="operations" mode="4750" created="2019-02-05T14:30:09+01:00" modified="2019-02-21T12:27:02+01:00" filename="edit-text-submission.xq" mimetype="application/xquery" blob-id="55e90f7e830332181538507acbe3a39c169f5a0594442ee87363d070db6a1672">
        <acl entries="0" version="1"/>
    </resource>
    <resource type="BinaryResource" name="sponsors.xq" owner="admin" group="operations" mode="750" created="2018-05-08T13:25:23+02:00" modified="2018-12-17T13:00:18+01:00" filename="sponsors.xq" mimetype="application/xquery" blob-id="92d038b8a7c650c33340bfe326424316c11e2d77605a5cd6238852b90a2384fa">
        <acl entries="0" version="1"/>
    </resource>
    <resource type="BinaryResource" name="translator-teams.xq" owner="admin" group="operations" mode="750" created="2018-08-28T10:12:51+02:00" modified="2019-05-03T10:33:21+02:00" filename="translator-teams.xq" mimetype="application/xquery" blob-id="5277b5442a2f24188bde3c8e24e2437cff63054bbab208fb5f1408cfd25e1e06">
        <acl entries="0" version="1"/>
    </resource>
    <resource type="BinaryResource" name="translators.xq" owner="admin" group="operations" mode="750" created="2018-08-27T11:07:38+02:00" modified="2019-01-28T17:14:45+01:00" filename="translators.xq" mimetype="application/xquery" blob-id="fe2500cbd05abe8be609050e80c212c241993e16fee43565d26d1277d9a576c5">
        <acl entries="0" version="1"/>
    </resource>
</collection>