<collection xmlns="http://exist.sourceforge.net/NS/exist" name="/db/apps/84000-utilities/scripts" owner="admin" group="utilities" mode="755" created="2019-08-13T14:31:23+02:00" deduplicate-blobs="false" version="2">
    <acl entries="0" version="1"/>
    <resource type="BinaryResource" name="resolve-glossary-entities.xq" owner="admin" group="dba" mode="664" created="2021-08-19T12:51:52+02:00" modified="2021-09-08T21:08:02+02:00" filename="resolve-glossary-entities.xq" mimetype="application/xquery" blob-id="885a166314d72d3dc98ed04a183ae4f9db8f794e7c0e7df0ed24df432bf6a998">
        <acl entries="0" version="1"/>
    </resource>
    <resource type="BinaryResource" name="update-files.xq" owner="admin" group="utilities" mode="4770" created="2019-12-04T10:29:36+01:00" modified="2021-10-30T16:14:55+02:00" filename="update-files.xq" mimetype="application/xquery" blob-id="a52e2caab5921b33b82ac21438b11415bb09e6fddea332c093e35c7715dd873b">
        <acl entries="0" version="1"/>
    </resource>
    <resource type="BinaryResource" name="glossaries-without-enities.xq" owner="admin" group="dba" mode="664" created="2021-09-08T21:05:46+02:00" modified="2021-09-09T13:11:57+02:00" filename="glossaries-without-enities.xq" mimetype="application/xquery" blob-id="c8a87fea8c6613205b398d4c49f5c0fd06e231d8723a87bea4dc35d23e153c4a">
        <acl entries="0" version="1"/>
    </resource>
    <resource type="BinaryResource" name="publications-per-year.xq" owner="admin" group="utilities" mode="750" created="2019-12-02T13:46:00+01:00" modified="2021-08-31T15:45:02+02:00" filename="publications-per-year.xq" mimetype="application/xquery" blob-id="5cef1c9935b92135c7b246e54f3680adf0624ed87816edac367eb22eaf3c0da9">
        <acl entries="0" version="1"/>
    </resource>
    <resource type="BinaryResource" name="published-increment-version.xq" owner="admin" group="utilities" mode="750" created="2019-10-02T17:22:59+02:00" modified="2021-08-31T15:45:18+02:00" filename="published-increment-version.xq" mimetype="application/xquery" blob-id="c803121b3096e064286f239de4282a843ff9afc51aa3ab39f366b26d0c6cb90a">
        <acl entries="0" version="1"/>
    </resource>
    <resource type="BinaryResource" name="entity-labels-to-wylie.xq" owner="admin" group="dba" mode="664" created="2021-09-23T14:16:11+02:00" modified="2021-11-02T10:12:28+01:00" filename="entity-labels-to-wylie.xq" mimetype="application/xquery" blob-id="64ba9921756e0c5fad45e86fc12e0f95e4bc5c80df42704df3c7a368cd9607ad">
        <acl entries="0" version="1"/>
    </resource>
    <resource type="BinaryResource" name="first-ref-not-in-p.xq" owner="admin" group="utilities" mode="750" created="2021-08-13T12:55:43+02:00" modified="2021-08-13T12:59:34+02:00" filename="first-ref-not-in-p.xq" mimetype="application/xquery" blob-id="dcc6d3cbc414ec5c53ed9e8ef39def075e8cfd18449d9458a9816168b20791ac">
        <acl entries="0" version="1"/>
    </resource>
    <resource type="BinaryResource" name="tengyur-data-import.xq" owner="admin" group="utilities" mode="700" created="2021-02-15T10:12:58+01:00" modified="2021-11-02T15:27:15+01:00" filename="tengyur-data-import.xq" mimetype="application/xquery" blob-id="fabe8cb9e8c21c58fda43e3ca196fafa14474c2fd83ff3df6d347c4a5166672d">
        <acl entries="0" version="1"/>
    </resource>
    <resource type="BinaryResource" name="tengyur-data-export.xq" owner="admin" group="utilities" mode="750" created="2020-12-16T15:44:12+01:00" modified="2021-07-29T15:27:33+02:00" filename="tengyur-data-export.xq" mimetype="application/xquery" blob-id="c2c70f3e046a3b3f3b854a5502821a1e8f104a6b647a4cf84cd88ea7e7ae587a">
        <acl entries="0" version="1"/>
    </resource>
    <resource type="BinaryResource" name="generate-attribution-kb-stubs.xq" owner="admin" group="dba" mode="664" created="2021-09-30T09:31:36+02:00" modified="2021-11-02T15:38:46+01:00" filename="generate-attribution-kb-stubs.xq" mimetype="application/xquery" blob-id="9871f51ede696829b79b6b828dba4e738a33795267c8e6b7a072ddb6b79453e2">
        <acl entries="0" version="1"/>
    </resource>
    <resource type="BinaryResource" name="kangyur-data-export.xq" owner="admin" group="utilities" mode="750" created="2021-03-09T12:12:12+01:00" modified="2021-07-29T15:27:34+02:00" filename="kangyur-data-export.xq" mimetype="application/xquery" blob-id="2fd4216091efc4d0ff66a7d5e7540c9dcea3d801d30ad659dd29a35105e847b0">
        <acl entries="0" version="1"/>
    </resource>
    <resource type="BinaryResource" name="generate-sections-structure.xq" owner="admin" group="utilities" mode="700" created="2019-08-13T14:31:23+02:00" modified="2021-07-29T15:27:36+02:00" filename="generate-sections-structure.xq" mimetype="application/xquery" blob-id="35b8eb32613e581213e14bde78efdac0ba882510cb7133712628fe01d96c939f">
        <acl entries="0" version="1"/>
    </resource>
    <resource type="BinaryResource" name="kangyur-data-import.xq" owner="admin" group="utilities" mode="700" created="2021-04-19T09:33:57+02:00" modified="2021-07-29T15:27:36+02:00" filename="kangyur-data-import.xq" mimetype="application/xquery" blob-id="d4b57f232b8ee470e2bd6eae492fd5d484de9d976d82a7555247f4337bf820df">
        <acl entries="0" version="1"/>
    </resource>
    <resource type="BinaryResource" name="backup-db-full.xq" owner="admin" group="utilities" mode="750" created="2021-03-01T16:00:56+01:00" modified="2021-07-29T15:27:37+02:00" filename="backup-db-full.xq" mimetype="application/xquery" blob-id="b4db60d93b6505119a71c2cbca4b7bfe656a64db2a736927a055f9f9af5acfea">
        <acl entries="0" version="1"/>
    </resource>
    <resource type="BinaryResource" name="tengyur-data-import-spreadsheet.xq" owner="admin" group="dba" mode="664" created="2021-09-22T09:56:04+02:00" modified="2021-10-27T09:19:50+02:00" filename="tengyur-data-import-spreadsheet.xq" mimetype="application/xquery" blob-id="f20e6541a402238aed614451399db4c9df5b72d3eb3c0346a2888a61d103dcec">
        <acl entries="0" version="1"/>
    </resource>
    <resource type="BinaryResource" name="track-tei-updates.xq" owner="admin" group="utilities" mode="750" created="2019-12-19T11:58:15+01:00" modified="2021-07-29T15:27:37+02:00" filename="track-tei-updates.xq" mimetype="application/xquery" blob-id="a4700ec205d9cb9c0059d5466eda3da1856a4bd9636aa70566a4ef5237e4baca">
        <acl entries="0" version="1"/>
    </resource>
    <resource type="BinaryResource" name="generate-kangyur-rdf.xq" owner="admin" group="utilities" mode="700" created="2019-11-06T11:05:29+01:00" modified="2021-07-29T15:27:37+02:00" filename="generate-kangyur-rdf.xq" mimetype="application/xquery" blob-id="ac6a92978db9072f5dba6cd7c0d9c7f1152598c7324edf71e5b65ef061472b3d">
        <acl entries="0" version="1"/>
    </resource>
</collection>