<collection xmlns="http://exist.sourceforge.net/NS/exist" name="/db/apps/84000-utilities/scripts" owner="admin" group="utilities" mode="755" created="2019-08-13T14:31:23+02:00" deduplicate-blobs="false" version="2">
    <acl entries="0" version="1"/>
    <resource type="BinaryResource" name="generate-published-epubs.xq" owner="admin" group="dba" mode="644" created="2024-03-12T10:49:16+01:00" modified="2024-03-12T14:09:13+01:00" filename="generate-published-epubs.xq" mimetype="application/xquery" blob-id="d1a4a90d8022347c1276e9d03e96ce7ef5e0f93f689fb8d2b13a01785248d715">
        <acl entries="0" version="1"/>
    </resource>
    <resource type="BinaryResource" name="devanagari-tests.xq" owner="admin" group="script-editors" mode="644" created="2024-03-15T11:06:42+01:00" modified="2024-03-15T12:53:37+01:00" filename="devanagari-tests.xq" mimetype="application/xquery" blob-id="b04fc1f5d06bbb2c94f554ef5a6ce9a1e567ab0c96ea5f7760436ce81197e395">
        <acl entries="0" version="1"/>
    </resource>
    <resource type="BinaryResource" name="generate-kangyur-rdf.xq" owner="admin" group="utilities" mode="700" created="2019-11-06T11:05:29+01:00" modified="2022-06-29T10:29:14+02:00" filename="generate-kangyur-rdf.xq" mimetype="application/xquery" blob-id="468778d97b80b91aec4bd33164284e19db0fdb5d5df77b3820d2b892e52b9a0d">
        <acl entries="0" version="1"/>
    </resource>
    <resource type="BinaryResource" name="repair-repos.xq" owner="admin" group="dba" mode="664" created="2022-04-08T11:30:34+02:00" modified="2022-04-08T11:30:43+02:00" filename="repair-repos.xq" mimetype="application/xquery" blob-id="764356b11c2dea98b255be9c75c06091c152be4506af69f1c57f02737a853704">
        <acl entries="0" version="1"/>
    </resource>
    <resource type="BinaryResource" name="resolve-glossary-entities.xq" owner="admin" group="dba" mode="664" created="2021-08-19T12:51:52+02:00" modified="2023-02-22T15:38:09+01:00" filename="resolve-glossary-entities.xq" mimetype="application/xquery" blob-id="e06794c1fd290cc5207892de5c19066792b1518989d87dbc08d1ca0404e57b0e">
        <acl entries="0" version="1"/>
    </resource>
    <resource type="BinaryResource" name="generate-published-json.xq" owner="admin" group="dba" mode="644" created="2024-05-14T14:26:31+02:00" modified="2024-05-14T15:25:44+02:00" filename="generate-published-json.xq" mimetype="application/xquery" blob-id="72f541c73bf95c9248387841f9acd559e8738981befc45403980eb6e427a8f28">
        <acl entries="0" version="1"/>
    </resource>
    <resource type="BinaryResource" name="tengyur-data-import.xq" owner="admin" group="utilities" mode="700" created="2021-02-15T10:12:58+01:00" modified="2022-01-28T11:16:06+01:00" filename="tengyur-data-import.xq" mimetype="application/xquery" blob-id="dcf5e856a14efb1359a882a1162fc45288ce0706c1fd756d56b41fa49d36b7fc">
        <acl entries="0" version="1"/>
    </resource>
    <resource type="BinaryResource" name="glossary-stats.xq" owner="admin" group="dba" mode="664" created="2021-11-19T17:16:44+01:00" modified="2022-04-08T17:00:55+02:00" filename="glossary-stats.xq" mimetype="application/xquery" blob-id="a4abcd168f2b22106adb21a1a474844c6521fe6154808c5bddd54690fbb2f1e3">
        <acl entries="0" version="1"/>
    </resource>
    <resource type="BinaryResource" name="publications-per-year.xq" owner="admin" group="utilities" mode="750" created="2019-12-02T13:46:00+01:00" modified="2021-08-31T15:45:02+02:00" filename="publications-per-year.xq" mimetype="application/xquery" blob-id="5cef1c9935b92135c7b246e54f3680adf0624ed87816edac367eb22eaf3c0da9">
        <acl entries="0" version="1"/>
    </resource>
    <resource type="BinaryResource" name="glossaries-without-entities.xq" owner="admin" group="dba" mode="664" created="2021-09-08T21:05:46+02:00" modified="2023-03-17T13:45:44+01:00" filename="glossaries-without-entities.xq" mimetype="application/xquery" blob-id="d7b1aeb3bc8f6dc81363310d7e95d5767a34c45edd0faca700ec2bf188aca5d4">
        <acl entries="0" version="1"/>
    </resource>
    <resource type="BinaryResource" name="84000-sanskrit-dic.xq" owner="admin" group="dba" mode="664" created="2022-02-17T10:58:25+01:00" modified="2022-02-17T11:51:08+01:00" filename="84000-sanskrit-dic.xq" mimetype="application/xquery" blob-id="a3d13e9325d49b7a06c3e8e5fefb910a8b907e5239ee8e715bf4cfe3df17d660">
        <acl entries="0" version="1"/>
    </resource>
    <resource type="BinaryResource" name="glossaries-multiple-entities.xq" owner="admin" group="dba" mode="664" created="2021-11-11T14:23:28+01:00" modified="2022-01-05T10:35:02+01:00" filename="glossaries-multiple-entities.xq" mimetype="application/xquery" blob-id="da72b5d23046ccd11bc1f746cb435cb0ce536e950649b0aa0102a3784bb33e01">
        <acl entries="0" version="1"/>
    </resource>
    <resource type="BinaryResource" name="tengyur-import-fix-titles-cd.xq" owner="admin" group="dba" mode="664" created="2021-11-11T12:25:49+01:00" modified="2021-11-11T12:46:09+01:00" filename="tengyur-import-fix-titles-cd.xq" mimetype="application/xquery" blob-id="e5b0e58395806049ef3b057909daad07212902f90cddac5daef9785bf38fe9da">
        <acl entries="0" version="1"/>
    </resource>
    <resource type="BinaryResource" name="search-test.xq" owner="admin" group="dba" mode="664" created="2022-07-06T14:08:39+02:00" modified="2023-03-13T13:18:20+01:00" filename="search-test.xq" mimetype="application/xquery" blob-id="632ec32f02d19511fdbedb5f2261069bc00901166acaec071287cb6c3ebe86db">
        <acl entries="0" version="1"/>
    </resource>
    <resource type="BinaryResource" name="tengyur-page-count.xq" owner="admin" group="dba" mode="664" created="2021-12-15T11:45:32+01:00" modified="2021-12-15T11:49:23+01:00" filename="tengyur-page-count.xq" mimetype="application/xquery" blob-id="31574d07770ca5b1553b44511965eeb4ec67460008de7f5b960596615cc23c48">
        <acl entries="0" version="1"/>
    </resource>
    <resource type="BinaryResource" name="entities-duplicate-ids.xq" owner="admin" group="dba" mode="664" created="2022-01-05T10:10:49+01:00" modified="2022-10-12T09:35:56+02:00" filename="entities-duplicate-ids.xq" mimetype="application/xquery" blob-id="6e32af87f8bbb7d1ffe04b260dae5ce98466c23833e27e00d273fc39d732ddde">
        <acl entries="0" version="1"/>
    </resource>
    <resource type="BinaryResource" name="entity-content-namespace-fix.xq" owner="admin" group="dba" mode="664" created="2022-03-25T13:09:28+01:00" modified="2022-03-25T13:22:34+01:00" filename="entity-content-namespace-fix.xq" mimetype="application/xquery" blob-id="7099abedfe8093c11eedf1655e54c487565f0b43179586eef5a0c6a1733e3432">
        <acl entries="0" version="1"/>
    </resource>
    <resource type="BinaryResource" name="attributions-orphaned-entities.xq" owner="admin" group="dba" mode="664" created="2022-01-06T12:12:37+01:00" modified="2024-03-06T14:37:12+01:00" filename="attributions-orphaned-entities.xq" mimetype="application/xquery" blob-id="e3e8acd99db1665d51a621efc0fabcf2042cedf48477686aa9bae29531de16ea">
        <acl entries="0" version="1"/>
    </resource>
    <resource type="BinaryResource" name="entity-labels-to-wylie.xq" owner="admin" group="dba" mode="664" created="2021-09-23T14:16:11+02:00" modified="2022-03-30T17:02:43+02:00" filename="entity-labels-to-wylie.xq" mimetype="application/xquery" blob-id="cd5b6d900b4c2681a4b9ee0274bface8abdb4ada7f3aca091d6eb1c4c68aec61">
        <acl entries="0" version="1"/>
    </resource>
    <resource type="BinaryResource" name="kangyur-import-atii.xq" owner="admin" group="dba" mode="664" created="2022-06-15T17:21:55+02:00" modified="2022-06-16T15:41:17+02:00" filename="kangyur-import-atii.xq" mimetype="application/xquery" blob-id="29e7b71eb29492ba233c20ea3c2ede577b6084b3635a6f26ecb735fceef100b7">
        <acl entries="0" version="1"/>
    </resource>
    <resource type="BinaryResource" name="toh-key-source-mismatch.xq" owner="admin" group="dba" mode="664" created="2023-01-20T11:29:35+01:00" modified="2023-03-24T13:48:43+01:00" filename="toh-key-source-mismatch.xq" mimetype="application/xquery" blob-id="3ce1ed87b56336bdff5bfd8625118a9a1fcc6fbff4ed97f36510d8ba3cdef336">
        <acl entries="0" version="1"/>
    </resource>
    <resource type="BinaryResource" name="first-ref-not-in-p.xq" owner="admin" group="utilities" mode="750" created="2021-08-13T12:55:43+02:00" modified="2021-08-13T12:59:34+02:00" filename="first-ref-not-in-p.xq" mimetype="application/xquery" blob-id="dcc6d3cbc414ec5c53ed9e8ef39def075e8cfd18449d9458a9816168b20791ac">
        <acl entries="0" version="1"/>
    </resource>
    <resource type="BinaryResource" name="maintain-tm.xq" owner="admin" group="dba" mode="664" created="2022-12-15T14:14:14+01:00" modified="2023-01-23T14:51:30+01:00" filename="maintain-tm.xq" mimetype="application/xquery" blob-id="b029961676ee37ed312ca3a03970bf30390878f2ac003bb113dcba4745d50565">
        <acl entries="0" version="1"/>
    </resource>
    <resource type="BinaryResource" name="generate-sections-structure.xq" owner="admin" group="utilities" mode="700" created="2019-08-13T14:31:23+02:00" modified="2021-07-29T15:27:36+02:00" filename="generate-sections-structure.xq" mimetype="application/xquery" blob-id="35b8eb32613e581213e14bde78efdac0ba882510cb7133712628fe01d96c939f">
        <acl entries="0" version="1"/>
    </resource>
    <resource type="BinaryResource" name="kangyur-data-import.xq" owner="admin" group="utilities" mode="700" created="2021-04-19T09:33:57+02:00" modified="2021-07-29T15:27:36+02:00" filename="kangyur-data-import.xq" mimetype="application/xquery" blob-id="d4b57f232b8ee470e2bd6eae492fd5d484de9d976d82a7555247f4337bf820df">
        <acl entries="0" version="1"/>
    </resource>
    <resource type="BinaryResource" name="backup-db-full.xq" owner="admin" group="utilities" mode="750" created="2021-03-01T16:00:56+01:00" modified="2021-07-29T15:27:37+02:00" filename="backup-db-full.xq" mimetype="application/xquery" blob-id="b4db60d93b6505119a71c2cbca4b7bfe656a64db2a736927a055f9f9af5acfea">
        <acl entries="0" version="1"/>
    </resource>
    <resource type="BinaryResource" name="tengyur-data-import-spreadsheet.xq" owner="admin" group="dba" mode="664" created="2021-09-22T09:56:04+02:00" modified="2021-10-27T09:19:50+02:00" filename="tengyur-data-import-spreadsheet.xq" mimetype="application/xquery" blob-id="f20e6541a402238aed614451399db4c9df5b72d3eb3c0346a2888a61d103dcec">
        <acl entries="0" version="1"/>
    </resource>
    <resource type="BinaryResource" name="analysis-1000-Buddhas.xq" owner="admin" group="dba" mode="664" created="2021-11-26T10:09:15+01:00" modified="2022-02-11T17:01:02+01:00" filename="analysis-1000-Buddhas.xq" mimetype="application/xquery" blob-id="e5457c1bbdadf4a428ce49e4decaeab49f0bdc09f28733f8d48101e68efe1d11">
        <acl entries="0" version="1"/>
    </resource>
    <resource type="BinaryResource" name="test-cases-quotes.xq" owner="admin" group="dba" mode="664" created="2023-03-06T13:46:01+01:00" modified="2023-08-04T18:27:33+02:00" filename="test-cases-quotes.xq" mimetype="application/xquery" blob-id="c870807c5f3e79f612f19b1fc49cc4f09aa6a2a7665624565fe3c288280b52fb">
        <acl entries="0" version="1"/>
    </resource>
    <resource type="BinaryResource" name="kangyur-data-export.xq" owner="admin" group="utilities" mode="750" created="2021-03-09T12:12:12+01:00" modified="2023-06-12T19:11:48+02:00" filename="kangyur-data-export.xq" mimetype="application/xquery" blob-id="0cf3ed8928b2dfef60a5962ad04b18d46b27d70ea74f84259f98376999952c53">
        <acl entries="0" version="1"/>
    </resource>
    <resource type="BinaryResource" name="move-files.xq" owner="admin" group="dba" mode="644" created="2023-05-23T17:23:36+02:00" modified="2023-06-12T19:14:21+02:00" filename="move-files.xq" mimetype="application/xquery" blob-id="898f517eb9ccac1af1321670002fa027967e3e13024020a1385eb9f0b954dbc5">
        <acl entries="0" version="1"/>
    </resource>
    <resource type="BinaryResource" name="tengyur-data-export.xq" owner="admin" group="utilities" mode="750" created="2020-12-16T15:44:12+01:00" modified="2023-06-12T19:15:19+02:00" filename="tengyur-data-export.xq" mimetype="application/xquery" blob-id="94e708eaafc191f9a3f05b12dbb5f1d4a60e84f36e318b2e3a8c8523b05edfcd">
        <acl entries="0" version="1"/>
    </resource>
    <resource type="BinaryResource" name="scan-for-file-issues.xq" owner="admin" group="dba" mode="644" created="2023-10-20T17:54:42+02:00" modified="2023-11-10T13:48:46+01:00" filename="scan-for-file-issues.xq" mimetype="application/xquery" blob-id="d9fc15bcc760d866540382133c79088af69b855396ef18faa395216bd4400943">
        <acl entries="0" version="1"/>
    </resource>
    <resource type="BinaryResource" name="clear-cache.xq" owner="admin" group="dba" mode="664" created="2021-12-15T15:11:12+01:00" modified="2023-10-19T20:42:23+02:00" filename="clear-cache.xq" mimetype="application/xquery" blob-id="b5e19f3a709b9ac592b93b6c0bf59913430097d6c86962d91d7fcd1bccec4d06">
        <acl entries="0" version="1"/>
    </resource>
    <resource type="BinaryResource" name="generate-attribution-kb-stubs.xq" owner="admin" group="dba" mode="664" created="2021-09-30T09:31:36+02:00" modified="2023-05-23T17:09:38+02:00" filename="generate-attribution-kb-stubs.xq" mimetype="application/xquery" blob-id="3a62d728b53ac321d5c072d646a2e0431b31aee6a206e949a90f4030212914d6">
        <acl entries="0" version="1"/>
    </resource>
    <resource type="BinaryResource" name="recent-updates.xq" owner="admin" group="dba" mode="664" created="2022-03-21T12:49:33+01:00" modified="2024-01-26T10:52:11+01:00" filename="recent-updates.xq" mimetype="application/xquery" blob-id="0ddbf1a50bbde22d6d6319a4819f6a5d68ee9a759220a3341eb764440c364f63">
        <acl entries="0" version="1"/>
    </resource>
    <resource type="BinaryResource" name="generate-monolingual-tm.xq" owner="admin" group="dba" mode="644" created="2023-10-23T10:07:31+02:00" modified="2023-11-30T19:01:22+01:00" filename="generate-monolingual-tm.xq" mimetype="application/xquery" blob-id="1c93703f064caf73162a068ecdafc583b98e49d051f002f7b1248041d63629ad">
        <acl entries="0" version="1"/>
    </resource>
    <resource type="BinaryResource" name="glossaries-bo-term-capitals.xq" owner="admin" group="dba" mode="644" created="2023-10-06T09:41:12+02:00" modified="2023-10-11T12:00:49+02:00" filename="glossaries-bo-term-capitals.xq" mimetype="application/xquery" blob-id="81aa3b79ccd5ca5896d5eca2fecd87f07ca13b9b9501f008631f68f0465442ae">
        <acl entries="0" version="1"/>
    </resource>
    <resource type="BinaryResource" name="glossaries-sanskrit-attested-source.xq" owner="admin" group="dba" mode="644" created="2024-02-01T14:56:52+01:00" modified="2024-02-01T15:13:17+01:00" filename="glossaries-sanskrit-attested-source.xq" mimetype="application/xquery" blob-id="bd6e3ac1876ec542780b721c1cf2c45a9dd99c634a5cf7d57654b579b10d539a">
        <acl entries="0" version="1"/>
    </resource>
    <resource type="BinaryResource" name="published-increment-version.xq" owner="admin" group="utilities" mode="750" created="2019-10-02T17:22:59+02:00" modified="2023-11-21T14:50:52+01:00" filename="published-increment-version.xq" mimetype="application/xquery" blob-id="4b4c8cb5d5bd4294dc6929e100c3e0fd27567883767c0f966bff552b6bf49190">
        <acl entries="0" version="1"/>
    </resource>
    <resource type="BinaryResource" name="generate-tm.xq" owner="admin" group="dba" mode="664" created="2022-12-15T10:36:14+01:00" modified="2023-11-21T15:17:47+01:00" filename="generate-tm.xq" mimetype="application/xquery" blob-id="19cdac7a6dd2810254a4530459e079a8d4bdc65fdd1d8309619727456e62e4ee">
        <acl entries="0" version="1"/>
    </resource>
    <resource type="BinaryResource" name="update-files.xq" owner="admin" group="utilities" mode="4770" created="2019-12-04T10:29:36+01:00" modified="2023-12-04T10:52:15+01:00" filename="update-files.xq" mimetype="application/xquery" blob-id="cd4c6482d056518b90fbb61ec1478830ce1aa3feab08072a24e66730d28c8fcb">
        <acl entries="0" version="1"/>
    </resource>
    <resource type="BinaryResource" name="generate-translation-json.xq" owner="admin" group="dba" mode="644" created="2023-11-15T11:38:57+01:00" modified="2023-11-15T17:28:43+01:00" filename="generate-translation-json.xq" mimetype="application/xquery" blob-id="24cfda61373f8049d4ad709333d076e5deca018fdca4281e5f45eac051dad797">
        <acl entries="0" version="1"/>
    </resource>
    <resource type="BinaryResource" name="track-tei-updates.xq" owner="admin" group="utilities" mode="750" created="2019-12-19T11:58:15+01:00" modified="2023-12-07T15:39:29+01:00" filename="track-tei-updates.xq" mimetype="application/xquery" blob-id="859ee3baae0690abe5d407d97db91c12525a4718c78d42c3128ea85b10154cf6">
        <acl entries="0" version="1"/>
    </resource>
    <resource type="BinaryResource" name="fix-missing-editionStmt.xq" owner="admin" group="dba" mode="644" created="2023-12-07T15:49:17+01:00" modified="2023-12-07T16:02:45+01:00" filename="fix-missing-editionStmt.xq" mimetype="application/xquery" blob-id="6bda6d788978adaac9ef35757c6eeb684b00125b299d62687e1efc3bae3248ca">
        <acl entries="0" version="1"/>
    </resource>
    <subcollection name="exist-tests" filename="exist-tests"/>
    <subcollection name="export-cms" filename="export-cms"/>
</collection>