<collection xmlns="http://exist.sourceforge.net/NS/exist" name="/db/apps/84000-utilities/scripts" owner="admin" group="utilities" mode="755" created="2019-08-13T13:31:23+01:00" deduplicate-blobs="false" version="2">
    <acl entries="0" version="1"/>
    <resource type="BinaryResource" name="resolve-glossary-entities.xq" owner="admin" group="dba" mode="664" created="2021-08-19T11:51:52+01:00" modified="2021-09-08T20:08:02+01:00" filename="resolve-glossary-entities.xq" mimetype="application/xquery" blob-id="885a166314d72d3dc98ed04a183ae4f9db8f794e7c0e7df0ed24df432bf6a998">
        <acl entries="0" version="1"/>
    </resource>
    <resource type="BinaryResource" name="glossaries-without-enities.xq" owner="admin" group="dba" mode="664" created="2021-09-08T20:05:46+01:00" modified="2021-09-08T20:21:25+01:00" filename="glossaries-without-enities.xq" mimetype="application/xquery" blob-id="4e1f2a1989a483bdf1b357b9ec454d16c549792702e84d321f43286c6b44e567">
        <acl entries="0" version="1"/>
    </resource>
    <resource type="BinaryResource" name="publications-per-year.xq" owner="admin" group="utilities" mode="750" created="2019-12-02T12:46:00Z" modified="2021-08-31T14:45:02+01:00" filename="publications-per-year.xq" mimetype="application/xquery" blob-id="5cef1c9935b92135c7b246e54f3680adf0624ed87816edac367eb22eaf3c0da9">
        <acl entries="0" version="1"/>
    </resource>
    <resource type="BinaryResource" name="published-increment-version.xq" owner="admin" group="utilities" mode="750" created="2019-10-02T16:22:59+01:00" modified="2021-08-31T14:45:18+01:00" filename="published-increment-version.xq" mimetype="application/xquery" blob-id="c803121b3096e064286f239de4282a843ff9afc51aa3ab39f366b26d0c6cb90a">
        <acl entries="0" version="1"/>
    </resource>
    <resource type="BinaryResource" name="first-ref-not-in-p.xq" owner="admin" group="utilities" mode="750" created="2021-08-13T11:55:43+01:00" modified="2021-08-13T11:59:34+01:00" filename="first-ref-not-in-p.xq" mimetype="application/xquery" blob-id="dcc6d3cbc414ec5c53ed9e8ef39def075e8cfd18449d9458a9816168b20791ac">
        <acl entries="0" version="1"/>
    </resource>
    <resource type="BinaryResource" name="tengyur-data-export.xq" owner="admin" group="utilities" mode="750" created="2020-12-16T14:44:12Z" modified="2021-07-29T14:27:33+01:00" filename="tengyur-data-export.xq" mimetype="application/xquery" blob-id="c2c70f3e046a3b3f3b854a5502821a1e8f104a6b647a4cf84cd88ea7e7ae587a">
        <acl entries="0" version="1"/>
    </resource>
    <resource type="BinaryResource" name="kangyur-data-export.xq" owner="admin" group="utilities" mode="750" created="2021-03-09T11:12:12Z" modified="2021-07-29T14:27:34+01:00" filename="kangyur-data-export.xq" mimetype="application/xquery" blob-id="2fd4216091efc4d0ff66a7d5e7540c9dcea3d801d30ad659dd29a35105e847b0">
        <acl entries="0" version="1"/>
    </resource>
    <resource type="BinaryResource" name="tengyur-data-import.xq" owner="admin" group="utilities" mode="700" created="2021-02-15T09:12:58Z" modified="2021-07-29T14:27:35+01:00" filename="tengyur-data-import.xq" mimetype="application/xquery" blob-id="93557fc51332a85f5ae844b33b86bc1e6016e46fbfd07b838d5984644ac78842">
        <acl entries="0" version="1"/>
    </resource>
    <resource type="BinaryResource" name="generate-sections-structure.xq" owner="admin" group="utilities" mode="700" created="2019-08-13T13:31:23+01:00" modified="2021-07-29T14:27:36+01:00" filename="generate-sections-structure.xq" mimetype="application/xquery" blob-id="35b8eb32613e581213e14bde78efdac0ba882510cb7133712628fe01d96c939f">
        <acl entries="0" version="1"/>
    </resource>
    <resource type="BinaryResource" name="kangyur-data-import.xq" owner="admin" group="utilities" mode="700" created="2021-04-19T08:33:57+01:00" modified="2021-07-29T14:27:36+01:00" filename="kangyur-data-import.xq" mimetype="application/xquery" blob-id="d4b57f232b8ee470e2bd6eae492fd5d484de9d976d82a7555247f4337bf820df">
        <acl entries="0" version="1"/>
    </resource>
    <resource type="BinaryResource" name="backup-db-full.xq" owner="admin" group="utilities" mode="750" created="2021-03-01T15:00:56Z" modified="2021-07-29T14:27:37+01:00" filename="backup-db-full.xq" mimetype="application/xquery" blob-id="b4db60d93b6505119a71c2cbca4b7bfe656a64db2a736927a055f9f9af5acfea">
        <acl entries="0" version="1"/>
    </resource>
    <resource type="BinaryResource" name="track-tei-updates.xq" owner="admin" group="utilities" mode="750" created="2019-12-19T10:58:15Z" modified="2021-07-29T14:27:37+01:00" filename="track-tei-updates.xq" mimetype="application/xquery" blob-id="a4700ec205d9cb9c0059d5466eda3da1856a4bd9636aa70566a4ef5237e4baca">
        <acl entries="0" version="1"/>
    </resource>
    <resource type="BinaryResource" name="update-files.xq" owner="admin" group="utilities" mode="4770" created="2019-12-04T09:29:36Z" modified="2021-07-29T14:27:37+01:00" filename="update-files.xq" mimetype="application/xquery" blob-id="2426545db1fd7bb4df2dab2b9b358efb661ae9e278741c01b3022418500430ee">
        <acl entries="0" version="1"/>
    </resource>
    <resource type="BinaryResource" name="generate-kangyur-rdf.xq" owner="admin" group="utilities" mode="700" created="2019-11-06T10:05:29Z" modified="2021-07-29T14:27:37+01:00" filename="generate-kangyur-rdf.xq" mimetype="application/xquery" blob-id="ac6a92978db9072f5dba6cd7c0d9c7f1152598c7324edf71e5b65ef061472b3d">
        <acl entries="0" version="1"/>
    </resource>
</collection>