<collection xmlns="http://exist.sourceforge.net/NS/exist" name="/db/apps/84000-utilities/scripts" owner="admin" group="utilities" mode="755" created="2019-08-13T14:31:23+02:00" deduplicate-blobs="false" version="2">
    <acl entries="0" version="1"/>
    <resource type="BinaryResource" name="update-files.xq" owner="admin" group="utilities" mode="4770" created="2019-12-04T10:29:36+01:00" modified="2023-06-23T13:38:13+02:00" filename="update-files.xq" mimetype="application/xquery" blob-id="df1f8c72e252e53b1c6f348148a02a7f64d441501ed9fed60f45f9ad3747c815">
        <acl entries="0" version="1"/>
    </resource>
    <resource type="BinaryResource" name="published-increment-version.xq" owner="admin" group="utilities" mode="750" created="2019-10-02T17:22:59+02:00" modified="2023-07-10T20:26:07+02:00" filename="published-increment-version.xq" mimetype="application/xquery" blob-id="344c1a4b5b2c8d4b7ea70893381234bea8002327d5dd332311c6e8213e61b0d6">
        <acl entries="0" version="1"/>
    </resource>
    <resource type="BinaryResource" name="generate-kangyur-rdf.xq" owner="admin" group="utilities" mode="700" created="2019-11-06T11:05:29+01:00" modified="2022-06-29T10:29:14+02:00" filename="generate-kangyur-rdf.xq" mimetype="application/xquery" blob-id="468778d97b80b91aec4bd33164284e19db0fdb5d5df77b3820d2b892e52b9a0d">
        <acl entries="0" version="1"/>
    </resource>
    <resource type="BinaryResource" name="recent-updates.xq" owner="admin" group="dba" mode="664" created="2022-03-21T12:49:33+01:00" modified="2023-07-10T20:31:45+02:00" filename="recent-updates.xq" mimetype="application/xquery" blob-id="57edd3bd02867c931c31713ecd5c7761f5c74611da01531efe8d7d8fce7331fa">
        <acl entries="0" version="1"/>
    </resource>
    <resource type="BinaryResource" name="repair-repos.xq" owner="admin" group="dba" mode="664" created="2022-04-08T11:30:34+02:00" modified="2022-04-08T11:30:43+02:00" filename="repair-repos.xq" mimetype="application/xquery" blob-id="764356b11c2dea98b255be9c75c06091c152be4506af69f1c57f02737a853704">
        <acl entries="0" version="1"/>
    </resource>
    <resource type="BinaryResource" name="resolve-glossary-entities.xq" owner="admin" group="dba" mode="664" created="2021-08-19T12:51:52+02:00" modified="2023-02-22T15:38:09+01:00" filename="resolve-glossary-entities.xq" mimetype="application/xquery" blob-id="e06794c1fd290cc5207892de5c19066792b1518989d87dbc08d1ca0404e57b0e">
        <acl entries="0" version="1"/>
    </resource>
    <resource type="BinaryResource" name="track-tei-updates.xq" owner="admin" group="utilities" mode="750" created="2019-12-19T11:58:15+01:00" modified="2023-07-10T20:54:20+02:00" filename="track-tei-updates.xq" mimetype="application/xquery" blob-id="859ee3baae0690abe5d407d97db91c12525a4718c78d42c3128ea85b10154cf6">
        <acl entries="0" version="1"/>
    </resource>
    <resource type="BinaryResource" name="tengyur-data-import.xq" owner="admin" group="utilities" mode="700" created="2021-02-15T10:12:58+01:00" modified="2022-01-28T11:16:06+01:00" filename="tengyur-data-import.xq" mimetype="application/xquery" blob-id="dcf5e856a14efb1359a882a1162fc45288ce0706c1fd756d56b41fa49d36b7fc">
        <acl entries="0" version="1"/>
    </resource>
    <resource type="BinaryResource" name="clear-cache.xq" owner="admin" group="dba" mode="664" created="2021-12-15T15:11:12+01:00" modified="2022-02-04T11:41:26+01:00" filename="clear-cache.xq" mimetype="application/xquery" blob-id="4f4cfc0826734437f97b14e53d9179f2ee2f5dddc1da41ba5c74eae103039b99">
        <acl entries="0" version="1"/>
    </resource>
    <resource type="BinaryResource" name="glossary-stats.xq" owner="admin" group="dba" mode="664" created="2021-11-19T17:16:44+01:00" modified="2022-04-08T17:00:55+02:00" filename="glossary-stats.xq" mimetype="application/xquery" blob-id="a4abcd168f2b22106adb21a1a474844c6521fe6154808c5bddd54690fbb2f1e3">
        <acl entries="0" version="1"/>
    </resource>
    <resource type="BinaryResource" name="publications-per-year.xq" owner="admin" group="utilities" mode="750" created="2019-12-02T13:46:00+01:00" modified="2021-08-31T15:45:02+02:00" filename="publications-per-year.xq" mimetype="application/xquery" blob-id="5cef1c9935b92135c7b246e54f3680adf0624ed87816edac367eb22eaf3c0da9">
        <acl entries="0" version="1"/>
    </resource>
    <resource type="BinaryResource" name="glossaries-without-entities.xq" owner="admin" group="dba" mode="664" created="2021-09-08T21:05:46+02:00" modified="2023-03-17T13:45:44+01:00" filename="glossaries-without-entities.xq" mimetype="application/xquery" blob-id="d7b1aeb3bc8f6dc81363310d7e95d5767a34c45edd0faca700ec2bf188aca5d4">
        <acl entries="0" version="1"/>
    </resource>
    <resource type="BinaryResource" name="84000-sanskrit-dic.xq" owner="admin" group="dba" mode="664" created="2022-02-17T10:58:25+01:00" modified="2022-02-17T11:51:08+01:00" filename="84000-sanskrit-dic.xq" mimetype="application/xquery" blob-id="a3d13e9325d49b7a06c3e8e5fefb910a8b907e5239ee8e715bf4cfe3df17d660">
        <acl entries="0" version="1"/>
    </resource>
    <resource type="BinaryResource" name="glossaries-multiple-entities.xq" owner="admin" group="dba" mode="664" created="2021-11-11T14:23:28+01:00" modified="2022-01-05T10:35:02+01:00" filename="glossaries-multiple-entities.xq" mimetype="application/xquery" blob-id="da72b5d23046ccd11bc1f746cb435cb0ce536e950649b0aa0102a3784bb33e01">
        <acl entries="0" version="1"/>
    </resource>
    <resource type="BinaryResource" name="tengyur-import-fix-titles-cd.xq" owner="admin" group="dba" mode="664" created="2021-11-11T12:25:49+01:00" modified="2021-11-11T12:46:09+01:00" filename="tengyur-import-fix-titles-cd.xq" mimetype="application/xquery" blob-id="e5b0e58395806049ef3b057909daad07212902f90cddac5daef9785bf38fe9da">
        <acl entries="0" version="1"/>
    </resource>
    <resource type="BinaryResource" name="test-cases-quotes.xq" owner="admin" group="dba" mode="664" created="2023-03-06T13:46:01+01:00" modified="2023-03-10T17:26:48+01:00" filename="test-cases-quotes.xq" mimetype="application/xquery" blob-id="76cd2149ba47dd03803f69104385f377c23c46d0e7aa083a56df276793721a7d">
        <acl entries="0" version="1"/>
    </resource>
    <resource type="BinaryResource" name="search-test.xq" owner="admin" group="dba" mode="664" created="2022-07-06T14:08:39+02:00" modified="2023-03-13T13:18:20+01:00" filename="search-test.xq" mimetype="application/xquery" blob-id="632ec32f02d19511fdbedb5f2261069bc00901166acaec071287cb6c3ebe86db">
        <acl entries="0" version="1"/>
    </resource>
    <resource type="BinaryResource" name="tengyur-page-count.xq" owner="admin" group="dba" mode="664" created="2021-12-15T11:45:32+01:00" modified="2021-12-15T11:49:23+01:00" filename="tengyur-page-count.xq" mimetype="application/xquery" blob-id="31574d07770ca5b1553b44511965eeb4ec67460008de7f5b960596615cc23c48">
        <acl entries="0" version="1"/>
    </resource>
    <resource type="BinaryResource" name="entities-duplicate-ids.xq" owner="admin" group="dba" mode="664" created="2022-01-05T10:10:49+01:00" modified="2022-10-12T09:35:56+02:00" filename="entities-duplicate-ids.xq" mimetype="application/xquery" blob-id="6e32af87f8bbb7d1ffe04b260dae5ce98466c23833e27e00d273fc39d732ddde">
        <acl entries="0" version="1"/>
    </resource>
    <resource type="BinaryResource" name="entity-content-namespace-fix.xq" owner="admin" group="dba" mode="664" created="2022-03-25T13:09:28+01:00" modified="2022-03-25T13:22:34+01:00" filename="entity-content-namespace-fix.xq" mimetype="application/xquery" blob-id="7099abedfe8093c11eedf1655e54c487565f0b43179586eef5a0c6a1733e3432">
        <acl entries="0" version="1"/>
    </resource>
    <resource type="BinaryResource" name="entity-labels-to-wylie.xq" owner="admin" group="dba" mode="664" created="2021-09-23T14:16:11+02:00" modified="2022-03-30T17:02:43+02:00" filename="entity-labels-to-wylie.xq" mimetype="application/xquery" blob-id="cd5b6d900b4c2681a4b9ee0274bface8abdb4ada7f3aca091d6eb1c4c68aec61">
        <acl entries="0" version="1"/>
    </resource>
    <resource type="BinaryResource" name="kangyur-import-atii.xq" owner="admin" group="dba" mode="664" created="2022-06-15T17:21:55+02:00" modified="2022-06-16T15:41:17+02:00" filename="kangyur-import-atii.xq" mimetype="application/xquery" blob-id="29e7b71eb29492ba233c20ea3c2ede577b6084b3635a6f26ecb735fceef100b7">
        <acl entries="0" version="1"/>
    </resource>
    <resource type="BinaryResource" name="generate-tm.xq" owner="admin" group="dba" mode="664" created="2022-12-15T10:36:14+01:00" modified="2023-01-13T18:29:08+01:00" filename="generate-tm.xq" mimetype="application/xquery" blob-id="c20415b40de815f55af7a42932047a7fbe5a2be752242784744d200cc6aeac94">
        <acl entries="0" version="1"/>
    </resource>
    <resource type="BinaryResource" name="toh-key-source-mismatch.xq" owner="admin" group="dba" mode="664" created="2023-01-20T11:29:35+01:00" modified="2023-03-24T13:48:43+01:00" filename="toh-key-source-mismatch.xq" mimetype="application/xquery" blob-id="3ce1ed87b56336bdff5bfd8625118a9a1fcc6fbff4ed97f36510d8ba3cdef336">
        <acl entries="0" version="1"/>
    </resource>
    <resource type="BinaryResource" name="first-ref-not-in-p.xq" owner="admin" group="utilities" mode="750" created="2021-08-13T12:55:43+02:00" modified="2021-08-13T12:59:34+02:00" filename="first-ref-not-in-p.xq" mimetype="application/xquery" blob-id="dcc6d3cbc414ec5c53ed9e8ef39def075e8cfd18449d9458a9816168b20791ac">
        <acl entries="0" version="1"/>
    </resource>
    <resource type="BinaryResource" name="maintain-tm.xq" owner="admin" group="dba" mode="664" created="2022-12-15T14:14:14+01:00" modified="2023-01-23T14:51:30+01:00" filename="maintain-tm.xq" mimetype="application/xquery" blob-id="b029961676ee37ed312ca3a03970bf30390878f2ac003bb113dcba4745d50565">
        <acl entries="0" version="1"/>
    </resource>
    <resource type="BinaryResource" name="generate-sections-structure.xq" owner="admin" group="utilities" mode="700" created="2019-08-13T14:31:23+02:00" modified="2021-07-29T15:27:36+02:00" filename="generate-sections-structure.xq" mimetype="application/xquery" blob-id="35b8eb32613e581213e14bde78efdac0ba882510cb7133712628fe01d96c939f">
        <acl entries="0" version="1"/>
    </resource>
    <resource type="BinaryResource" name="kangyur-data-import.xq" owner="admin" group="utilities" mode="700" created="2021-04-19T09:33:57+02:00" modified="2021-07-29T15:27:36+02:00" filename="kangyur-data-import.xq" mimetype="application/xquery" blob-id="d4b57f232b8ee470e2bd6eae492fd5d484de9d976d82a7555247f4337bf820df">
        <acl entries="0" version="1"/>
    </resource>
    <resource type="BinaryResource" name="backup-db-full.xq" owner="admin" group="utilities" mode="750" created="2021-03-01T16:00:56+01:00" modified="2021-07-29T15:27:37+02:00" filename="backup-db-full.xq" mimetype="application/xquery" blob-id="b4db60d93b6505119a71c2cbca4b7bfe656a64db2a736927a055f9f9af5acfea">
        <acl entries="0" version="1"/>
    </resource>
    <resource type="BinaryResource" name="tengyur-data-import-spreadsheet.xq" owner="admin" group="dba" mode="664" created="2021-09-22T09:56:04+02:00" modified="2021-10-27T09:19:50+02:00" filename="tengyur-data-import-spreadsheet.xq" mimetype="application/xquery" blob-id="f20e6541a402238aed614451399db4c9df5b72d3eb3c0346a2888a61d103dcec">
        <acl entries="0" version="1"/>
    </resource>
    <resource type="BinaryResource" name="analysis-1000-Buddhas.xq" owner="admin" group="dba" mode="664" created="2021-11-26T10:09:15+01:00" modified="2022-02-11T17:01:02+01:00" filename="analysis-1000-Buddhas.xq" mimetype="application/xquery" blob-id="e5457c1bbdadf4a428ce49e4decaeab49f0bdc09f28733f8d48101e68efe1d11">
        <acl entries="0" version="1"/>
    </resource>
    <resource type="BinaryResource" name="kangyur-data-export.xq" owner="admin" group="utilities" mode="750" created="2021-03-09T12:12:12+01:00" modified="2023-06-12T19:11:48+02:00" filename="kangyur-data-export.xq" mimetype="application/xquery" blob-id="0cf3ed8928b2dfef60a5962ad04b18d46b27d70ea74f84259f98376999952c53">
        <acl entries="0" version="1"/>
    </resource>
    <resource type="BinaryResource" name="move-files.xq" owner="admin" group="dba" mode="644" created="2023-05-23T17:23:36+02:00" modified="2023-06-12T19:14:21+02:00" filename="move-files.xq" mimetype="application/xquery" blob-id="898f517eb9ccac1af1321670002fa027967e3e13024020a1385eb9f0b954dbc5">
        <acl entries="0" version="1"/>
    </resource>
    <resource type="BinaryResource" name="tengyur-data-export.xq" owner="admin" group="utilities" mode="750" created="2020-12-16T15:44:12+01:00" modified="2023-06-12T19:15:19+02:00" filename="tengyur-data-export.xq" mimetype="application/xquery" blob-id="94e708eaafc191f9a3f05b12dbb5f1d4a60e84f36e318b2e3a8c8523b05edfcd">
        <acl entries="0" version="1"/>
    </resource>
    <resource type="BinaryResource" name="generate-attribution-kb-stubs.xq" owner="admin" group="dba" mode="664" created="2021-09-30T09:31:36+02:00" modified="2023-05-23T17:09:38+02:00" filename="generate-attribution-kb-stubs.xq" mimetype="application/xquery" blob-id="3a62d728b53ac321d5c072d646a2e0431b31aee6a206e949a90f4030212914d6">
        <acl entries="0" version="1"/>
    </resource>
    <resource type="BinaryResource" name="attributions-orphaned-entities.xq" owner="admin" group="dba" mode="664" created="2022-01-06T12:12:37+01:00" modified="2023-07-10T13:40:24+02:00" filename="attributions-orphaned-entities.xq" mimetype="application/xquery" blob-id="ac8802390add1edae37ed9edf7e7a22db29c0de4dcea7e69fdf5136806ad1a00">
        <acl entries="0" version="1"/>
    </resource>
    <subcollection name="exist-tests" filename="exist-tests"/>
</collection>