<collection xmlns="http://exist.sourceforge.net/NS/exist" name="/db/apps/84000-utilities/scripts" owner="admin" group="utilities" mode="755" created="2019-08-13T14:31:23+02:00" deduplicate-blobs="false" version="2">
    <acl entries="0" version="1"/>
    <resource type="BinaryResource" name="track-tei-updates.xq" owner="admin" group="dba" mode="644" created="2019-12-19T11:58:15+01:00" modified="2019-12-20T13:51:29+01:00" filename="track-tei-updates.xq" mimetype="application/xquery" blob-id="1cf5256eacd62eb50b2ecc43bc8d29fbefe11023613d4521b36e0520dc6ef6a4">
        <acl entries="0" version="1"/>
    </resource>
    <resource type="BinaryResource" name="publications-per-year.xq" owner="admin" group="dba" mode="644" created="2019-12-02T13:46:00+01:00" modified="2019-12-02T13:48:36+01:00" filename="publications-per-year.xq" mimetype="application/xquery" blob-id="cbf6cbed77ce8a6fa98ee661c1068cf3a0ed22256112d410fb3a244bf5c999d2">
        <acl entries="0" version="1"/>
    </resource>
    <resource type="BinaryResource" name="generate-sections-structure.xq" owner="admin" group="utilities" mode="700" created="2019-08-13T14:31:23+02:00" modified="2019-08-13T14:31:23+02:00" filename="generate-sections-structure.xq" mimetype="application/xquery" blob-id="35b8eb32613e581213e14bde78efdac0ba882510cb7133712628fe01d96c939f">
        <acl entries="0" version="1"/>
    </resource>
    <resource type="BinaryResource" name="update-files.xq" owner="admin" group="dba" mode="644" created="2019-12-04T10:29:36+01:00" modified="2019-12-04T10:46:16+01:00" filename="update-files.xq" mimetype="application/xquery" blob-id="4e5df309e111bef217cc2bf509e3aaea77e6dda801a6adf03bbf828974cd7dbc">
        <acl entries="0" version="1"/>
    </resource>
    <resource type="BinaryResource" name="published-increment-version.xq" owner="admin" group="dba" mode="644" created="2019-10-02T17:22:59+02:00" modified="2019-10-07T13:50:18+02:00" filename="published-increment-version.xq" mimetype="application/xquery" blob-id="4cc3d497ce92bda12464c2d4a4798b023340ecd41a968c0044d48093c03e83c7">
        <acl entries="0" version="1"/>
    </resource>
    <resource type="BinaryResource" name="generate-kangyur-rdf.xq" owner="admin" group="dba" mode="644" created="2019-11-06T11:05:29+01:00" modified="2019-11-07T12:01:55+01:00" filename="generate-kangyur-rdf.xq" mimetype="application/xquery" blob-id="beffe03251563dfe762a4b827570e4f889799ffbb21a4250a5f515ed893ca121">
        <acl entries="0" version="1"/>
    </resource>
</collection>