<collection xmlns="http://exist.sourceforge.net/NS/exist" name="/db/apps/84000-utilities/scripts" owner="admin" group="utilities" mode="755" created="2019-08-13T14:31:23+02:00" deduplicate-blobs="false" version="2">
    <acl entries="0" version="1"/>
    <resource type="BinaryResource" name="generate-kangyur-rdf.xq" owner="admin" group="utilities" mode="700" created="2019-11-06T11:05:29+01:00" modified="2022-06-29T10:29:14+02:00" filename="generate-kangyur-rdf.xq" mimetype="application/xquery" blob-id="468778d97b80b91aec4bd33164284e19db0fdb5d5df77b3820d2b892e52b9a0d">
        <acl entries="0" version="1"/>
    </resource>
    <resource type="BinaryResource" name="resolve-glossary-entities.xq" owner="admin" group="dba" mode="664" created="2021-08-19T12:51:52+02:00" modified="2021-09-08T21:08:02+02:00" filename="resolve-glossary-entities.xq" mimetype="application/xquery" blob-id="885a166314d72d3dc98ed04a183ae4f9db8f794e7c0e7df0ed24df432bf6a998">
        <acl entries="0" version="1"/>
    </resource>
    <resource type="BinaryResource" name="repair-repos.xq" owner="admin" group="dba" mode="664" created="2022-04-08T11:30:34+02:00" modified="2022-04-08T11:30:43+02:00" filename="repair-repos.xq" mimetype="application/xquery" blob-id="764356b11c2dea98b255be9c75c06091c152be4506af69f1c57f02737a853704">
        <acl entries="0" version="1"/>
    </resource>
    <resource type="BinaryResource" name="search-test.xq" owner="admin" group="dba" mode="664" created="2022-07-06T14:08:39+02:00" modified="2022-07-07T11:03:28+02:00" filename="search-test.xq" mimetype="application/xquery" blob-id="33a162e7c4d4d4724c04026a2e16b5fb1d20c5642987e61b53de1357c1ca87f9">
        <acl entries="0" version="1"/>
    </resource>
    <resource type="BinaryResource" name="attributions-orphaned-entities.xq" owner="admin" group="dba" mode="664" created="2022-01-06T12:12:37+01:00" modified="2022-01-20T10:35:48+01:00" filename="attributions-orphaned-entities.xq" mimetype="application/xquery" blob-id="d1a4c46f4e798f08440d3a2409822e552c38bf3d61b64d08f3091cf0adf33dba">
        <acl entries="0" version="1"/>
    </resource>
    <resource type="BinaryResource" name="generate-tm.xq" owner="admin" group="dba" mode="664" created="2022-12-15T10:36:14+01:00" modified="2022-12-15T14:11:49+01:00" filename="generate-tm.xq" mimetype="application/xquery" blob-id="e0c91cee1553c9bdd2ff4de89929d897321a47bf54b86d6190494e50be39b91c">
        <acl entries="0" version="1"/>
    </resource>
    <resource type="BinaryResource" name="tengyur-data-export.xq" owner="admin" group="utilities" mode="750" created="2020-12-16T15:44:12+01:00" modified="2022-03-02T17:27:36+01:00" filename="tengyur-data-export.xq" mimetype="application/xquery" blob-id="1b01eb4c24851596d42edeff261ecb1cd45d8c020d02b0d5a34d0355bcd4b06d">
        <acl entries="0" version="1"/>
    </resource>
    <resource type="BinaryResource" name="tengyur-data-import.xq" owner="admin" group="utilities" mode="700" created="2021-02-15T10:12:58+01:00" modified="2022-01-28T11:16:06+01:00" filename="tengyur-data-import.xq" mimetype="application/xquery" blob-id="dcf5e856a14efb1359a882a1162fc45288ce0706c1fd756d56b41fa49d36b7fc">
        <acl entries="0" version="1"/>
    </resource>
    <resource type="BinaryResource" name="clear-cache.xq" owner="admin" group="dba" mode="664" created="2021-12-15T15:11:12+01:00" modified="2022-02-04T11:41:26+01:00" filename="clear-cache.xq" mimetype="application/xquery" blob-id="4f4cfc0826734437f97b14e53d9179f2ee2f5dddc1da41ba5c74eae103039b99">
        <acl entries="0" version="1"/>
    </resource>
    <resource type="BinaryResource" name="glossary-stats.xq" owner="admin" group="dba" mode="664" created="2021-11-19T17:16:44+01:00" modified="2022-04-08T17:00:55+02:00" filename="glossary-stats.xq" mimetype="application/xquery" blob-id="a4abcd168f2b22106adb21a1a474844c6521fe6154808c5bddd54690fbb2f1e3">
        <acl entries="0" version="1"/>
    </resource>
    <resource type="BinaryResource" name="publications-per-year.xq" owner="admin" group="utilities" mode="750" created="2019-12-02T13:46:00+01:00" modified="2021-08-31T15:45:02+02:00" filename="publications-per-year.xq" mimetype="application/xquery" blob-id="5cef1c9935b92135c7b246e54f3680adf0624ed87816edac367eb22eaf3c0da9">
        <acl entries="0" version="1"/>
    </resource>
    <resource type="BinaryResource" name="generate-attribution-kb-stubs.xq" owner="admin" group="dba" mode="664" created="2021-09-30T09:31:36+02:00" modified="2021-11-04T14:38:53+01:00" filename="generate-attribution-kb-stubs.xq" mimetype="application/xquery" blob-id="db619411c63ee808ccce23a36cd4f564b8e54ba1e9b1962a5665cca2bfd7d362">
        <acl entries="0" version="1"/>
    </resource>
    <resource type="BinaryResource" name="84000-sanskrit-dic.xq" owner="admin" group="dba" mode="664" created="2022-02-17T10:58:25+01:00" modified="2022-02-17T11:51:08+01:00" filename="84000-sanskrit-dic.xq" mimetype="application/xquery" blob-id="a3d13e9325d49b7a06c3e8e5fefb910a8b907e5239ee8e715bf4cfe3df17d660">
        <acl entries="0" version="1"/>
    </resource>
    <resource type="BinaryResource" name="glossaries-multiple-entities.xq" owner="admin" group="dba" mode="664" created="2021-11-11T14:23:28+01:00" modified="2022-01-05T10:35:02+01:00" filename="glossaries-multiple-entities.xq" mimetype="application/xquery" blob-id="da72b5d23046ccd11bc1f746cb435cb0ce536e950649b0aa0102a3784bb33e01">
        <acl entries="0" version="1"/>
    </resource>
    <resource type="BinaryResource" name="tengyur-import-fix-titles-cd.xq" owner="admin" group="dba" mode="664" created="2021-11-11T12:25:49+01:00" modified="2021-11-11T12:46:09+01:00" filename="tengyur-import-fix-titles-cd.xq" mimetype="application/xquery" blob-id="e5b0e58395806049ef3b057909daad07212902f90cddac5daef9785bf38fe9da">
        <acl entries="0" version="1"/>
    </resource>
    <resource type="BinaryResource" name="glossaries-without-entities.xq" owner="admin" group="dba" mode="664" created="2021-09-08T21:05:46+02:00" modified="2022-05-11T14:34:06+02:00" filename="glossaries-without-entities.xq" mimetype="application/xquery" blob-id="b023d56a9a71d7e85fd34521b51799a1ce0b9a8701415d070d93a90132b5b95a">
        <acl entries="0" version="1"/>
    </resource>
    <resource type="BinaryResource" name="tengyur-page-count.xq" owner="admin" group="dba" mode="664" created="2021-12-15T11:45:32+01:00" modified="2021-12-15T11:49:23+01:00" filename="tengyur-page-count.xq" mimetype="application/xquery" blob-id="31574d07770ca5b1553b44511965eeb4ec67460008de7f5b960596615cc23c48">
        <acl entries="0" version="1"/>
    </resource>
    <resource type="BinaryResource" name="maintain-tm.xq" owner="admin" group="dba" mode="664" created="2022-12-15T14:14:14+01:00" modified="2023-01-04T15:44:32+01:00" filename="maintain-tm.xq" mimetype="application/xquery" blob-id="8ef1c3c0bcc66ed1bc19a1718a8535742b522b743fba92941a677cddc05a852b">
        <acl entries="0" version="1"/>
    </resource>
    <resource type="BinaryResource" name="entities-duplicate-ids.xq" owner="admin" group="dba" mode="664" created="2022-01-05T10:10:49+01:00" modified="2022-10-12T09:35:56+02:00" filename="entities-duplicate-ids.xq" mimetype="application/xquery" blob-id="6e32af87f8bbb7d1ffe04b260dae5ce98466c23833e27e00d273fc39d732ddde">
        <acl entries="0" version="1"/>
    </resource>
    <resource type="BinaryResource" name="update-files.xq" owner="admin" group="utilities" mode="4770" created="2019-12-04T10:29:36+01:00" modified="2023-01-03T10:53:16+01:00" filename="update-files.xq" mimetype="application/xquery" blob-id="79bceddd61d612b47af2e83255c639762ac9744ac6005ba03135e914a4b756af">
        <acl entries="0" version="1"/>
    </resource>
    <resource type="BinaryResource" name="entity-content-namespace-fix.xq" owner="admin" group="dba" mode="664" created="2022-03-25T13:09:28+01:00" modified="2022-03-25T13:22:34+01:00" filename="entity-content-namespace-fix.xq" mimetype="application/xquery" blob-id="7099abedfe8093c11eedf1655e54c487565f0b43179586eef5a0c6a1733e3432">
        <acl entries="0" version="1"/>
    </resource>
    <resource type="BinaryResource" name="entity-labels-to-wylie.xq" owner="admin" group="dba" mode="664" created="2021-09-23T14:16:11+02:00" modified="2022-03-30T17:02:43+02:00" filename="entity-labels-to-wylie.xq" mimetype="application/xquery" blob-id="cd5b6d900b4c2681a4b9ee0274bface8abdb4ada7f3aca091d6eb1c4c68aec61">
        <acl entries="0" version="1"/>
    </resource>
    <resource type="BinaryResource" name="kangyur-import-atii.xq" owner="admin" group="dba" mode="664" created="2022-06-15T17:21:55+02:00" modified="2022-06-16T15:41:17+02:00" filename="kangyur-import-atii.xq" mimetype="application/xquery" blob-id="29e7b71eb29492ba233c20ea3c2ede577b6084b3635a6f26ecb735fceef100b7">
        <acl entries="0" version="1"/>
    </resource>
    <resource type="BinaryResource" name="published-increment-version.xq" owner="admin" group="utilities" mode="750" created="2019-10-02T17:22:59+02:00" modified="2022-06-27T12:05:10+02:00" filename="published-increment-version.xq" mimetype="application/xquery" blob-id="32f1b6df4916c945649f734eda045148a9083b9023025823d66e1549267b1404">
        <acl entries="0" version="1"/>
    </resource>
    <resource type="BinaryResource" name="first-ref-not-in-p.xq" owner="admin" group="utilities" mode="750" created="2021-08-13T12:55:43+02:00" modified="2021-08-13T12:59:34+02:00" filename="first-ref-not-in-p.xq" mimetype="application/xquery" blob-id="dcc6d3cbc414ec5c53ed9e8ef39def075e8cfd18449d9458a9816168b20791ac">
        <acl entries="0" version="1"/>
    </resource>
    <resource type="BinaryResource" name="kangyur-data-export.xq" owner="admin" group="utilities" mode="750" created="2021-03-09T12:12:12+01:00" modified="2021-07-29T15:27:34+02:00" filename="kangyur-data-export.xq" mimetype="application/xquery" blob-id="2fd4216091efc4d0ff66a7d5e7540c9dcea3d801d30ad659dd29a35105e847b0">
        <acl entries="0" version="1"/>
    </resource>
    <resource type="BinaryResource" name="generate-sections-structure.xq" owner="admin" group="utilities" mode="700" created="2019-08-13T14:31:23+02:00" modified="2021-07-29T15:27:36+02:00" filename="generate-sections-structure.xq" mimetype="application/xquery" blob-id="35b8eb32613e581213e14bde78efdac0ba882510cb7133712628fe01d96c939f">
        <acl entries="0" version="1"/>
    </resource>
    <resource type="BinaryResource" name="kangyur-data-import.xq" owner="admin" group="utilities" mode="700" created="2021-04-19T09:33:57+02:00" modified="2021-07-29T15:27:36+02:00" filename="kangyur-data-import.xq" mimetype="application/xquery" blob-id="d4b57f232b8ee470e2bd6eae492fd5d484de9d976d82a7555247f4337bf820df">
        <acl entries="0" version="1"/>
    </resource>
    <resource type="BinaryResource" name="recent-updates.xq" owner="admin" group="dba" mode="664" created="2022-03-21T12:49:33+01:00" modified="2022-03-21T13:46:17+01:00" filename="recent-updates.xq" mimetype="application/xquery" blob-id="8fb2e76d15309419374659a7bba25f285233bd1f0169a8f3758c3a6772d51042">
        <acl entries="0" version="1"/>
    </resource>
    <resource type="BinaryResource" name="backup-db-full.xq" owner="admin" group="utilities" mode="750" created="2021-03-01T16:00:56+01:00" modified="2021-07-29T15:27:37+02:00" filename="backup-db-full.xq" mimetype="application/xquery" blob-id="b4db60d93b6505119a71c2cbca4b7bfe656a64db2a736927a055f9f9af5acfea">
        <acl entries="0" version="1"/>
    </resource>
    <resource type="BinaryResource" name="tengyur-data-import-spreadsheet.xq" owner="admin" group="dba" mode="664" created="2021-09-22T09:56:04+02:00" modified="2021-10-27T09:19:50+02:00" filename="tengyur-data-import-spreadsheet.xq" mimetype="application/xquery" blob-id="f20e6541a402238aed614451399db4c9df5b72d3eb3c0346a2888a61d103dcec">
        <acl entries="0" version="1"/>
    </resource>
    <resource type="BinaryResource" name="track-tei-updates.xq" owner="admin" group="utilities" mode="750" created="2019-12-19T11:58:15+01:00" modified="2021-07-29T15:27:37+02:00" filename="track-tei-updates.xq" mimetype="application/xquery" blob-id="a4700ec205d9cb9c0059d5466eda3da1856a4bd9636aa70566a4ef5237e4baca">
        <acl entries="0" version="1"/>
    </resource>
    <resource type="BinaryResource" name="analysis-1000-Buddhas.xq" owner="admin" group="dba" mode="664" created="2021-11-26T10:09:15+01:00" modified="2022-02-11T17:01:02+01:00" filename="analysis-1000-Buddhas.xq" mimetype="application/xquery" blob-id="e5457c1bbdadf4a428ce49e4decaeab49f0bdc09f28733f8d48101e68efe1d11">
        <acl entries="0" version="1"/>
    </resource>
    <subcollection name="exist-tests" filename="exist-tests"/>
</collection>