<collection xmlns="http://exist.sourceforge.net/NS/exist" name="/db/apps/84000-utilities/scripts" owner="admin" group="utilities" mode="755" created="2019-08-13T14:31:23+02:00" deduplicate-blobs="false" version="2">
    <acl entries="0" version="1"/>
    <resource type="BinaryResource" name="published-increment-version.xq" owner="admin" group="utilities" mode="744" created="2019-10-02T17:22:59+02:00" modified="2020-08-27T17:35:19+02:00" filename="published-increment-version.xq" mimetype="application/xquery" blob-id="abae092f6b05130a37dd0282ac780109ed8170f2ec8ad6c72459e97f8ce0d66e">
        <acl entries="0" version="1"/>
    </resource>
    <resource type="BinaryResource" name="generate-sections-structure.xq" owner="admin" group="utilities" mode="700" created="2019-08-13T14:31:23+02:00" modified="2019-08-13T14:31:23+02:00" filename="generate-sections-structure.xq" mimetype="application/xquery" blob-id="35b8eb32613e581213e14bde78efdac0ba882510cb7133712628fe01d96c939f">
        <acl entries="0" version="1"/>
    </resource>
    <resource type="BinaryResource" name="publications-per-year.xq" owner="admin" group="utilities" mode="754" created="2019-12-02T13:46:00+01:00" modified="2020-12-16T15:48:02+01:00" filename="publications-per-year.xq" mimetype="application/xquery" blob-id="6c09a3c604da1b1218fe0232dec5ff505fdbbf7d2e8abc236f2605cbd9bebe80">
        <acl entries="0" version="1"/>
    </resource>
    <resource type="BinaryResource" name="tengyur-titles.xq" owner="admin" group="dba" mode="644" created="2020-12-16T15:44:12+01:00" modified="2021-01-22T13:11:11+01:00" filename="tengyur-titles.xq" mimetype="application/xquery" blob-id="26a31869b699fa8c593d7b2bc82867466ae6989e1983db311e8acea8bf7ca3b0">
        <acl entries="0" version="1"/>
    </resource>
    <resource type="BinaryResource" name="update-files.xq" owner="admin" group="utilities" mode="744" created="2019-12-04T10:29:36+01:00" modified="2021-02-01T09:55:50+01:00" filename="update-files.xq" mimetype="application/xquery" blob-id="d3e5450f4841f5a20d2c6b7acd2fa76c6be4e2400a2029b9a655267d4412757a">
        <acl entries="0" version="1"/>
    </resource>
    <resource type="BinaryResource" name="track-tei-updates.xq" owner="admin" group="utilities" mode="744" created="2019-12-19T11:58:15+01:00" modified="2020-08-27T17:36:56+02:00" filename="track-tei-updates.xq" mimetype="application/xquery" blob-id="a4700ec205d9cb9c0059d5466eda3da1856a4bd9636aa70566a4ef5237e4baca">
        <acl entries="0" version="1"/>
    </resource>
    <resource type="BinaryResource" name="generate-kangyur-rdf.xq" owner="admin" group="utilities" mode="644" created="2019-11-06T11:05:29+01:00" modified="2020-08-27T17:38:13+02:00" filename="generate-kangyur-rdf.xq" mimetype="application/xquery" blob-id="ac6a92978db9072f5dba6cd7c0d9c7f1152598c7324edf71e5b65ef061472b3d">
        <acl entries="0" version="1"/>
    </resource>
</collection>