<collection xmlns="http://exist.sourceforge.net/NS/exist" name="/db/apps/84000-utilities/scripts" owner="admin" group="utilities" mode="755" created="2019-08-13T13:31:23+01:00" deduplicate-blobs="false" version="2">
    <acl entries="0" version="1"/>
    <resource type="BinaryResource" name="tengyur-data-import.xq" owner="admin" group="utilities" mode="744" created="2021-02-15T09:12:58Z" modified="2021-04-22T08:37:08+01:00" filename="tengyur-data-import.xq" mimetype="application/xquery" blob-id="25b32327795262a8e0ee221093433d5467a12d74bd6a1051e3a7b0a427ef9897">
        <acl entries="0" version="1"/>
    </resource>
    <resource type="BinaryResource" name="kangyur-data-export.xq" owner="admin" group="utilities" mode="754" created="2021-03-09T11:12:12Z" modified="2021-03-12T16:42:06Z" filename="kangyur-data-export.xq" mimetype="application/xquery" blob-id="2fd4216091efc4d0ff66a7d5e7540c9dcea3d801d30ad659dd29a35105e847b0">
        <acl entries="0" version="1"/>
    </resource>
    <resource type="BinaryResource" name="update-files.xq" owner="admin" group="script-editors" mode="4774" created="2019-12-04T09:29:36Z" modified="2021-04-22T17:18:03+01:00" filename="update-files.xq" mimetype="application/xquery" blob-id="f2925a8f833a35c3a51506e88fbf2d1340a72eef3563cfb59327460b34b3b96d">
        <acl entries="0" version="1"/>
    </resource>
    <resource type="BinaryResource" name="tengyur-data-export.xq" owner="admin" group="utilities" mode="754" created="2020-12-16T14:44:12Z" modified="2021-05-07T15:55:42+01:00" filename="tengyur-data-export.xq" mimetype="application/xquery" blob-id="94716ab289f939031cf4515e824e78e543e0954f62fdc9f4d4675436b98399c0">
        <acl entries="0" version="1"/>
    </resource>
    <resource type="BinaryResource" name="published-increment-version.xq" owner="admin" group="utilities" mode="744" created="2019-10-02T16:22:59+01:00" modified="2020-08-27T16:35:19+01:00" filename="published-increment-version.xq" mimetype="application/xquery" blob-id="abae092f6b05130a37dd0282ac780109ed8170f2ec8ad6c72459e97f8ce0d66e">
        <acl entries="0" version="1"/>
    </resource>
    <resource type="BinaryResource" name="generate-sections-structure.xq" owner="admin" group="utilities" mode="744" created="2019-08-13T13:31:23+01:00" modified="2019-08-13T13:31:23+01:00" filename="generate-sections-structure.xq" mimetype="application/xquery" blob-id="35b8eb32613e581213e14bde78efdac0ba882510cb7133712628fe01d96c939f">
        <acl entries="0" version="1"/>
    </resource>
    <resource type="BinaryResource" name="publications-per-year.xq" owner="admin" group="utilities" mode="754" created="2019-12-02T12:46:00Z" modified="2020-12-16T14:48:02Z" filename="publications-per-year.xq" mimetype="application/xquery" blob-id="6c09a3c604da1b1218fe0232dec5ff505fdbbf7d2e8abc236f2605cbd9bebe80">
        <acl entries="0" version="1"/>
    </resource>
    <resource type="BinaryResource" name="kangyur-data-import.xq" owner="admin" group="dba" mode="644" created="2021-04-19T08:33:57+01:00" modified="2021-04-23T16:27:58+01:00" filename="kangyur-data-import.xq" mimetype="application/xquery" blob-id="3a85084579c61735789a21da90920eddb7a033974334be481812182621531f59">
        <acl entries="0" version="1"/>
    </resource>
    <resource type="BinaryResource" name="backup-db-full.xq" owner="admin" group="utilities" mode="754" created="2021-03-01T15:00:56Z" modified="2021-03-01T15:01:29Z" filename="backup-db-full.xq" mimetype="application/xquery" blob-id="b4db60d93b6505119a71c2cbca4b7bfe656a64db2a736927a055f9f9af5acfea">
        <acl entries="0" version="1"/>
    </resource>
    <resource type="BinaryResource" name="track-tei-updates.xq" owner="admin" group="utilities" mode="744" created="2019-12-19T10:58:15Z" modified="2020-08-27T16:36:56+01:00" filename="track-tei-updates.xq" mimetype="application/xquery" blob-id="a4700ec205d9cb9c0059d5466eda3da1856a4bd9636aa70566a4ef5237e4baca">
        <acl entries="0" version="1"/>
    </resource>
    <resource type="BinaryResource" name="generate-kangyur-rdf.xq" owner="admin" group="utilities" mode="744" created="2019-11-06T10:05:29Z" modified="2020-08-27T16:38:13+01:00" filename="generate-kangyur-rdf.xq" mimetype="application/xquery" blob-id="ac6a92978db9072f5dba6cd7c0d9c7f1152598c7324edf71e5b65ef061472b3d">
        <acl entries="0" version="1"/>
    </resource>
</collection>