<collection xmlns="http://exist.sourceforge.net/NS/exist" name="/db/apps/84000-utilities/scripts" owner="admin" group="utilities" mode="755" created="2019-08-13T14:31:23+02:00" deduplicate-blobs="false" version="2">
    <acl entries="0" version="1"/>
    <resource type="BinaryResource" name="generate-sections-structure.xq" owner="admin" group="utilities" mode="700" created="2019-08-13T14:31:23+02:00" modified="2019-08-13T14:31:23+02:00" filename="generate-sections-structure.xq" mimetype="application/xquery" blob-id="35b8eb32613e581213e14bde78efdac0ba882510cb7133712628fe01d96c939f">
        <acl entries="0" version="1"/>
    </resource>
    <resource type="BinaryResource" name="generate-kangyur-rdf.xq" owner="admin" group="dba" mode="644" created="2019-11-06T11:05:29+01:00" modified="2019-11-07T11:09:57+01:00" filename="generate-kangyur-rdf.xq" mimetype="application/xquery" blob-id="12136894a4890daef53b1465eebb157aac13c74ddaa40a6054635e17108dfd51">
        <acl entries="0" version="1"/>
    </resource>
    <resource type="BinaryResource" name="published-increment-version.xq" owner="admin" group="dba" mode="644" created="2019-10-02T17:22:59+02:00" modified="2019-10-07T13:50:18+02:00" filename="published-increment-version.xq" mimetype="application/xquery" blob-id="4cc3d497ce92bda12464c2d4a4798b023340ecd41a968c0044d48093c03e83c7">
        <acl entries="0" version="1"/>
    </resource>
</collection>