<meta xmlns="http://exist-db.org/xquery/repo">
    <description>84000 importer</description>
    <author>cwulfman</author>
    <website>http://agilehumanities.ca/about/</website>
    <status>released</status>
    <license>GNU-LGPL</license>
    <copyright>true</copyright>
    <type>application</type>
    <target>84000-import</target>
    <prepare>pre-install.xql</prepare>
    <finish>post-install.xq</finish>
    <permissions user="admin" group="dba" mode="rw-rw-r--"/>
<deployed>2018-05-24T15:38:21.078+01:00</deployed></meta>