<collection xmlns="http://exist.sourceforge.net/NS/exist" name="/db/apps/84000-translation-memory" owner="admin" group="dba" mode="755" created="2018-05-17T15:11:55+02:00" deduplicate-blobs="false" version="2">
    <acl entries="0" version="1"/>
    <resource type="BinaryResource" name="pre-install.xql" owner="admin" group="dba" mode="644" created="2018-05-18T11:30:32+02:00" modified="2018-05-18T11:30:32+02:00" filename="pre-install.xql" mimetype="application/xquery" blob-id="607a1dc453e4ab1eb2d10cc1cb9236744218a7841ccbeb68067cdfbba83dad8f">
        <acl entries="0" version="1"/>
    </resource>
    <resource type="BinaryResource" name="controller.xql" owner="admin" group="dba" mode="755" created="2018-05-18T11:30:32+02:00" modified="2018-09-17T17:23:41+02:00" filename="controller.xql" mimetype="application/xquery" blob-id="327c72edf3bb06e5de0c694460611408263d63b245b9104bc2f198b53372cb0c">
        <acl entries="0" version="1"/>
    </resource>
    <resource type="XMLResource" name="expath-pkg.xml" owner="admin" group="dba" mode="644" created="2018-05-18T11:30:32+02:00" modified="2019-06-18T15:00:34+02:00" filename="expath-pkg.xml" mimetype="application/xml">
        <acl entries="0" version="1"/>
    </resource>
    <resource type="XMLResource" name="repo.xml" owner="admin" group="dba" mode="644" created="2018-05-18T11:30:32+02:00" modified="2018-05-18T11:32:42+02:00" filename="repo.xml" mimetype="application/xml">
        <acl entries="0" version="1"/>
    </resource>
    <subcollection name="modules" filename="modules"/>
    <subcollection name="views" filename="views"/>
    <subcollection name="models" filename="models"/>
</collection>