<collection xmlns="http://exist.sourceforge.net/NS/exist" name="/db/apps/84000-translation-memory" owner="admin" group="translation-memory" mode="755" created="2019-08-13T14:13:28+02:00" deduplicate-blobs="false" version="2">
    <acl entries="0" version="1"/>
    <resource type="XMLResource" name="expath-pkg.xml" owner="admin" group="translation-memory" mode="644" created="2019-08-13T14:13:29+02:00" modified="2021-09-01T09:17:49+02:00" filename="expath-pkg.xml" mimetype="application/xml">
        <acl entries="0" version="1"/>
    </resource>
    <resource type="XMLResource" name="repo.xml" owner="admin" group="translation-memory" mode="644" created="2019-08-13T14:13:31+02:00" modified="2019-08-13T14:13:31+02:00" filename="repo.xml" mimetype="application/xml">
        <acl entries="0" version="1"/>
    </resource>
    <resource type="BinaryResource" name="post-install.xql" owner="admin" group="translation-memory" mode="700" created="2019-08-13T14:13:29+02:00" modified="2019-08-13T14:13:29+02:00" filename="post-install.xql" mimetype="application/xquery" blob-id="36a57b15355a12fd958315eb0df352613bee598d82e078c3d923dc5dcbea43b8">
        <acl entries="0" version="1"/>
    </resource>
    <resource type="BinaryResource" name="controller.xql" owner="admin" group="translation-memory" mode="755" created="2019-08-13T14:13:28+02:00" modified="2019-08-13T14:13:28+02:00" filename="controller.xql" mimetype="application/xquery" blob-id="327c72edf3bb06e5de0c694460611408263d63b245b9104bc2f198b53372cb0c">
        <acl entries="0" version="1"/>
    </resource>
    <resource type="BinaryResource" name="README.md" owner="admin" group="translation-memory" mode="644" created="2019-08-13T14:13:29+02:00" modified="2019-08-13T14:13:29+02:00" filename="README.md" mimetype="text/markdown" blob-id="cb8be1509a6d7cb9627b41bf207f68bc18419f5fcb83bce6dabe808b43870439">
        <acl entries="0" version="1"/>
    </resource>
    <subcollection name="modules" filename="modules"/>
    <subcollection name="views" filename="views"/>
    <subcollection name="models" filename="models"/>
</collection>