<meta xmlns="http://exist-db.org/xquery/repo">
    <description>84000 Translation Memory</description>
    <author>84000 Translating the words of the Buddha</author>
    <website>http://84000.co</website>
    <status>beta</status>
    <license>GNU-LGPL</license>
    <copyright>true</copyright>
    <type>application</type>
    <target>84000-translation-memory</target>
    <prepare/>
    <finish>post-install.xql</finish>
    <permissions user="admin" group="translation-memory" mode="rw-r--r--"/>
    

<deployed>2019-08-13T14:13:31.142+02:00</deployed></meta>