<collection xmlns="http://exist.sourceforge.net/NS/exist" name="/db/apps/84000-reading-room/models/about" owner="admin" group="reading-room" mode="755" created="2019-08-20T09:36:11+02:00" deduplicate-blobs="false" version="2">
    <acl entries="0" version="1"/>
    <resource type="BinaryResource" name="translators.xq" owner="admin" group="reading-room" mode="755" created="2019-08-20T09:36:11+02:00" modified="2024-04-12T13:16:35+02:00" filename="translators.xq" mimetype="application/xquery" blob-id="73b33f1c258606fd67b9ea5362ec2dda747ba4dc83d06a94d95e1fa048bf31c4">
        <acl entries="0" version="1"/>
    </resource>
    <resource type="BinaryResource" name="sponsors.xq" owner="admin" group="reading-room" mode="755" created="2019-08-20T09:36:11+02:00" modified="2024-04-12T13:49:08+02:00" filename="sponsors.xq" mimetype="application/xquery" blob-id="76640d952ad00ae102793ff5da91613ab369b435b917d0e06c748a072584925c">
        <acl entries="0" version="1"/>
    </resource>
    <resource type="BinaryResource" name="progress.xq" owner="admin" group="reading-room" mode="755" created="2019-08-20T09:36:11+02:00" modified="2024-04-17T17:07:48+02:00" filename="progress.xq" mimetype="application/xquery" blob-id="8e155131fa871e1d06fab72a124a260e61ca8b188674a881c0742cc4b3391b8a">
        <acl entries="0" version="1"/>
    </resource>
    <resource type="BinaryResource" name="impact.xq" owner="admin" group="reading-room" mode="755" created="2019-08-20T09:36:11+02:00" modified="2024-04-19T09:55:32+02:00" filename="impact.xq" mimetype="application/xquery" blob-id="3078b8c7077796ce416dbc4ce7dd41ed2516a3e93e8cbc5b5655be6b188c604c">
        <acl entries="0" version="1"/>
    </resource>
    <resource type="BinaryResource" name="sponsor-a-sutra.xq" owner="admin" group="reading-room" mode="755" created="2019-08-20T09:36:11+02:00" modified="2024-04-22T14:46:37+02:00" filename="sponsor-a-sutra.xq" mimetype="application/xquery" blob-id="564e788ce88e2387683a76932dc5b5d5393a58fadececcf3950991ca3bbc8227">
        <acl entries="0" version="1"/>
    </resource>
</collection>