<collection xmlns="http://exist.sourceforge.net/NS/exist" name="/db/apps/84000-reading-room/models/about" owner="admin" group="reading-room" mode="755" created="2019-08-20T09:36:11+02:00" deduplicate-blobs="false" version="2">
    <acl entries="0" version="1"/>
    <resource type="BinaryResource" name="sponsor-a-sutra.xq" owner="admin" group="reading-room" mode="755" created="2019-08-20T09:36:11+02:00" modified="2024-06-19T12:52:26+02:00" filename="sponsor-a-sutra.xq" mimetype="application/xquery" blob-id="d361d65d324c10aaca0c73b844e9abc847ffec294902af8fb2397ce987f5ff1a">
        <acl entries="0" version="1"/>
    </resource>
    <resource type="BinaryResource" name="impact.xq" owner="admin" group="reading-room" mode="755" created="2019-08-20T09:36:11+02:00" modified="2024-06-19T12:52:43+02:00" filename="impact.xq" mimetype="application/xquery" blob-id="7c5a5d3e8bc3e612b06446a8a2cecdefb662d4f1c22e8fb3a611aca56673d22c">
        <acl entries="0" version="1"/>
    </resource>
    <resource type="BinaryResource" name="progress.xq" owner="admin" group="reading-room" mode="755" created="2019-08-20T09:36:11+02:00" modified="2024-06-19T12:52:47+02:00" filename="progress.xq" mimetype="application/xquery" blob-id="3aa9a514aa3b7760aa8e45dcb48fe9e33421980a25425d6a66444261907e364e">
        <acl entries="0" version="1"/>
    </resource>
    <resource type="BinaryResource" name="sponsors.xq" owner="admin" group="reading-room" mode="755" created="2019-08-20T09:36:11+02:00" modified="2024-06-19T12:53:00+02:00" filename="sponsors.xq" mimetype="application/xquery" blob-id="cb0eca721afe3aa46ed2aa9e433d2745b4fe46aeb271fcd81a2eddbc65197f7f">
        <acl entries="0" version="1"/>
    </resource>
    <resource type="BinaryResource" name="translators.xq" owner="admin" group="reading-room" mode="755" created="2019-08-20T09:36:11+02:00" modified="2024-06-19T12:53:06+02:00" filename="translators.xq" mimetype="application/xquery" blob-id="4a170dec30a06abecaa19713d5a18ce88494b7a1f2caa0193278ea6f36aa0aae">
        <acl entries="0" version="1"/>
    </resource>
</collection>