<collection xmlns="http://exist.sourceforge.net/NS/exist" name="/db/apps/84000-reading-room/models/about" owner="admin" group="reading-room" mode="755" created="2019-08-20T09:36:11+02:00" deduplicate-blobs="false" version="2">
    <acl entries="0" version="1"/>
    <resource type="BinaryResource" name="sponsors.xq" owner="admin" group="reading-room" mode="755" created="2019-08-20T09:36:11+02:00" modified="2020-08-06T12:30:03+02:00" filename="sponsors.xq" mimetype="application/xquery" blob-id="eb9242b1f1c6545bb8cb81ca7a217cf7d2a57c971255ce154fe3e36f03ebe3d7">
        <acl entries="0" version="1"/>
    </resource>
    <resource type="BinaryResource" name="audio-test.xq" owner="admin" group="reading-room" mode="755" created="2020-04-15T09:12:27+02:00" modified="2020-04-15T09:20:11+02:00" filename="audio-test.xq" mimetype="application/xquery" blob-id="985278d318e57a1d03b8053a27fdf5fc1ae20d2e70f3ecfa5e2518676fbd8df4">
        <acl entries="0" version="1"/>
    </resource>
    <resource type="BinaryResource" name="translators.xq" owner="admin" group="reading-room" mode="755" created="2019-08-20T09:36:11+02:00" modified="2020-08-06T12:30:26+02:00" filename="translators.xq" mimetype="application/xquery" blob-id="590b14b42d9f0eca030a3bdc425c522a7ff311a6e8d4ca1c998318513ebd5a8c">
        <acl entries="0" version="1"/>
    </resource>
    <resource type="BinaryResource" name="sponsor-a-sutra.xq" owner="admin" group="reading-room" mode="755" created="2019-08-20T09:36:11+02:00" modified="2020-08-06T12:25:22+02:00" filename="sponsor-a-sutra.xq" mimetype="application/xquery" blob-id="f187e9cf98fbc3093d1972b7e1e1b2d77a2d62185407e1c03bd69531e8c1086a">
        <acl entries="0" version="1"/>
    </resource>
    <resource type="BinaryResource" name="impact.xq" owner="admin" group="reading-room" mode="755" created="2019-08-20T09:36:11+02:00" modified="2020-08-06T12:24:40+02:00" filename="impact.xq" mimetype="application/xquery" blob-id="b82aff4404f2b84915174686c1986a6cd012911ac601804c1ed585cd5d49834e">
        <acl entries="0" version="1"/>
    </resource>
    <resource type="BinaryResource" name="progress.xq" owner="admin" group="reading-room" mode="755" created="2019-08-20T09:36:11+02:00" modified="2020-08-06T12:25:06+02:00" filename="progress.xq" mimetype="application/xquery" blob-id="8d0722aa12553484334687f0d79db691f718338ed147a05613e08a825b1d88a9">
        <acl entries="0" version="1"/>
    </resource>
</collection>