<collection xmlns="http://exist.sourceforge.net/NS/exist" name="/db/apps/84000-reading-room/models/about" owner="admin" group="reading-room" mode="755" created="2019-08-20T09:36:11+02:00" deduplicate-blobs="false" version="2">
    <acl entries="0" version="1"/>
    <resource type="BinaryResource" name="sponsor-a-sutra.xq" owner="admin" group="reading-room" mode="755" created="2019-08-20T09:36:11+02:00" modified="2019-08-20T09:36:11+02:00" filename="sponsor-a-sutra.xq" mimetype="application/xquery" blob-id="3b84b73ac44b6833623b434b7d2a9ea59c59ef79072fe6657c4fe9c93218ed77">
        <acl entries="0" version="1"/>
    </resource>
    <resource type="BinaryResource" name="progress.xq" owner="admin" group="reading-room" mode="755" created="2019-08-20T09:36:11+02:00" modified="2019-08-20T09:36:11+02:00" filename="progress.xq" mimetype="application/xquery" blob-id="0eb757f7dedfc01aaccabe688bfa752875d274a5ba97122043cf06f93355e0be">
        <acl entries="0" version="1"/>
    </resource>
    <resource type="BinaryResource" name="sponsors.xq" owner="admin" group="reading-room" mode="755" created="2019-08-20T09:36:11+02:00" modified="2019-08-20T09:36:11+02:00" filename="sponsors.xq" mimetype="application/xquery" blob-id="467fcdf97305239dfa543cbde9ba0ce594076e825184a2f92de253b5e6d7a758">
        <acl entries="0" version="1"/>
    </resource>
    <resource type="BinaryResource" name="translators.xq" owner="admin" group="reading-room" mode="755" created="2019-08-20T09:36:11+02:00" modified="2019-08-20T09:36:11+02:00" filename="translators.xq" mimetype="application/xquery" blob-id="0e97f073c2501ef231a4e326018244125eef116f3f0c850d340895e1df11c87c">
        <acl entries="0" version="1"/>
    </resource>
    <resource type="BinaryResource" name="impact.xq" owner="admin" group="reading-room" mode="755" created="2019-08-20T09:36:11+02:00" modified="2019-08-20T09:36:11+02:00" filename="impact.xq" mimetype="application/xquery" blob-id="d8832d52ac248acb0378bc422d1476f2f328eecbf43ed3f4262fbdf536cf5d16">
        <acl entries="0" version="1"/>
    </resource>
</collection>