<collection xmlns="http://exist.sourceforge.net/NS/exist" name="/db/apps/84000-reading-room/models/about" owner="admin" group="reading-room" mode="755" created="2019-08-20T09:36:11+02:00" deduplicate-blobs="false" version="2">
    <acl entries="0" version="1"/>
    <resource type="BinaryResource" name="progress.xq" owner="admin" group="reading-room" mode="755" created="2019-08-20T09:36:11+02:00" modified="2021-09-05T14:24:55+02:00" filename="progress.xq" mimetype="application/xquery" blob-id="8be4c76d694eb2fee2e84287bbf6814b6ba87b9e627503a0a17b13d42b7e8c98">
        <acl entries="0" version="1"/>
    </resource>
    <resource type="BinaryResource" name="sponsor-a-sutra.xq" owner="admin" group="reading-room" mode="755" created="2019-08-20T09:36:11+02:00" modified="2021-09-05T15:07:47+02:00" filename="sponsor-a-sutra.xq" mimetype="application/xquery" blob-id="09bfc360cc41624808b6b4bda69fcea572e797ff54c7d2d01e4f5f6cf1f57b93">
        <acl entries="0" version="1"/>
    </resource>
    <resource type="BinaryResource" name="sponsors.xq" owner="admin" group="reading-room" mode="755" created="2019-08-20T09:36:11+02:00" modified="2021-09-05T17:40:23+02:00" filename="sponsors.xq" mimetype="application/xquery" blob-id="10ae659057cecb8f0446ca92bb5f5a0d26549dc848054800f73fec5059af3a35">
        <acl entries="0" version="1"/>
    </resource>
    <resource type="BinaryResource" name="impact.xq" owner="admin" group="reading-room" mode="755" created="2019-08-20T09:36:11+02:00" modified="2021-09-05T17:43:47+02:00" filename="impact.xq" mimetype="application/xquery" blob-id="625def3909faca8d7ae2acb954063b60029b6bb4aaf1e0d98b1aa830202a8768">
        <acl entries="0" version="1"/>
    </resource>
    <resource type="BinaryResource" name="translators.xq" owner="admin" group="reading-room" mode="755" created="2019-08-20T09:36:11+02:00" modified="2021-09-05T17:45:46+02:00" filename="translators.xq" mimetype="application/xquery" blob-id="472d7cd061e24b20a31d3ea2a38bc2917892b2c97c999d7622a90a27a4ef0e52">
        <acl entries="0" version="1"/>
    </resource>
</collection>