<collection xmlns="http://exist.sourceforge.net/NS/exist" name="/db/apps/84000-reading-room/models/about" owner="admin" group="reading-room" mode="755" created="2019-08-20T09:36:11+02:00" deduplicate-blobs="false" version="2">
    <acl entries="0" version="1"/>
    <resource type="BinaryResource" name="sponsors.xq" owner="admin" group="reading-room" mode="755" created="2019-08-20T09:36:11+02:00" modified="2020-01-27T17:01:00+01:00" filename="sponsors.xq" mimetype="application/xquery" blob-id="a06dc8160e7eee62bdcf83ac5b24673132398d39decc50922e62bb92bb77c261">
        <acl entries="0" version="1"/>
    </resource>
    <resource type="BinaryResource" name="audio-test.xq" owner="admin" group="reading-room" mode="755" created="2020-04-15T09:12:27+02:00" modified="2020-04-15T09:20:11+02:00" filename="audio-test.xq" mimetype="application/xquery" blob-id="985278d318e57a1d03b8053a27fdf5fc1ae20d2e70f3ecfa5e2518676fbd8df4">
        <acl entries="0" version="1"/>
    </resource>
    <resource type="BinaryResource" name="sponsor-a-sutra.xq" owner="admin" group="reading-room" mode="755" created="2019-08-20T09:36:11+02:00" modified="2020-01-27T17:00:56+01:00" filename="sponsor-a-sutra.xq" mimetype="application/xquery" blob-id="e5705395246ba7bfc78ec2a69fd2229e9f0415c91efa5825b6a7b7301e0c4967">
        <acl entries="0" version="1"/>
    </resource>
    <resource type="BinaryResource" name="translators.xq" owner="admin" group="reading-room" mode="755" created="2019-08-20T09:36:11+02:00" modified="2020-01-27T17:01:04+01:00" filename="translators.xq" mimetype="application/xquery" blob-id="69b3675493189e9faab7f7349e64ccfd49ede4648bb80cfc14605d78ec5cfab9">
        <acl entries="0" version="1"/>
    </resource>
    <resource type="BinaryResource" name="progress.xq" owner="admin" group="reading-room" mode="755" created="2019-08-20T09:36:11+02:00" modified="2020-03-20T16:50:42+01:00" filename="progress.xq" mimetype="application/xquery" blob-id="bfb39c05c1e89acf12e01b35cad4309fa784f6f0c8dbb0f34c45fa84b2916df3">
        <acl entries="0" version="1"/>
    </resource>
    <resource type="BinaryResource" name="impact.xq" owner="admin" group="reading-room" mode="755" created="2019-08-20T09:36:11+02:00" modified="2020-01-27T17:00:47+01:00" filename="impact.xq" mimetype="application/xquery" blob-id="5308e425ae9a90b02b26f3caeb5cc1c5c872993c5e2f193f10e928f82007d6a0">
        <acl entries="0" version="1"/>
    </resource>
</collection>