<collection xmlns="http://exist.sourceforge.net/NS/exist" name="/db/apps/84000-reading-room/models/about" owner="admin" group="reading-room" mode="755" created="2019-08-20T09:36:11+02:00" deduplicate-blobs="false" version="2">
    <acl entries="0" version="1"/>
    <resource type="BinaryResource" name="impact.xq" owner="admin" group="reading-room" mode="755" created="2019-08-20T09:36:11+02:00" modified="2022-07-03T14:53:17+02:00" filename="impact.xq" mimetype="application/xquery" blob-id="3078b8c7077796ce416dbc4ce7dd41ed2516a3e93e8cbc5b5655be6b188c604c">
        <acl entries="0" version="1"/>
    </resource>
    <resource type="BinaryResource" name="translators.xq" owner="admin" group="reading-room" mode="755" created="2019-08-20T09:36:11+02:00" modified="2022-07-03T14:53:48+02:00" filename="translators.xq" mimetype="application/xquery" blob-id="99d0f9f24a7836449ffcea3787981c15fe20651659fc8de07539c2d584cf97e1">
        <acl entries="0" version="1"/>
    </resource>
    <resource type="BinaryResource" name="progress.xq" owner="admin" group="reading-room" mode="755" created="2019-08-20T09:36:11+02:00" modified="2023-07-27T13:51:31+02:00" filename="progress.xq" mimetype="application/xquery" blob-id="8e155131fa871e1d06fab72a124a260e61ca8b188674a881c0742cc4b3391b8a">
        <acl entries="0" version="1"/>
    </resource>
    <resource type="BinaryResource" name="sponsor-a-sutra.xq" owner="admin" group="reading-room" mode="755" created="2019-08-20T09:36:11+02:00" modified="2023-07-27T14:08:57+02:00" filename="sponsor-a-sutra.xq" mimetype="application/xquery" blob-id="5672c66f59b07548f43d6d0abf7116118ac96d226691a3c2f86dd8476550f9c1">
        <acl entries="0" version="1"/>
    </resource>
    <resource type="BinaryResource" name="sponsors.xq" owner="admin" group="reading-room" mode="755" created="2019-08-20T09:36:11+02:00" modified="2023-07-27T14:10:40+02:00" filename="sponsors.xq" mimetype="application/xquery" blob-id="11ec148af3498a961093c8465122642255f4a2f3cd99045477604edc69a0683d">
        <acl entries="0" version="1"/>
    </resource>
</collection>