<collection xmlns="http://exist.sourceforge.net/NS/exist" name="/db/apps/84000-reading-room/models/about" owner="admin" group="reading-room" mode="755" created="2018-10-28T10:46:26+01:00" deduplicate-blobs="false" version="2">
    <acl entries="0" version="1"/>
    <resource type="BinaryResource" name="progress.xq" owner="admin" group="reading-room" mode="755" created="2018-05-15T10:54:05+02:00" modified="2019-02-26T09:18:24+01:00" filename="progress.xq" mimetype="application/xquery" blob-id="ac20bc71f24475486c058c447a7a1c1b8a16134baccc5878ba9e3069194c6081">
        <acl entries="0" version="1"/>
    </resource>
    <resource type="BinaryResource" name="impact.xq" owner="admin" group="reading-room" mode="755" created="2018-05-15T11:29:15+02:00" modified="2019-02-26T09:15:31+01:00" filename="impact.xq" mimetype="application/xquery" blob-id="60c21118f77abde6c662cb1feb86ce8f73c3103ce624de11a9dfca9792435c7c">
        <acl entries="0" version="1"/>
    </resource>
    <resource type="BinaryResource" name="sponsors.xq" owner="admin" group="reading-room" mode="755" created="2018-05-15T11:47:06+02:00" modified="2019-02-26T09:16:22+01:00" filename="sponsors.xq" mimetype="application/xquery" blob-id="9034ef087bda467c865d7514b0a889aa42323b398a74106e2dab9ecc9d5ef896">
        <acl entries="0" version="1"/>
    </resource>
    <resource type="BinaryResource" name="translators.xq" owner="admin" group="reading-room" mode="755" created="2018-08-29T12:16:50+02:00" modified="2019-02-26T09:16:57+01:00" filename="translators.xq" mimetype="application/xquery" blob-id="2e1141308e5dc4b2679f5e899d1b9ec6dcf2cc3aec93a7c1b8e5f08229b84f23">
        <acl entries="0" version="1"/>
    </resource>
</collection>