<collection xmlns="http://exist.sourceforge.net/NS/exist" name="/db/apps/84000-reading-room/models/about" owner="admin" group="reading-room" mode="755" created="2018-10-28T10:46:26+01:00" version="1">
    <acl entries="0" version="1"/>
    <resource type="BinaryResource" name="impact.xq" owner="admin" group="reading-room" mode="755" created="2018-05-15T11:29:15+02:00" modified="2018-08-09T10:09:08+02:00" filename="impact.xq" mimetype="application/xquery">
        <acl entries="0" version="1"/>
    </resource>
    <resource type="BinaryResource" name="progress.xq" owner="admin" group="reading-room" mode="755" created="2018-05-15T10:54:05+02:00" modified="2018-09-06T10:44:49+02:00" filename="progress.xq" mimetype="application/xquery">
        <acl entries="0" version="1"/>
    </resource>
    <resource type="BinaryResource" name="translators.xq" owner="admin" group="reading-room" mode="755" created="2018-08-29T12:16:50+02:00" modified="2019-01-28T17:15:31+01:00" filename="translators.xq" mimetype="application/xquery">
        <acl entries="0" version="1"/>
    </resource>
    <resource type="BinaryResource" name="sponsors.xq" owner="admin" group="reading-room" mode="755" created="2018-05-15T11:47:06+02:00" modified="2019-02-11T11:52:50+01:00" filename="sponsors.xq" mimetype="application/xquery">
        <acl entries="0" version="1"/>
    </resource>
</collection>