<collection xmlns="http://exist.sourceforge.net/NS/exist" name="/db/apps/84000-reading-room/models/about" owner="admin" group="reading-room" mode="755" created="2018-10-28T10:46:26+01:00" deduplicate-blobs="false" version="2">
    <acl entries="0" version="1"/>
    <resource type="BinaryResource" name="translators.xq" owner="admin" group="reading-room" mode="755" created="2018-08-29T12:16:50+02:00" modified="2019-06-12T16:17:34+02:00" filename="translators.xq" mimetype="application/xquery" blob-id="0e97f073c2501ef231a4e326018244125eef116f3f0c850d340895e1df11c87c">
        <acl entries="0" version="1"/>
    </resource>
    <resource type="BinaryResource" name="impact.xq" owner="admin" group="reading-room" mode="755" created="2018-05-15T11:29:15+02:00" modified="2019-06-12T15:45:27+02:00" filename="impact.xq" mimetype="application/xquery" blob-id="43e73516672f80bfc335da26529b6c2d4942c599fdbafa6c947d785ee38e56f5">
        <acl entries="0" version="1"/>
    </resource>
    <resource type="BinaryResource" name="progress.xq" owner="admin" group="reading-room" mode="755" created="2018-05-15T10:54:05+02:00" modified="2019-06-18T12:38:38+02:00" filename="progress.xq" mimetype="application/xquery" blob-id="0eb757f7dedfc01aaccabe688bfa752875d274a5ba97122043cf06f93355e0be">
        <acl entries="0" version="1"/>
    </resource>
    <resource type="BinaryResource" name="sponsors.xq" owner="admin" group="reading-room" mode="755" created="2018-05-15T11:47:06+02:00" modified="2019-06-18T11:02:17+02:00" filename="sponsors.xq" mimetype="application/xquery" blob-id="e2b6f3d08ba8e941af300e2989111df76bb6dab212ba8db3192e29344ee52f1a">
        <acl entries="0" version="1"/>
    </resource>
    <resource type="BinaryResource" name="sponsor-a-sutra.xq" owner="admin" group="reading-room" mode="755" created="2019-05-23T12:00:21+02:00" modified="2019-06-18T11:05:58+02:00" filename="sponsor-a-sutra.xq" mimetype="application/xquery" blob-id="3b84b73ac44b6833623b434b7d2a9ea59c59ef79072fe6657c4fe9c93218ed77">
        <acl entries="0" version="1"/>
    </resource>
    <resource type="BinaryResource" name="prototype.xq" owner="admin" group="reading-room" mode="755" created="2019-03-28T11:00:02+01:00" modified="2019-06-12T16:17:03+02:00" filename="prototype.xq" mimetype="application/xquery" blob-id="4a21886d6a47860e8ac416161644634f70c73691aa60459f9e4cc92418b1bb35">
        <acl entries="0" version="1"/>
    </resource>
</collection>