<collection xmlns="http://exist.sourceforge.net/NS/exist" name="/db/apps/84000-reading-room/models/about" owner="admin" group="reading-room" mode="755" created="2019-08-20T09:36:11+02:00" deduplicate-blobs="false" version="2">
    <acl entries="0" version="1"/>
    <resource type="BinaryResource" name="progress.xq" owner="admin" group="reading-room" mode="755" created="2019-08-20T09:36:11+02:00" modified="2022-06-29T10:36:01+02:00" filename="progress.xq" mimetype="application/xquery" blob-id="1a6f9bbe4a1f0619e822f3cd39e95584bbf7eb39b37d834fdcae196f5bc02e0a">
        <acl entries="0" version="1"/>
    </resource>
    <resource type="BinaryResource" name="impact.xq" owner="admin" group="reading-room" mode="755" created="2019-08-20T09:36:11+02:00" modified="2022-03-25T17:29:11+01:00" filename="impact.xq" mimetype="application/xquery" blob-id="3078b8c7077796ce416dbc4ce7dd41ed2516a3e93e8cbc5b5655be6b188c604c">
        <acl entries="0" version="1"/>
    </resource>
    <resource type="BinaryResource" name="sponsor-a-sutra.xq" owner="admin" group="reading-room" mode="755" created="2019-08-20T09:36:11+02:00" modified="2022-03-25T17:29:38+01:00" filename="sponsor-a-sutra.xq" mimetype="application/xquery" blob-id="3d6f4c18502c7ae94dda1c74b57be52bdf6ce4ad15a6af2a7c55aeb6727280c5">
        <acl entries="0" version="1"/>
    </resource>
    <resource type="BinaryResource" name="sponsors.xq" owner="admin" group="reading-room" mode="755" created="2019-08-20T09:36:11+02:00" modified="2022-03-25T17:29:52+01:00" filename="sponsors.xq" mimetype="application/xquery" blob-id="6dcd6030f0d034f3406b1e73096e7616450005bf3bbc5a820e79aaec575bb4bf">
        <acl entries="0" version="1"/>
    </resource>
    <resource type="BinaryResource" name="translators.xq" owner="admin" group="reading-room" mode="755" created="2019-08-20T09:36:11+02:00" modified="2022-03-25T17:30:06+01:00" filename="translators.xq" mimetype="application/xquery" blob-id="99d0f9f24a7836449ffcea3787981c15fe20651659fc8de07539c2d584cf97e1">
        <acl entries="0" version="1"/>
    </resource>
</collection>