<collection xmlns="http://exist.sourceforge.net/NS/exist" name="/db/apps/84000-reading-room/models/about" owner="admin" group="reading-room" mode="755" created="2019-08-20T09:36:11+02:00" deduplicate-blobs="false" version="2">
    <acl entries="0" version="1"/>
    <resource type="BinaryResource" name="impact.xq" owner="admin" group="reading-room" mode="755" created="2019-08-20T09:36:11+02:00" modified="2019-09-10T13:52:31+02:00" filename="impact.xq" mimetype="application/xquery" blob-id="5ce8bea5ef652b3dfcb56b7f1a937805c43690fc8906647596e35565f2db5f91">
        <acl entries="0" version="1"/>
    </resource>
    <resource type="BinaryResource" name="translators.xq" owner="admin" group="reading-room" mode="755" created="2019-08-20T09:36:11+02:00" modified="2019-09-10T13:54:38+02:00" filename="translators.xq" mimetype="application/xquery" blob-id="dcf015674f46a48e08d983770cd10b56cffdc8277fd4a9b80cfc9ede54255ef9">
        <acl entries="0" version="1"/>
    </resource>
    <resource type="BinaryResource" name="sponsors.xq" owner="admin" group="reading-room" mode="755" created="2019-08-20T09:36:11+02:00" modified="2019-09-10T13:54:20+02:00" filename="sponsors.xq" mimetype="application/xquery" blob-id="bbb72f15ba964728fe641c9e5a324e36b4c52c7cc9ae820109291696dd7cbe46">
        <acl entries="0" version="1"/>
    </resource>
    <resource type="BinaryResource" name="sponsor-a-sutra.xq" owner="admin" group="reading-room" mode="755" created="2019-08-20T09:36:11+02:00" modified="2019-09-10T13:53:51+02:00" filename="sponsor-a-sutra.xq" mimetype="application/xquery" blob-id="5bbae2967d1174d4c2f0d6bda353a0d0020ebb90c0ae3b654295757644177022">
        <acl entries="0" version="1"/>
    </resource>
    <resource type="BinaryResource" name="progress.xq" owner="admin" group="reading-room" mode="755" created="2019-08-20T09:36:11+02:00" modified="2019-09-10T13:53:24+02:00" filename="progress.xq" mimetype="application/xquery" blob-id="c98b49229462604315a22465a69d0ed18af3acb275c8faeefafce9190910ed02">
        <acl entries="0" version="1"/>
    </resource>
</collection>