<collection xmlns="http://exist.sourceforge.net/NS/exist" name="/db/apps/84000-translator-tools" owner="admin" group="dba" mode="755" created="2018-05-17T15:11:22+02:00" deduplicate-blobs="false" version="2">
    <acl entries="0" version="1"/>
    <resource type="XMLResource" name="expath-pkg.xml" owner="admin" group="dba" mode="644" created="2018-05-18T13:07:02+02:00" modified="2019-05-07T13:58:16+02:00" filename="expath-pkg.xml" mimetype="application/xml">
        <acl entries="0" version="1"/>
    </resource>
    <resource type="BinaryResource" name="pre-install.xql" owner="admin" group="dba" mode="750" created="2018-05-18T13:07:02+02:00" modified="2018-05-18T13:07:02+02:00" filename="pre-install.xql" mimetype="application/xquery" blob-id="607a1dc453e4ab1eb2d10cc1cb9236744218a7841ccbeb68067cdfbba83dad8f">
        <acl entries="0" version="1"/>
    </resource>
    <resource type="XMLResource" name="repo.xml" owner="admin" group="dba" mode="644" created="2018-05-18T13:07:02+02:00" modified="2018-05-18T13:08:24+02:00" filename="repo.xml" mimetype="application/xml">
        <acl entries="0" version="1"/>
    </resource>
    <resource type="BinaryResource" name="controller.xql" owner="admin" group="dba" mode="755" created="2018-05-18T13:07:02+02:00" modified="2018-09-24T16:05:51+02:00" filename="controller.xql" mimetype="application/xquery" blob-id="84d994b142b92a248e6bfb2847c55cd710bd730d075e805f146f2e11bb89c38f">
        <acl entries="0" version="1"/>
    </resource>
    <subcollection name="modules" filename="modules"/>
    <subcollection name="views" filename="views"/>
    <subcollection name="models" filename="models"/>
</collection>