<collection xmlns="http://exist.sourceforge.net/NS/exist" name="/db/apps/84000-translator-tools" owner="admin" group="translator-tools" mode="755" created="2019-08-13T14:14:08+02:00" deduplicate-blobs="false" version="2">
    <acl entries="0" version="1"/>
    <resource type="XMLResource" name="expath-pkg.xml" owner="admin" group="translator-tools" mode="644" created="2019-08-13T14:14:08+02:00" modified="2022-06-21T17:01:41+02:00" filename="expath-pkg.xml" mimetype="application/xml">
        <acl entries="0" version="1"/>
    </resource>
    <resource type="XMLResource" name="repo.xml" owner="admin" group="translator-tools" mode="644" created="2019-08-13T14:14:11+02:00" modified="2019-08-13T14:14:11+02:00" filename="repo.xml" mimetype="application/xml">
        <acl entries="0" version="1"/>
    </resource>
    <resource type="BinaryResource" name="controller.xql" owner="admin" group="translator-tools" mode="755" created="2019-08-13T14:14:08+02:00" modified="2023-08-21T10:48:17+02:00" filename="controller.xql" mimetype="application/xquery" blob-id="8d1cd062fb7bc87f46fb61b5447647e11c86d3a4715f08a87dda64fa34d69afa">
        <acl entries="0" version="1"/>
    </resource>
    <resource type="BinaryResource" name="README.md" owner="admin" group="translator-tools" mode="644" created="2019-08-13T14:14:08+02:00" modified="2019-08-13T14:14:08+02:00" filename="README.md" mimetype="text/markdown" blob-id="0d92177f5d1fe438e84cd18830c328c31a8072049fef852926aca58306c03337">
        <acl entries="0" version="1"/>
    </resource>
    <resource type="BinaryResource" name="post-install.xql" owner="admin" group="translator-tools" mode="700" created="2019-08-13T14:14:08+02:00" modified="2019-08-13T14:14:08+02:00" filename="post-install.xql" mimetype="application/xquery" blob-id="36a57b15355a12fd958315eb0df352613bee598d82e078c3d923dc5dcbea43b8">
        <acl entries="0" version="1"/>
    </resource>
    <subcollection name="modules" filename="modules"/>
    <subcollection name="views" filename="views"/>
    <subcollection name="models" filename="models"/>
</collection>