<meta xmlns="http://exist-db.org/xquery/repo">
    <description>84000 Translators Tools</description>
    <author>84000 Translating the words of the Buddha</author>
    <website>http://84000.co</website>
    <status>stable</status>
    <license>GNU-LGPL</license>
    <copyright>true</copyright>
    <type>application</type>
    <target>84000-translator-tools</target>
    <prepare/>
    <finish>post-install.xql</finish>
    <permissions user="admin" group="translator-tools" mode="rw-r--r--"/>
<deployed>2019-08-13T14:14:11.815+02:00</deployed></meta>