<collection xmlns="http://exist.sourceforge.net/NS/exist" name="/db/apps/84000-import/modules" owner="admin" group="dba" mode="775" created="2018-05-24T16:38:20+02:00" version="1">
    <acl entries="0" version="1"/>
    <resource type="BinaryResource" name="view.xql" owner="admin" group="import" mode="770" created="2018-05-24T16:38:20+02:00" modified="2018-05-24T16:38:20+02:00" filename="view.xql" mimetype="application/xquery">
        <acl entries="0" version="1"/>
    </resource>
    <resource type="BinaryResource" name="app.xqm" owner="admin" group="dba" mode="775" created="2018-05-24T16:38:20+02:00" modified="2018-05-24T16:38:20+02:00" filename="app.xqm" mimetype="application/xquery">
        <acl entries="0" version="1"/>
    </resource>
    <resource type="BinaryResource" name="config.xqm" owner="admin" group="dba" mode="775" created="2018-05-24T16:38:20+02:00" modified="2018-08-06T14:44:42+02:00" filename="config.xqm" mimetype="application/xquery">
        <acl entries="0" version="1"/>
    </resource>
    <resource type="BinaryResource" name="upload-process.xq" owner="admin" group="dba" mode="775" created="2018-05-24T16:38:20+02:00" modified="2018-09-07T16:36:28+02:00" filename="upload-process.xq" mimetype="application/xquery">
        <acl entries="0" version="1"/>
    </resource>
</collection>