<collection xmlns="http://exist.sourceforge.net/NS/exist" name="/db/apps/84000-utilities/scripts/export-cms" owner="admin" group="dba" mode="755" created="2024-01-11T14:21:28+01:00" deduplicate-blobs="false" version="2">
    <acl entries="0" version="1"/>
    <resource type="BinaryResource" name="entities.xq" owner="admin" group="dba" mode="644" created="2024-01-11T14:17:40+01:00" modified="2024-02-08T11:36:09+01:00" filename="entities.xq" mimetype="application/xquery" blob-id="e0d82aaba72c0b8cdf55169f344f9e54c352cc39f416ae3433d544c2282df44c">
        <acl entries="0" version="1"/>
    </resource>
    <resource type="BinaryResource" name="tibetan-source.xq" owner="admin" group="dba" mode="644" created="2024-03-07T16:53:48+01:00" modified="2024-03-08T13:22:32+01:00" filename="tibetan-source.xq" mimetype="application/xquery" blob-id="47d641115021fa8e403e6ae55a8bed5025e72d381409ec6b19879171a75a0051">
        <acl entries="0" version="1"/>
    </resource>
    <resource type="BinaryResource" name="catalogue-sections-csv.xq" owner="admin" group="dba" mode="644" created="2024-05-10T10:55:15+02:00" modified="2024-05-10T17:42:42+02:00" filename="catalogue-sections-csv.xq" mimetype="application/xquery" blob-id="cb457d3f7e2d27445fbfc22cf0ad0c79592bb102f9da43f0963a47fe00bcf297">
        <acl entries="0" version="1"/>
    </resource>
</collection>