<collection xmlns="http://exist.sourceforge.net/NS/exist" name="/db/apps/84000-utilities/scripts/export-cms" owner="admin" group="dba" mode="755" created="2024-01-11T14:21:28+01:00" deduplicate-blobs="false" version="2">
    <acl entries="0" version="1"/>
    <resource type="BinaryResource" name="restricted-texts.xq" owner="admin" group="dba" mode="664" created="2024-10-23T09:04:16+02:00" modified="2024-10-23T09:14:41+02:00" filename="restricted-texts.xq" mimetype="application/xquery" blob-id="7defd7d3509b9e6790a23c67226b5dc5a8ac891e711445da2fae16ba20d5eb91">
        <acl entries="0" version="1"/>
    </resource>
    <resource type="BinaryResource" name="store-json.xq" owner="admin" group="dba" mode="664" created="2024-11-14T12:37:03+01:00" modified="2025-03-03T10:50:22+01:00" filename="store-json.xq" mimetype="application/xquery" blob-id="badceee121cba357d89f1d79b78c5b7d33ec759bc1596d0ac41f7d2cd118c423">
        <acl entries="0" version="1"/>
    </resource>
    <resource type="BinaryResource" name="catalogue-texts-csv.xq" owner="admin" group="dba" mode="644" created="2024-05-17T17:57:13+02:00" modified="2024-09-27T11:36:08+02:00" filename="catalogue-texts-csv.xq" mimetype="application/xquery" blob-id="9ecd081fdc7eb1eaba88b6f77bec0b55c2695bf5c6a29dd10b809b6b74c1f5f6">
        <acl entries="0" version="1"/>
    </resource>
    <resource type="BinaryResource" name="published-texts-filters-csv.xq" owner="admin" group="dba" mode="644" created="2024-05-20T11:37:13+02:00" modified="2024-05-20T11:53:25+02:00" filename="published-texts-filters-csv.xq" mimetype="application/xquery" blob-id="d6b63064b166ea73f88a737c602da543493450a6b98574813ed3dfd9967b0cda">
        <acl entries="0" version="1"/>
    </resource>
    <resource type="BinaryResource" name="catalogue-sections-csv.xq" owner="admin" group="dba" mode="644" created="2024-05-10T10:55:15+02:00" modified="2024-05-15T11:53:29+02:00" filename="catalogue-sections-csv.xq" mimetype="application/xquery" blob-id="49df114f620e626547d01bf43324f9d5361807efabdb82755517aa9b1d6b6dfc">
        <acl entries="0" version="1"/>
    </resource>
    <resource type="BinaryResource" name="glossary-entries-csv.xq" owner="admin" group="dba" mode="644" created="2024-06-20T09:55:02+02:00" modified="2024-06-21T10:27:48+02:00" filename="glossary-entries-csv.xq" mimetype="application/xquery" blob-id="1f47ef38bf1e966c63a91442c2d91af2a5cf0f45ee06a464511c7db6868b85ff">
        <acl entries="0" version="1"/>
    </resource>
    <resource type="BinaryResource" name="entities.xq" owner="admin" group="dba" mode="644" created="2024-01-11T14:17:40+01:00" modified="2024-02-08T11:36:09+01:00" filename="entities.xq" mimetype="application/xquery" blob-id="e0d82aaba72c0b8cdf55169f344f9e54c352cc39f416ae3433d544c2282df44c">
        <acl entries="0" version="1"/>
    </resource>
    <resource type="BinaryResource" name="tibetan-source-csv.xq" owner="admin" group="dba" mode="644" created="2024-03-07T16:53:48+01:00" modified="2024-03-08T13:22:32+01:00" filename="tibetan-source-csv.xq" mimetype="application/xquery" blob-id="47d641115021fa8e403e6ae55a8bed5025e72d381409ec6b19879171a75a0051">
        <acl entries="0" version="1"/>
    </resource>
    <resource type="BinaryResource" name="tibetan-source-json.xq" owner="admin" group="dba" mode="664" created="2024-11-13T15:57:13+01:00" modified="2025-01-22T12:57:35+01:00" filename="tibetan-source-json.xq" mimetype="application/xquery" blob-id="e1cefd2a56826fa74a3f39b004827c22927abdf344c047d9cfe872804c475383">
        <acl entries="0" version="1"/>
    </resource>
    <resource type="BinaryResource" name="text-ids-from-csv.xq" owner="admin" group="dba" mode="664" created="2024-07-15T16:35:09+02:00" modified="2024-09-24T11:13:16+02:00" filename="text-ids-from-csv.xq" mimetype="application/xquery" blob-id="65829f754cb9fdc62f3564b58c813dd4b5f966a7410d0f3bebfcaadf0827dd9a">
        <acl entries="0" version="1"/>
    </resource>
</collection>