<collection xmlns="http://exist.sourceforge.net/NS/exist" name="/db/apps/84000-utilities/modules" owner="admin" group="dba" mode="755" created="2018-10-28T10:47:17+01:00" deduplicate-blobs="false" version="2">
    <acl entries="0" version="1"/>
    <resource type="BinaryResource" name="local.xql" owner="admin" group="utilities" mode="754" created="2018-05-17T12:08:05+02:00" modified="2018-05-17T12:11:23+02:00" filename="local.xql" mimetype="application/xquery" blob-id="cdc80df07d78feb08502f18ee685265b4b800943a96101d29178fd263ad335e2">
        <acl entries="0" version="1"/>
    </resource>
    <resource type="BinaryResource" name="_store.xql" owner="admin" group="utilities" mode="754" created="2018-09-28T11:37:47+02:00" modified="2019-02-27T09:11:26+01:00" filename="_store.xql" mimetype="application/xquery" blob-id="ab0283ca51e57b8725d952870b3f1fdf9d2d4bfbfbd40e5e6fccb0b7d99e45df">
        <acl entries="0" version="1"/>
    </resource>
    <resource type="BinaryResource" name="tests.xql" owner="admin" group="utilities" mode="754" created="2018-05-17T13:11:55+02:00" modified="2019-03-18T14:45:03+01:00" filename="tests.xql" mimetype="application/xquery" blob-id="cb437db26002c2a5de3ff0a4c11a56bf64a36b2204a477736a509bd3cb3449a0">
        <acl entries="0" version="1"/>
    </resource>
    <resource type="BinaryResource" name="_deployment.xql" owner="admin" group="utilities" mode="754" created="2018-05-18T11:36:56+02:00" modified="2019-02-26T15:16:02+01:00" filename="_deployment.xql" mimetype="application/xquery" blob-id="6f39c7b5b9f1e132395f8d3a8a624c9a6403273ef2de47e22ddaae0065c457c8">
        <acl entries="0" version="1"/>
    </resource>
</collection>