<collection xmlns="http://exist.sourceforge.net/NS/exist" name="/db/apps/84000-utilities/modules" owner="admin" group="dba" mode="755" created="2018-10-28T10:47:17+01:00" version="1">
    <acl entries="0" version="1"/>
    <resource type="BinaryResource" name="deployment.xql" owner="admin" group="dba" mode="644" created="2018-05-18T11:36:56+02:00" modified="2019-01-25T12:04:50+01:00" filename="deployment.xql" mimetype="application/xquery">
        <acl entries="0" version="1"/>
    </resource>
    <resource type="BinaryResource" name="store.xql" owner="admin" group="dba" mode="644" created="2018-09-28T11:37:47+02:00" modified="2019-01-08T13:43:09+01:00" filename="store.xql" mimetype="application/xquery">
        <acl entries="0" version="1"/>
    </resource>
    <resource type="BinaryResource" name="local.xql" owner="admin" group="utilities" mode="644" created="2018-05-17T12:08:05+02:00" modified="2018-05-17T12:11:23+02:00" filename="local.xql" mimetype="application/xquery">
        <acl entries="0" version="1"/>
    </resource>
    <resource type="BinaryResource" name="tests.xql" owner="admin" group="utilities" mode="644" created="2018-05-17T13:11:55+02:00" modified="2019-01-16T10:28:11+01:00" filename="tests.xql" mimetype="application/xquery">
        <acl entries="0" version="1"/>
    </resource>
</collection>