<eft-footer xmlns="http://read.84000.co/ns/1.0">
    <translation id="copyright">
        <text xml:lang="en">Copyright © 2011-2018 </text>
        <text xml:lang="zh">著作權 </text>
    </translation>
    <translation id="org-name">
        <text xml:lang="en">84000: Translating the Words of the Buddha</text>
        <text xml:lang="zh">【八萬四千 • 佛典傳譯】</text>
    </translation>
    <translation id="rights-reserved">
        <text xml:lang="en"> - All Rights Reserved</text>
        <text xml:lang="zh"> 版權所有</text>
    </translation>
    <translation id="contact-label">
        <text xml:lang="en">Contact: </text>
        <text xml:lang="zh">聯繫方式：</text>
    </translation>
    <translation id="contact-link">
        <text xml:lang="en">mailto:info@84000.co</text>
        <text xml:lang="zh">mailto:info@84000.co</text>
    </translation>
    <translation id="contact-link-text">
        <text xml:lang="en">info@84000.co</text>
        <text xml:lang="zh">info@84000.co</text>
    </translation>
    <translation id="website-label">
        <text xml:lang="en">Website: </text>
        <text xml:lang="zh">官網：</text>
    </translation>
    <translation id="website-link">
        <text xml:lang="en">https://84000.co</text>
        <text xml:lang="zh">https://84000.co/ch</text>
    </translation>
    <translation id="website-link-text">
        <text xml:lang="en">https://84000.co</text>
        <text xml:lang="zh">https://84000.co/ch</text>
    </translation>
    <translation id="privacy-label">
        <text xml:lang="en">Privacy Policy</text>
        <text xml:lang="zh">隱私權聲明</text>
    </translation>
    <translation id="privacy-link">
        <text xml:lang="en">https://84000.co/about/privacy-policy</text>
        <text xml:lang="zh">https://84000.co/about/privacy-policy</text>
    </translation>
    <translation id="top-link-title">
        <text xml:lang="en">Return to the top of the page</text>
        <text xml:lang="zh">回網頁頂端</text>
    </translation>
</eft-footer>