<eft-header xmlns="http://read.84000.co/ns/1.0">
    <!-- Updated 01.08.2019 -->
    <translation id="tag-line">
        <text xml:lang="en">Translating the words of the Buddha</text>
        <text xml:lang="zh">八萬四千 • 佛典傳譯</text>
    </translation>
    <translation id="placeholder-search">
        <text xml:lang="en">Search...</text>
        <text xml:lang="zh">網站檢索</text>
    </translation>
    <translation id="button-search-reading-room">
        <text xml:lang="en">Search the Reading Room</text>
        <text xml:lang="zh">雲端藏經閣檢索</text>
    </translation>
    <translation id="button-search-comms">
        <text xml:lang="en">Search the Website</text>
        <text xml:lang="zh">網站檢索</text>
    </translation>
    <translation id="label-social-icons">
        <text xml:lang="en">Follow our work:</text>
        <text xml:lang="zh">關注我們</text>
    </translation>
    <navigation xml:lang="en">
        <item class="home" url="https://84000.co/">
            <label>Home</label>
        </item>
        <item class="news" url="#news">
            <label>News</label>
            <item url="https://84000.co/news">
                <label>All News</label>
            </item>
            <item url="https://84000.co/category/announcements">
                <label>Announcements</label>
            </item>
            <item url="https://84000.co/category/events">
                <label>Events</label>
            </item>
            <item url="https://84000.co/category/people">
                <label>People</label>
            </item>
            <item url="https://84000.co/category/in-depth">
                <label>In Depth</label>
            </item>
            <item url="https://84000.co/category/newsletters">
                <label>Newsletters</label>
            </item>
        </item>
        <item class="reading-room" url="#reading-room">
            <label>Reading Room</label>
            <item url="https://read.84000.co/section/lobby.html">
                <label>The Collection</label>
            </item>
            <item url="https://read.84000.co/section/all-translated.html">
                <label>All Translated Texts</label>
            </item>
            <item url="https://read.84000.co/search.html">
                <label>Search The Reading Room</label>
            </item>
        </item>
        <item class="resources" url="#resources">
            <label>Resources</label>
            <item url="https://84000.co/resources/teachings-on-sutra/">
                <label>Teachings on Sūtra</label>
            </item>
            <item url="https://84000.co/resources/commentaries">
                <label>Commentaries</label>
            </item>
            <item url="https://84000.co/resources/resounding">
                <label>Resounding</label>
            </item>
            <item url="https://84000.co/resources/translator-training">
                <label>Translator Training</label>
            </item>
            <item url="https://84000.co/resources/tools-and-resources">
                <label>Translators' Tools</label>
            </item>
            <item url="https://84000.co/resources/other-resources">
                <label>Web Resources</label>
            </item>
            <item url="https://84000.co/resources/quotes">
                <label>Quotes</label>
            </item>
        </item>
        <item class="about" url="#about">
            <label>About</label>
            <item url="https://84000.co/about/vision">
                <label>Vision</label>
            </item>
            <item url="https://84000.co/about/urgency">
                <label>Urgency</label>
            </item>
            <item url="https://84000.co/about/origin">
                <label>Origin</label>
            </item>
            <item url="https://84000.co/about/progress">
                <label>Progress</label>
            </item>
            <item url="https://84000.co/about/impact">
                <label>Global Impact</label>
            </item>
            <item url="https://84000.co/about/grants">
                <label>Grants</label>
            </item>
            <item url="https://84000.co/about/work-flow">
                <label>Work Flow</label>
            </item>
            <item url="https://84000.co/about/copyright">
                <label>Copyright</label>
            </item>
            <item url="https://84000.co/about/team">
                <label>Team</label>
            </item>
            <item url="https://84000.co/about/translators">
                <label>Translators</label>
            </item>
            <item url="https://84000.co/about/sponsors">
                <label>Sponsors</label>
            </item>
            <item url="https://84000.co/about/partnerships">
                <label>Partnerships</label>
            </item>
            <item url="https://84000.co/about/endorsements">
                <label>Endorsements</label>
            </item>
            <item url="https://84000.co/about/contact">
                <label>Contact</label>
            </item>
            <item url="https://84000.co/about/faq">
                <label>FAQ</label>
            </item>
        </item>        
        <item class="how-to-help" url="#how-to-help">
            <label>How You Can Help</label>
            <item url="https://84000.co/how-you-can-help/sponsor-a-page">
                <label>Sponsor a Page</label>
            </item>
            <item url="https://84000.co/how-you-can-help/sponsor-a-sutra">
                <label>Sponsor a Sūtra</label>
            </item>
            <item url="https://84000.co/how-you-can-help/become-a-donor">
                <label>Become a Donor</label>
            </item>
            <item url="https://84000.co/how-you-can-help/shop-n-give">
                <label>Shop and Give</label>
            </item>
            <item url="https://84000.co/how-you-can-help/spread-the-word/">
                <label>Subscribe to our Newsletter</label>
            </item>
        </item>
    </navigation>
    <navigation xml:lang="zh">
        <item class="home" url="https://84000.co/ch">
            <label>首頁</label>
        </item>
        <item class="news" url="#ch-news">
            <label>最新訊息</label>
            <item url="https://84000.co/ch-news">
                <label>最新訊息</label>
            </item>
            <item url="https://84000.co/category/公告">
                <label>公告</label>
            </item>
            <item url="https://84000.co/category/活動">
                <label>活動</label>
            </item>
            <item url="https://84000.co/category/人物">
                <label>人物</label>
            </item>
            <item url="https://84000.co/category/話題">
                <label>話題</label>
            </item>
            <item url="https://84000.co/category/電子通訊">
                <label>電子通訊</label>
            </item>
        </item>
        <item class="reading-room" url="#reading-room">
            <label>雲端藏經閣</label>
            <item url="https://read.84000.co/section/lobby.html?lang=zh">
                <label>經藏</label>
            </item>
            <item url="https://read.84000.co/section/all-translated.html?lang=zh">
                <label>已翻譯經典</label>
            </item>
            <item url="https://read.84000.co/search.html?lang=zh">
                <label>雲端藏經閣檢索</label>
            </item>
        </item>
        <item class="resources" url="#ch-resources">
            <label>資源分享</label>
            <item url="https://84000.co/ch-resources/ch-teachings-on-sutra/">
                <label>八萬四千講經堂</label>
            </item>
            <item url="https://84000.co/ch-resources/ch-commentaries">
                <label>論著</label>
            </item>
            <item url="https://84000.co/ch-resources/ch-resounding">
                <label>經典迴響</label>
            </item>
            <item url="https://84000.co/ch-resources/ch-resources-training">
                <label>譯者培訓</label>
            </item>
            <!-- No Chinese page
            <item url="https://84000.co/ch-resources/ch-tools-and-resources">
                <label>譯者工具</label>
            </item> -->
            <item url="https://84000.co/ch-resources/ch-resources-other">
                <label>其他資源</label>
            </item>
            <!-- No Chinese page
            <item url="https://84000.co/ch-resources/ch-quotes">
                <label>智慧語錄</label>
            </item> -->
        </item>
        <item class="about" url="#ch-about">
            <label>關於我們</label>
            <!-- No Chinese page
            <item url="https://84000.co/ch-about/ch-vision">
                <label>願景</label>
            </item> -->
            <!-- No Chinese page
            <item url="https://84000.co/ch-about/ch-urgency">
                <label>急迫性</label>
            </item> -->
            <item url="https://84000.co/ch-about/ch-about-origin">
                <label>成立緣起</label>
            </item>
            <item url="https://84000.co/ch-about/ch-about-progress">
                <label>工作進度</label>
            </item>
            <item url="https://84000.co/ch-about/ch-about-impact">
                <label>全球影響</label>
            </item>
            <!-- No Chinese page
            <item url="https://84000.co/ch-about/ch-grants">
                <label>譯者資助</label>
            </item> -->
            <item url="https://84000.co/ch-about/ch-about-workflow">
                <label>工作流程</label>
            </item>
            <item url="https://84000.co/ch-about/ch-about-copyright">
                <label>關於版權</label>
            </item>
            <!-- Deprecated
            <item url="https://84000.co/ch-about/ch-about-reading-room">
                <label>關於雲端藏經閣</label>
            </item>-->
            <item url="https://84000.co/ch-about/ch-about-team">
                <label>我們的團隊</label>
            </item>
            <item url="https://84000.co/ch-about/ch-about-translators">
                <label>翻譯人員</label>
            </item>
            <item url="https://84000.co/ch-about/ch-sponsors">
                <label>贊助人</label>
            </item>
            <item url="https://84000.co/ch-about/ch-partnerships">
                <label>合作夥伴</label>
            </item>
            <!-- No Chinese page
            <item url="https://84000.co/ch-about/ch-endorsements">
                <label>公眾認可</label>
            </item> -->
            <item url="https://84000.co/ch-about/ch-about-contact">
                <label>聯繫方式</label>
            </item>
            <item url="https://84000.co/ch-about/ch-faq">
                <label>常見問題</label>
            </item>
        </item>
        <item class="how-to-help" url="#ch-howhelp">
            <label>如何參與</label>
            <item url="https://84000.co/ch-how-you-can-help/ch-sponsor-a-page">
                <label>贊助一頁佛經</label>
            </item>
            <item url="https://84000.co/ch-how-you-can-help/ch-sponsor-a-sutra">
                <label>贊助一部佛典</label>
            </item>
            <item url="https://84000.co/ch-how-you-can-help/ch-become-a-donor">
                <label>八萬四千緣</label>
            </item>
            <!-- No Chinese page
            <item url="https://84000.co/ch-how-you-can-help/ch-shop-n-give">
                <label>購物捐獻</label>
            </item> -->
            <!-- No Chinese page
            <item url="https://84000.co/ch-how-you-can-help/ch-spread-the-word/">
                <label>訂閱電子通訊</label>
            </item> -->
        </item>
    </navigation>
    <social xml:lang="en">
        <item url="https://84000.co/how-you-can-help/spread-the-word/" icon-class="fa fa-envelope-square">
            <label>Subscribe to our newsletter</label>
        </item>
        <item url="http://www.facebook.com/Translate84000" icon-class="fa fa-facebook-square">
            <label>Follow us on Facebook</label>
        </item>
        <item url="https://twitter.com/Translate84000" icon-class="fa fa-twitter-square">
            <label>Follow us on Twitter</label>
        </item>
        <item url="http://www.youtube.com/Translate84000" icon-class="fa fa-youtube-square">
            <label>Subscribe to our Youtube channel</label>
        </item>
    </social>
    <social xml:lang="zh">
        <item url="https://84000.co/how-you-can-help/spread-the-word/" icon-class="fa fa-envelope-square">
            <label>電子通訊訂閱</label>
        </item>
        <item url="#wechat-qcode" icon-class="fa fa-weixin">
            <label>微信掃碼</label>
        </item>
    </social>
</eft-header>