<collection xmlns="http://exist.sourceforge.net/NS/exist" name="/db/apps/84000-reading-room/xslt" owner="admin" group="reading-room" mode="755" created="2019-08-20T09:36:11+02:00" deduplicate-blobs="false" version="2">
    <acl entries="0" version="1"/>
    <resource type="XMLResource" name="text-overlay.xsl" owner="admin" group="reading-room" mode="644" created="2019-08-20T09:36:11+02:00" modified="2020-10-12T19:00:24+02:00" filename="text-overlay.xsl" mimetype="application/xslt+xml">
        <acl entries="0" version="1"/>
    </resource>
    <resource type="XMLResource" name="mark-string.xsl" owner="admin" group="reading-room" mode="644" created="2019-08-20T09:36:11+02:00" modified="2021-05-07T11:08:50+02:00" filename="mark-string.xsl" mimetype="application/xslt+xml">
        <acl entries="0" version="1"/>
    </resource>
    <resource type="XMLResource" name="tei-to-xhtml.xsl" owner="admin" group="reading-room" mode="644" created="2019-08-20T09:36:11+02:00" modified="2022-04-28T11:36:32+02:00" filename="tei-to-xhtml.xsl" mimetype="application/xslt+xml">
        <acl entries="0" version="1"/>
    </resource>
    <resource type="XMLResource" name="common.xsl" owner="admin" group="reading-room" mode="644" created="2019-08-20T09:36:11+02:00" modified="2022-04-22T18:06:41+02:00" filename="common.xsl" mimetype="application/xslt+xml">
        <acl entries="0" version="1"/>
    </resource>
    <resource type="XMLResource" name="84000-html.xsl" owner="admin" group="reading-room" mode="644" created="2019-08-20T09:36:11+02:00" modified="2022-04-04T13:00:56+02:00" filename="84000-html.xsl" mimetype="application/xslt+xml">
        <acl entries="0" version="1"/>
    </resource>
    <resource type="XMLResource" name="tei-search.xsl" owner="admin" group="reading-room" mode="644" created="2019-08-20T09:36:11+02:00" modified="2022-04-22T15:59:18+02:00" filename="tei-search.xsl" mimetype="application/xslt+xml">
        <acl entries="0" version="1"/>
    </resource>
    <resource type="XMLResource" name="lang.xsl" owner="admin" group="reading-room" mode="644" created="2019-08-20T09:36:11+02:00" modified="2021-09-05T10:38:48+02:00" filename="lang.xsl" mimetype="application/xslt+xml">
        <acl entries="0" version="1"/>
    </resource>
    <resource type="XMLResource" name="mark-tei.xsl" owner="admin" group="reading-room" mode="644" created="2021-05-13T16:26:04+02:00" modified="2021-09-14T15:28:25+02:00" filename="mark-tei.xsl" mimetype="application/xslt+xml">
        <acl entries="0" version="1"/>
    </resource>
    <resource type="XMLResource" name="layout.xsl" owner="admin" group="reading-room" mode="644" created="2019-12-10T12:48:18+01:00" modified="2022-05-03T13:40:55+02:00" filename="layout.xsl" mimetype="application/xslt+xml">
        <acl entries="0" version="1"/>
    </resource>
    <resource type="XMLResource" name="webpage.xsl" owner="admin" group="reading-room" mode="644" created="2022-04-22T15:56:31+02:00" modified="2022-04-22T16:44:21+02:00" filename="webpage.xsl" mimetype="application/xslt+xml">
        <acl entries="0" version="1"/>
    </resource>
</collection>