<collection xmlns="http://exist.sourceforge.net/NS/exist" name="/db/apps/84000-reading-room/xslt" owner="admin" group="reading-room" mode="755" created="2019-08-20T09:36:11+02:00" deduplicate-blobs="false" version="2">
    <acl entries="0" version="1"/>
    <resource type="XMLResource" name="84000-header.xml" owner="admin" group="reading-room" mode="644" created="2019-08-20T09:36:11+02:00" modified="2020-01-31T12:44:23+01:00" filename="84000-header.xml" mimetype="application/xml">
        <acl entries="0" version="1"/>
    </resource>
    <resource type="XMLResource" name="text-overlay.xsl" owner="admin" group="reading-room" mode="644" created="2019-08-20T09:36:11+02:00" modified="2019-11-25T17:04:45+01:00" filename="text-overlay.xsl" mimetype="application/xslt+xml">
        <acl entries="0" version="1"/>
    </resource>
    <resource type="XMLResource" name="mark-string.xsl" owner="admin" group="reading-room" mode="644" created="2019-08-20T09:36:11+02:00" modified="2019-08-20T09:36:11+02:00" filename="mark-string.xsl" mimetype="application/xslt+xml">
        <acl entries="0" version="1"/>
    </resource>
    <resource type="XMLResource" name="tei-to-xhtml.xsl" owner="admin" group="reading-room" mode="644" created="2019-08-20T09:36:11+02:00" modified="2020-01-21T15:37:18+01:00" filename="tei-to-xhtml.xsl" mimetype="application/xslt+xml">
        <acl entries="0" version="1"/>
    </resource>
    <resource type="XMLResource" name="functions.xsl" owner="admin" group="reading-room" mode="644" created="2019-08-20T09:36:11+02:00" modified="2020-01-28T15:18:13+01:00" filename="functions.xsl" mimetype="application/xslt+xml">
        <acl entries="0" version="1"/>
    </resource>
    <resource type="XMLResource" name="84000-html.xsl" owner="admin" group="reading-room" mode="644" created="2019-08-20T09:36:11+02:00" modified="2020-01-30T17:56:36+01:00" filename="84000-html.xsl" mimetype="application/xslt+xml">
        <acl entries="0" version="1"/>
    </resource>
    <resource type="XMLResource" name="tei-search.xsl" owner="admin" group="reading-room" mode="644" created="2019-08-20T09:36:11+02:00" modified="2020-01-30T13:43:44+01:00" filename="tei-search.xsl" mimetype="application/xslt+xml">
        <acl entries="0" version="1"/>
    </resource>
    <resource type="XMLResource" name="84000-footer.xml" owner="admin" group="reading-room" mode="644" created="2019-08-20T09:36:11+02:00" modified="2019-11-29T10:05:21+01:00" filename="84000-footer.xml" mimetype="application/xml">
        <acl entries="0" version="1"/>
    </resource>
    <resource type="XMLResource" name="milestones.xsl" owner="admin" group="dba" mode="644" created="2019-10-18T12:52:54+02:00" modified="2019-10-18T12:54:05+02:00" filename="milestones.xsl" mimetype="application/xslt+xml">
        <acl entries="0" version="1"/>
    </resource>
    <resource type="XMLResource" name="lang.xsl" owner="admin" group="reading-room" mode="644" created="2019-08-20T09:36:11+02:00" modified="2019-12-04T16:46:05+01:00" filename="lang.xsl" mimetype="application/xslt+xml">
        <acl entries="0" version="1"/>
    </resource>
    <resource type="XMLResource" name="colour-map.xml" owner="admin" group="reading-room" mode="644" created="2019-08-20T09:36:11+02:00" modified="2019-08-20T09:36:11+02:00" filename="colour-map.xml" mimetype="application/xml">
        <acl entries="0" version="1"/>
    </resource>
    <resource type="XMLResource" name="internal-refs.xsl" owner="admin" group="dba" mode="644" created="2019-09-04T12:48:56+02:00" modified="2019-10-18T12:58:25+02:00" filename="internal-refs.xsl" mimetype="application/xslt+xml">
        <acl entries="0" version="1"/>
    </resource>
    <resource type="XMLResource" name="layout.xsl" owner="admin" group="dba" mode="644" created="2019-12-10T12:48:18+01:00" modified="2019-12-10T12:49:29+01:00" filename="layout.xsl" mimetype="application/xslt+xml">
        <acl entries="0" version="1"/>
    </resource>
</collection>