<collection xmlns="http://exist.sourceforge.net/NS/exist" name="/db/apps/84000-reading-room/xslt" owner="admin" group="reading-room" mode="755" created="2019-08-20T09:36:11+02:00" deduplicate-blobs="false" version="2">
    <acl entries="0" version="1"/>
    <resource type="XMLResource" name="text-overlay.xsl" owner="admin" group="reading-room" mode="644" created="2019-08-20T09:36:11+02:00" modified="2020-10-12T19:00:24+02:00" filename="text-overlay.xsl" mimetype="application/xslt+xml">
        <acl entries="0" version="1"/>
    </resource>
    <resource type="XMLResource" name="mark-string.xsl" owner="admin" group="reading-room" mode="644" created="2019-08-20T09:36:11+02:00" modified="2021-05-07T11:08:50+02:00" filename="mark-string.xsl" mimetype="application/xslt+xml">
        <acl entries="0" version="1"/>
    </resource>
    <resource type="XMLResource" name="tei-to-xhtml.xsl" owner="admin" group="reading-room" mode="644" created="2019-08-20T09:36:11+02:00" modified="2024-09-03T14:11:28+02:00" filename="tei-to-xhtml.xsl" mimetype="application/xslt+xml">
        <acl entries="0" version="1"/>
    </resource>
    <resource type="XMLResource" name="common.xsl" owner="admin" group="reading-room" mode="644" created="2019-08-20T09:36:11+02:00" modified="2024-08-30T16:12:05+02:00" filename="common.xsl" mimetype="application/xslt+xml">
        <acl entries="0" version="1"/>
    </resource>
    <resource type="XMLResource" name="84000-html.xsl" owner="admin" group="reading-room" mode="644" created="2019-08-20T09:36:11+02:00" modified="2024-06-20T12:13:45+02:00" filename="84000-html.xsl" mimetype="application/xslt+xml">
        <acl entries="0" version="1"/>
    </resource>
    <resource type="XMLResource" name="lang.xsl" owner="admin" group="reading-room" mode="644" created="2019-08-20T09:36:11+02:00" modified="2022-12-23T09:05:06+01:00" filename="lang.xsl" mimetype="application/xslt+xml">
        <acl entries="0" version="1"/>
    </resource>
    <resource type="XMLResource" name="mark-tei.xsl" owner="admin" group="reading-room" mode="644" created="2021-05-13T16:26:04+02:00" modified="2023-06-13T11:08:58+02:00" filename="mark-tei.xsl" mimetype="application/xslt+xml">
        <acl entries="0" version="1"/>
    </resource>
    <resource type="XMLResource" name="layout.xsl" owner="admin" group="reading-room" mode="644" created="2019-12-10T12:48:18+01:00" modified="2024-09-04T18:09:22+02:00" filename="layout.xsl" mimetype="application/xslt+xml">
        <acl entries="0" version="1"/>
    </resource>
    <resource type="XMLResource" name="webpage.xsl" owner="admin" group="reading-room" mode="644" created="2022-04-22T15:56:31+02:00" modified="2024-09-04T08:19:02+02:00" filename="webpage.xsl" mimetype="application/xslt+xml">
        <acl entries="0" version="1"/>
    </resource>
    <resource type="XMLResource" name="glossary.xsl" owner="admin" group="reading-room" mode="644" created="2022-06-07T15:08:06+02:00" modified="2024-08-28T12:48:13+02:00" filename="glossary.xsl" mimetype="application/xslt+xml">
        <acl entries="0" version="1"/>
    </resource>
</collection>