<collection xmlns="http://exist.sourceforge.net/NS/exist" name="/db/apps/84000-reading-room/xslt" owner="admin" group="reading-room" mode="755" created="2019-08-20T09:36:11+02:00" deduplicate-blobs="false" version="2">
    <acl entries="0" version="1"/>
    <resource type="XMLResource" name="84000-header.xml" owner="admin" group="reading-room" mode="644" created="2019-08-20T09:36:11+02:00" modified="2020-05-20T17:48:11+02:00" filename="84000-header.xml" mimetype="application/xml">
        <acl entries="0" version="1"/>
    </resource>
    <resource type="XMLResource" name="text-overlay.xsl" owner="admin" group="reading-room" mode="644" created="2019-08-20T09:36:11+02:00" modified="2019-11-25T17:04:45+01:00" filename="text-overlay.xsl" mimetype="application/xslt+xml">
        <acl entries="0" version="1"/>
    </resource>
    <resource type="XMLResource" name="mark-string.xsl" owner="admin" group="reading-room" mode="644" created="2019-08-20T09:36:11+02:00" modified="2019-08-20T09:36:11+02:00" filename="mark-string.xsl" mimetype="application/xslt+xml">
        <acl entries="0" version="1"/>
    </resource>
    <resource type="XMLResource" name="tei-to-xhtml.xsl" owner="admin" group="reading-room" mode="644" created="2019-08-20T09:36:11+02:00" modified="2020-05-25T14:48:04+02:00" filename="tei-to-xhtml.xsl" mimetype="application/xslt+xml">
        <acl entries="0" version="1"/>
    </resource>
    <resource type="XMLResource" name="functions.xsl" owner="admin" group="reading-room" mode="644" created="2019-08-20T09:36:11+02:00" modified="2020-05-11T10:45:04+02:00" filename="functions.xsl" mimetype="application/xslt+xml">
        <acl entries="0" version="1"/>
    </resource>
    <resource type="XMLResource" name="84000-html.xsl" owner="admin" group="reading-room" mode="644" created="2019-08-20T09:36:11+02:00" modified="2020-05-05T16:03:52+02:00" filename="84000-html.xsl" mimetype="application/xslt+xml">
        <acl entries="0" version="1"/>
    </resource>
    <resource type="XMLResource" name="tei-search.xsl" owner="admin" group="reading-room" mode="644" created="2019-08-20T09:36:11+02:00" modified="2020-03-18T11:54:24+01:00" filename="tei-search.xsl" mimetype="application/xslt+xml">
        <acl entries="0" version="1"/>
    </resource>
    <resource type="XMLResource" name="84000-footer.xml" owner="admin" group="reading-room" mode="644" created="2019-08-20T09:36:11+02:00" modified="2020-05-11T16:03:19+02:00" filename="84000-footer.xml" mimetype="application/xml">
        <acl entries="0" version="1"/>
    </resource>
    <resource type="XMLResource" name="milestones.xsl" owner="admin" group="reading-room" mode="644" created="2019-10-18T12:52:54+02:00" modified="2020-03-12T10:50:12+01:00" filename="milestones.xsl" mimetype="application/xslt+xml">
        <acl entries="0" version="1"/>
    </resource>
    <resource type="XMLResource" name="lang.xsl" owner="admin" group="reading-room" mode="644" created="2019-08-20T09:36:11+02:00" modified="2020-04-22T15:07:53+02:00" filename="lang.xsl" mimetype="application/xslt+xml">
        <acl entries="0" version="1"/>
    </resource>
    <resource type="XMLResource" name="colour-map.xml" owner="admin" group="reading-room" mode="644" created="2019-08-20T09:36:11+02:00" modified="2020-04-20T15:19:13+02:00" filename="colour-map.xml" mimetype="application/xml">
        <acl entries="0" version="1"/>
    </resource>
    <resource type="XMLResource" name="internal-refs.xsl" owner="admin" group="reading-room" mode="644" created="2019-09-04T12:48:56+02:00" modified="2020-03-19T12:07:36+01:00" filename="internal-refs.xsl" mimetype="application/xslt+xml">
        <acl entries="0" version="1"/>
    </resource>
    <resource type="XMLResource" name="glossarize.xsl" owner="admin" group="reading-room" mode="644" created="2020-02-17T09:58:05+01:00" modified="2020-03-16T14:47:48+01:00" filename="glossarize.xsl" mimetype="application/xslt+xml">
        <acl entries="0" version="1"/>
    </resource>
    <resource type="XMLResource" name="layout.xsl" owner="admin" group="reading-room" mode="644" created="2019-12-10T12:48:18+01:00" modified="2019-12-10T12:49:29+01:00" filename="layout.xsl" mimetype="application/xslt+xml">
        <acl entries="0" version="1"/>
    </resource>
</collection>