<collection xmlns="http://exist.sourceforge.net/NS/exist" name="/db/apps/84000-reading-room/xslt" owner="admin" group="reading-room" mode="755" created="2018-10-28T10:46:26+01:00" deduplicate-blobs="false" version="2">
    <acl entries="0" version="1"/>
    <resource type="XMLResource" name="tei-to-xhtml.xsl" owner="admin" group="reading-room" mode="644" created="2018-01-24T10:18:57+01:00" modified="2019-08-01T15:27:55+02:00" filename="tei-to-xhtml.xsl" mimetype="application/xslt+xml">
        <acl entries="0" version="1"/>
    </resource>
    <resource type="XMLResource" name="tei-search.xsl" owner="admin" group="reading-room" mode="644" created="2017-05-03T13:21:35+02:00" modified="2019-07-25T09:47:15+02:00" filename="tei-search.xsl" mimetype="application/xslt+xml">
        <acl entries="0" version="1"/>
    </resource>
    <resource type="XMLResource" name="84000-html.xsl" owner="admin" group="dba" mode="644" created="2019-01-16T13:03:03+01:00" modified="2019-07-25T09:52:09+02:00" filename="84000-html.xsl" mimetype="application/xslt+xml">
        <acl entries="0" version="1"/>
    </resource>
    <resource type="XMLResource" name="84000-header.xml" owner="admin" group="dba" mode="644" created="2019-01-16T12:06:24+01:00" modified="2019-08-01T10:00:34+02:00" filename="84000-header.xml" mimetype="application/xml">
        <acl entries="0" version="1"/>
    </resource>
    <resource type="XMLResource" name="functions.xsl" owner="admin" group="reading-room" mode="644" created="2017-11-06T18:34:19+01:00" modified="2019-07-05T18:22:16+02:00" filename="functions.xsl" mimetype="application/xslt+xml">
        <acl entries="0" version="1"/>
    </resource>
    <resource type="XMLResource" name="colour-map.xml" owner="admin" group="reading-room" mode="644" created="2018-08-29T18:34:34+02:00" modified="2018-08-29T18:34:41+02:00" filename="colour-map.xml" mimetype="application/xml">
        <acl entries="0" version="1"/>
    </resource>
    <resource type="XMLResource" name="mark-string.xsl" owner="admin" group="reading-room" mode="644" created="2018-05-02T15:41:34+02:00" modified="2018-08-27T15:35:25+02:00" filename="mark-string.xsl" mimetype="application/xslt+xml">
        <acl entries="0" version="1"/>
    </resource>
    <resource type="XMLResource" name="lang.xsl" owner="admin" group="dba" mode="644" created="2019-06-24T16:42:24+02:00" modified="2019-07-24T15:07:46+02:00" filename="lang.xsl" mimetype="application/xslt+xml">
        <acl entries="0" version="1"/>
    </resource>
    <resource type="XMLResource" name="internal-refs.xsl" owner="admin" group="reading-room" mode="644" created="2017-09-19T11:04:21+02:00" modified="2019-06-03T14:38:18+02:00" filename="internal-refs.xsl" mimetype="application/xslt+xml">
        <acl entries="0" version="1"/>
    </resource>
    <resource type="XMLResource" name="text-overlay.xsl" owner="admin" group="reading-room" mode="644" created="2018-10-05T18:44:42+02:00" modified="2018-10-05T18:45:38+02:00" filename="text-overlay.xsl" mimetype="application/xslt+xml">
        <acl entries="0" version="1"/>
    </resource>
    <resource type="XMLResource" name="milestones.xsl" owner="admin" group="reading-room" mode="644" created="2018-04-25T14:54:08+02:00" modified="2019-07-01T11:38:19+02:00" filename="milestones.xsl" mimetype="application/xslt+xml">
        <acl entries="0" version="1"/>
    </resource>
    <resource type="XMLResource" name="84000-footer.xml" owner="admin" group="dba" mode="644" created="2019-01-25T17:34:02+01:00" modified="2019-02-14T09:18:41+01:00" filename="84000-footer.xml" mimetype="application/xml">
        <acl entries="0" version="1"/>
    </resource>
</collection>