<collection xmlns="http://exist.sourceforge.net/NS/exist" name="/db/apps/84000-reading-room/xslt" owner="admin" group="reading-room" mode="755" created="2018-10-28T10:46:26+01:00" version="1">
    <acl entries="0" version="1"/>
    <resource type="XMLResource" name="84000-header.xml" owner="admin" group="dba" mode="644" created="2019-01-16T12:06:24+01:00" modified="2019-01-25T17:35:27+01:00" filename="84000-header.xml" mimetype="application/xml">
        <acl entries="0" version="1"/>
    </resource>
    <resource type="XMLResource" name="84000-html.xsl" owner="admin" group="dba" mode="644" created="2019-01-16T13:03:03+01:00" modified="2019-01-28T11:30:06+01:00" filename="84000-html.xsl" mimetype="application/xslt+xml">
        <acl entries="0" version="1"/>
    </resource>
    <resource type="XMLResource" name="simple_navigation.xml" owner="admin" group="dba" mode="644" created="2019-01-17T12:22:35+01:00" modified="2019-01-17T12:28:43+01:00" filename="simple_navigation.xml" mimetype="application/xml">
        <acl entries="0" version="1"/>
    </resource>
    <resource type="XMLResource" name="mark-string.xsl" owner="admin" group="reading-room" mode="644" created="2018-05-02T15:41:34+02:00" modified="2018-08-27T15:35:25+02:00" filename="mark-string.xsl" mimetype="application/xslt+xml">
        <acl entries="0" version="1"/>
    </resource>
    <resource type="XMLResource" name="84000-footer.xml" owner="admin" group="dba" mode="644" created="2019-01-25T17:34:02+01:00" modified="2019-01-28T10:15:45+01:00" filename="84000-footer.xml" mimetype="application/xml">
        <acl entries="0" version="1"/>
    </resource>
    <resource type="XMLResource" name="internal-refs.xsl" owner="admin" group="reading-room" mode="644" created="2017-09-19T11:04:21+02:00" modified="2018-09-18T12:03:08+02:00" filename="internal-refs.xsl" mimetype="application/xslt+xml">
        <acl entries="0" version="1"/>
    </resource>
    <resource type="XMLResource" name="forms.xsl" owner="admin" group="reading-room" mode="644" created="2018-11-28T11:49:47+01:00" modified="2019-01-30T14:31:03+01:00" filename="forms.xsl" mimetype="application/xslt+xml">
        <acl entries="0" version="1"/>
    </resource>
    <resource type="XMLResource" name="tei-search.xsl" owner="admin" group="reading-room" mode="644" created="2017-05-03T13:21:35+02:00" modified="2019-01-18T16:12:27+01:00" filename="tei-search.xsl" mimetype="application/xslt+xml">
        <acl entries="0" version="1"/>
    </resource>
    <resource type="XMLResource" name="colour-map.xml" owner="admin" group="reading-room" mode="644" created="2018-08-29T18:34:34+02:00" modified="2018-08-29T18:34:41+02:00" filename="colour-map.xml" mimetype="application/xml">
        <acl entries="0" version="1"/>
    </resource>
    <resource type="XMLResource" name="text-overlay.xsl" owner="admin" group="reading-room" mode="644" created="2018-10-05T18:44:42+02:00" modified="2018-10-05T18:45:38+02:00" filename="text-overlay.xsl" mimetype="application/xslt+xml">
        <acl entries="0" version="1"/>
    </resource>
    <resource type="XMLResource" name="milestones.xsl" owner="admin" group="reading-room" mode="644" created="2018-04-25T14:54:08+02:00" modified="2018-12-05T13:39:03+01:00" filename="milestones.xsl" mimetype="application/xslt+xml">
        <acl entries="0" version="1"/>
    </resource>
    <resource type="XMLResource" name="tei-to-xhtml.xsl" owner="admin" group="reading-room" mode="644" created="2018-01-24T10:18:57+01:00" modified="2019-01-30T12:10:14+01:00" filename="tei-to-xhtml.xsl" mimetype="application/xslt+xml">
        <acl entries="0" version="1"/>
    </resource>
    <resource type="XMLResource" name="functions.xsl" owner="admin" group="reading-room" mode="644" created="2017-11-06T18:34:19+01:00" modified="2019-01-18T16:21:09+01:00" filename="functions.xsl" mimetype="application/xslt+xml">
        <acl entries="0" version="1"/>
    </resource>
</collection>