<collection xmlns="http://exist.sourceforge.net/NS/exist" name="/db/apps/84000-reading-room/migrations" owner="admin" group="reading-room" mode="744" created="2019-02-13T10:03:57+01:00" deduplicate-blobs="false" version="2">
    <acl entries="0" version="1"/>
    <resource type="BinaryResource" name="1.24.0.xq" owner="admin" group="dba" mode="644" created="2019-07-02T18:45:14+02:00" modified="2019-07-03T20:58:11+02:00" filename="1.24.0.xq" mimetype="application/xquery" blob-id="fd46f6f985e22bc409e35a21ab5129e0f42db24d784508fe32fd6fd4715478d0">
        <acl entries="0" version="1"/>
    </resource>
    <resource type="BinaryResource" name="1.15.0.xq" owner="admin" group="dba" mode="644" created="2019-02-13T10:04:04+01:00" modified="2019-02-13T10:04:04+01:00" filename="1.15.0.xq" mimetype="application/xquery" blob-id="3b4b1361284ed7dc62987522c3a63719bd906f021acb514added9ee7cca20ca5">
        <acl entries="0" version="1"/>
    </resource>
    <resource type="BinaryResource" name="1.13.0.xq" owner="admin" group="dba" mode="644" created="2019-02-13T10:04:04+01:00" modified="2019-05-30T13:18:13+02:00" filename="1.13.0.xq" mimetype="application/xquery" blob-id="2b13abf11f1330097428c144cae6eec670ede63bb00e46999081dd950ca086e3">
        <acl entries="0" version="1"/>
    </resource>
    <resource type="BinaryResource" name="1.22.0-tidy-up.xq" owner="admin" group="dba" mode="644" created="2019-06-04T17:00:07+02:00" modified="2019-06-04T17:01:56+02:00" filename="1.22.0-tidy-up.xq" mimetype="application/xquery" blob-id="adb6a501070d210e2ca9721f66123e5340813f9e9b0e9c137bd2d068f84c40d1">
        <acl entries="0" version="1"/>
    </resource>
    <resource type="BinaryResource" name="1.22.0.xq" owner="admin" group="dba" mode="644" created="2019-05-30T14:14:43+02:00" modified="2019-06-04T17:01:10+02:00" filename="1.22.0.xq" mimetype="application/xquery" blob-id="471ac18cc3182d7f97ea13c3dc68fea353ae3638b41e54cee64434dd11b88a9c">
        <acl entries="0" version="1"/>
    </resource>
    <resource type="BinaryResource" name="1.21.0.xq" owner="admin" group="dba" mode="644" created="2019-05-29T17:08:53+02:00" modified="2019-05-30T14:15:07+02:00" filename="1.21.0.xq" mimetype="application/xquery" blob-id="97af0761168de009655658961a1bdcbf0fd1e4d893640a31f8becdefaa999005">
        <acl entries="0" version="1"/>
    </resource>
</collection>