<collection xmlns="http://exist.sourceforge.net/NS/exist" name="/db/apps/84000-reading-room/migrations" owner="admin" group="reading-room" mode="755" created="2019-08-20T09:36:10+02:00" deduplicate-blobs="false" version="2">
    <acl entries="0" version="1"/>
    <resource type="BinaryResource" name="2.25.0.xq" owner="admin" group="dba" mode="644" created="2024-06-04T10:18:56+02:00" modified="2024-09-12T18:39:30+02:00" filename="2.25.0.xq" mimetype="application/xquery" blob-id="c76c62119825f350c33cc050b656c0593a4e7718370d86892655a69d4a76c5b8">
        <acl entries="0" version="1"/>
    </resource>
    <resource type="BinaryResource" name="2.25.2.xq" owner="admin" group="dba" mode="664" created="2024-09-12T18:37:25+02:00" modified="2024-09-30T15:37:41+02:00" filename="2.25.2.xq" mimetype="application/xquery" blob-id="a7e1f9bbc957fb9b8934363a89f6879457d491029fdd4f110772b9655a741fa8">
        <acl entries="0" version="1"/>
    </resource>
    <resource type="BinaryResource" name="2.20.6.xq" owner="admin" group="dba" mode="644" created="2023-12-20T17:35:14+01:00" modified="2024-01-25T11:28:16+01:00" filename="2.20.6.xq" mimetype="application/xquery" blob-id="80c76cf8b06ef6a11dd5a7fe1496195e6ebd5576901ed29f89b5d3ab6b50fdef">
        <acl entries="0" version="1"/>
    </resource>
    <resource type="BinaryResource" name="2.19.0.xq" owner="admin" group="dba" mode="664" created="2023-02-16T11:37:05+01:00" modified="2023-10-07T08:35:19+02:00" filename="2.19.0.xq" mimetype="application/xquery" blob-id="8056f99aca958fd64c066c5d14fd298e864e89005dfbc4132f338848fcd21fcb">
        <acl entries="0" version="1"/>
    </resource>
    <resource type="BinaryResource" name="1.26.0.xq" owner="admin" group="dba" mode="700" created="2019-09-02T13:45:52+02:00" modified="2022-06-29T10:35:53+02:00" filename="1.26.0.xq" mimetype="application/xquery" blob-id="567284fa8758d476bdcb34f177ead7fbf3f9e2d136199e78e29b7bcf9ff9c23c">
        <acl entries="0" version="1"/>
    </resource>
    <resource type="BinaryResource" name="2.9.0.xq" owner="admin" group="dba" mode="664" created="2021-12-20T14:59:07+01:00" modified="2022-01-20T10:13:43+01:00" filename="2.9.0.xq" mimetype="application/xquery" blob-id="7eaaf4be1078aa5508455b87530fae6d4e4a40152652f1dcdf5ba0998cf3ab43">
        <acl entries="0" version="1"/>
    </resource>
    <resource type="BinaryResource" name="2.15.0.xq" owner="admin" group="dba" mode="664" created="2022-05-06T19:23:36+02:00" modified="2022-06-23T11:45:30+02:00" filename="2.15.0.xq" mimetype="application/xquery" blob-id="e5de31f585cf5f4c743488da49088e92c1ff774ef36d97873d06d868e06bdd07">
        <acl entries="0" version="1"/>
    </resource>
    <resource type="BinaryResource" name="2.10.2.xq" owner="admin" group="dba" mode="664" created="2022-02-24T11:55:03+01:00" modified="2022-03-25T13:06:38+01:00" filename="2.10.2.xq" mimetype="application/xquery" blob-id="3bca29429567b601891d3b8715226e85c666b788ca5a6ca5ae54af573703de50">
        <acl entries="0" version="1"/>
    </resource>
    <resource type="BinaryResource" name="2.0.0.xq" owner="admin" group="dba" mode="700" created="2020-10-16T10:41:06+02:00" modified="2021-08-26T15:20:17+02:00" filename="2.0.0.xq" mimetype="application/xquery" blob-id="177a640b6bf7be22a472c72cdab40237234b37f929b3cb14282d712c09480c91">
        <acl entries="0" version="1"/>
    </resource>
    <resource type="BinaryResource" name="2.1.5.xq" owner="admin" group="dba" mode="700" created="2020-12-09T12:52:55+01:00" modified="2021-08-26T15:20:27+02:00" filename="2.1.5.xq" mimetype="application/xquery" blob-id="095ac38fcf02db36e81259d6a309a71574b4bf9e223b6e87a331db357282c1a0">
        <acl entries="0" version="1"/>
    </resource>
    <resource type="BinaryResource" name="2.6.0.xq" owner="admin" group="dba" mode="700" created="2021-06-28T18:13:19+02:00" modified="2021-07-29T15:24:57+02:00" filename="2.6.0.xq" mimetype="application/xquery" blob-id="4d886c5d2c56970cbb041cc6fd27da88f6a290164b3d6b17ebcef4c64eeccd5d">
        <acl entries="0" version="1"/>
    </resource>
    <resource type="BinaryResource" name="1.29.7.xq" owner="admin" group="dba" mode="700" created="2019-11-27T11:05:54+01:00" modified="2021-07-29T15:24:58+02:00" filename="1.29.7.xq" mimetype="application/xquery" blob-id="ca803949dd3935cdef338cbf6ba0f01f8a8c342c898d21c009f6e8630d804c6f">
        <acl entries="0" version="1"/>
    </resource>
    <resource type="BinaryResource" name="2.7.11.xq" owner="admin" group="dba" mode="664" created="2021-09-30T15:18:05+02:00" modified="2021-10-01T10:25:18+02:00" filename="2.7.11.xq" mimetype="application/xquery" blob-id="038fdd69b2b8d68cb1d31e1a41d4039aec368ac4750409b3c13d5b7762ef17bd">
        <acl entries="0" version="1"/>
    </resource>
    <resource type="BinaryResource" name="1.34.0.xq" owner="admin" group="dba" mode="700" created="2020-02-24T13:18:05+01:00" modified="2021-07-29T15:24:58+02:00" filename="1.34.0.xq" mimetype="application/xquery" blob-id="5cc807f6ecda6520813c9a8e4c464b2c4f54c26a90b5d3fc920bbdb697e61bdd">
        <acl entries="0" version="1"/>
    </resource>
    <resource type="BinaryResource" name="1.22.0-tidy-up.xq" owner="admin" group="dba" mode="700" created="2019-08-20T09:36:10+02:00" modified="2021-07-29T15:24:59+02:00" filename="1.22.0-tidy-up.xq" mimetype="application/xquery" blob-id="adb6a501070d210e2ca9721f66123e5340813f9e9b0e9c137bd2d068f84c40d1">
        <acl entries="0" version="1"/>
    </resource>
    <resource type="BinaryResource" name="1.30.0.xq" owner="admin" group="dba" mode="700" created="2019-12-04T14:49:54+01:00" modified="2021-07-29T15:25:00+02:00" filename="1.30.0.xq" mimetype="application/xquery" blob-id="d16e5566371281fd2d5ddac30d8e3487e40b2ea9557af96eb8ac8771c6f7ed9e">
        <acl entries="0" version="1"/>
    </resource>
    <resource type="BinaryResource" name="1.22.0.xq" owner="admin" group="dba" mode="700" created="2019-08-20T09:36:10+02:00" modified="2021-07-29T15:25:00+02:00" filename="1.22.0.xq" mimetype="application/xquery" blob-id="471ac18cc3182d7f97ea13c3dc68fea353ae3638b41e54cee64434dd11b88a9c">
        <acl entries="0" version="1"/>
    </resource>
    <resource type="BinaryResource" name="1.21.0.xq" owner="admin" group="dba" mode="700" created="2019-08-20T09:36:10+02:00" modified="2021-07-29T15:25:01+02:00" filename="1.21.0.xq" mimetype="application/xquery" blob-id="97af0761168de009655658961a1bdcbf0fd1e4d893640a31f8becdefaa999005">
        <acl entries="0" version="1"/>
    </resource>
    <resource type="BinaryResource" name="2.1.39.xq" owner="admin" group="dba" mode="700" created="2021-03-11T10:51:07+01:00" modified="2021-07-29T15:25:01+02:00" filename="2.1.39.xq" mimetype="application/xquery" blob-id="6f2a92649c87ad29e28633ad1e67838823696eb390c2281a144b0a123ac6012a">
        <acl entries="0" version="1"/>
    </resource>
    <resource type="BinaryResource" name="1.24.0.xq" owner="admin" group="dba" mode="700" created="2019-08-20T09:36:10+02:00" modified="2021-07-29T15:25:01+02:00" filename="1.24.0.xq" mimetype="application/xquery" blob-id="fd46f6f985e22bc409e35a21ab5129e0f42db24d784508fe32fd6fd4715478d0">
        <acl entries="0" version="1"/>
    </resource>
    <resource type="BinaryResource" name="1.13.0.xq" owner="admin" group="dba" mode="700" created="2019-08-20T09:36:10+02:00" modified="2021-07-29T15:25:01+02:00" filename="1.13.0.xq" mimetype="application/xquery" blob-id="2b13abf11f1330097428c144cae6eec670ede63bb00e46999081dd950ca086e3">
        <acl entries="0" version="1"/>
    </resource>
    <resource type="BinaryResource" name="1.15.0.xq" owner="admin" group="dba" mode="700" created="2019-08-20T09:36:10+02:00" modified="2021-07-29T15:25:02+02:00" filename="1.15.0.xq" mimetype="application/xquery" blob-id="3b4b1361284ed7dc62987522c3a63719bd906f021acb514added9ee7cca20ca5">
        <acl entries="0" version="1"/>
    </resource>
    <resource type="BinaryResource" name="2.21.0.xq" owner="admin" group="dba" mode="644" created="2024-01-25T11:26:43+01:00" modified="2024-01-29T09:51:16+01:00" filename="2.21.0.xq" mimetype="application/xquery" blob-id="86f443159595b7046ceccb30621c7c4836ba5b73de8dadace63dcefbc34345e7">
        <acl entries="0" version="1"/>
    </resource>
    <resource type="BinaryResource" name="2.16.16.xq" owner="admin" group="dba" mode="664" created="2023-01-20T16:06:50+01:00" modified="2023-01-23T17:08:22+01:00" filename="2.16.16.xq" mimetype="application/xquery" blob-id="271a438faab65156ae6a4abbb96a203b7ab82e5011e45322d545387c1477c8cf">
        <acl entries="0" version="1"/>
    </resource>
    <resource type="BinaryResource" name="2.17.0.xq" owner="admin" group="dba" mode="664" created="2023-02-06T14:23:35+01:00" modified="2023-02-16T09:41:42+01:00" filename="2.17.0.xq" mimetype="application/xquery" blob-id="1d3ae3cf693669bc45d0a2a65ba1d03ae06be8e469059dc2a11b7eed6188f9a6">
        <acl entries="0" version="1"/>
    </resource>
    <resource type="BinaryResource" name="2.26.1.xq" owner="admin" group="dba" mode="664" created="2024-10-14T14:04:07+02:00" modified="2024-10-16T14:27:59+02:00" filename="2.26.1.xq" mimetype="application/xquery" blob-id="15fdb3956316a9fe9b6d4394f0638a4fbddbbc328d42a9a30b97b7e4cde545d7">
        <acl entries="0" version="1"/>
    </resource>
</collection>