<collection xmlns="http://exist.sourceforge.net/NS/exist" name="/db/apps/84000-reading-room/migrations" owner="admin" group="reading-room" mode="755" created="2019-08-20T09:36:10+02:00" deduplicate-blobs="false" version="2">
    <acl entries="0" version="1"/>
    <resource type="BinaryResource" name="2.0.0.xq" owner="admin" group="dba" mode="700" created="2020-10-16T10:41:06+02:00" modified="2021-08-26T15:20:17+02:00" filename="2.0.0.xq" mimetype="application/xquery" blob-id="177a640b6bf7be22a472c72cdab40237234b37f929b3cb14282d712c09480c91">
        <acl entries="0" version="1"/>
    </resource>
    <resource type="BinaryResource" name="2.1.5.xq" owner="admin" group="dba" mode="700" created="2020-12-09T12:52:55+01:00" modified="2021-08-26T15:20:27+02:00" filename="2.1.5.xq" mimetype="application/xquery" blob-id="095ac38fcf02db36e81259d6a309a71574b4bf9e223b6e87a331db357282c1a0">
        <acl entries="0" version="1"/>
    </resource>
    <resource type="BinaryResource" name="2.6.0.xq" owner="admin" group="dba" mode="700" created="2021-06-28T18:13:19+02:00" modified="2021-07-29T15:24:57+02:00" filename="2.6.0.xq" mimetype="application/xquery" blob-id="4d886c5d2c56970cbb041cc6fd27da88f6a290164b3d6b17ebcef4c64eeccd5d">
        <acl entries="0" version="1"/>
    </resource>
    <resource type="BinaryResource" name="1.29.7.xq" owner="admin" group="dba" mode="700" created="2019-11-27T11:05:54+01:00" modified="2021-07-29T15:24:58+02:00" filename="1.29.7.xq" mimetype="application/xquery" blob-id="ca803949dd3935cdef338cbf6ba0f01f8a8c342c898d21c009f6e8630d804c6f">
        <acl entries="0" version="1"/>
    </resource>
    <resource type="BinaryResource" name="2.7.11.xq" owner="admin" group="dba" mode="664" created="2021-09-30T15:18:05+02:00" modified="2021-10-01T10:25:18+02:00" filename="2.7.11.xq" mimetype="application/xquery" blob-id="038fdd69b2b8d68cb1d31e1a41d4039aec368ac4750409b3c13d5b7762ef17bd">
        <acl entries="0" version="1"/>
    </resource>
    <resource type="BinaryResource" name="1.34.0.xq" owner="admin" group="dba" mode="700" created="2020-02-24T13:18:05+01:00" modified="2021-07-29T15:24:58+02:00" filename="1.34.0.xq" mimetype="application/xquery" blob-id="5cc807f6ecda6520813c9a8e4c464b2c4f54c26a90b5d3fc920bbdb697e61bdd">
        <acl entries="0" version="1"/>
    </resource>
    <resource type="BinaryResource" name="1.22.0-tidy-up.xq" owner="admin" group="dba" mode="700" created="2019-08-20T09:36:10+02:00" modified="2021-07-29T15:24:59+02:00" filename="1.22.0-tidy-up.xq" mimetype="application/xquery" blob-id="adb6a501070d210e2ca9721f66123e5340813f9e9b0e9c137bd2d068f84c40d1">
        <acl entries="0" version="1"/>
    </resource>
    <resource type="BinaryResource" name="1.26.0.xq" owner="admin" group="dba" mode="700" created="2019-09-02T13:45:52+02:00" modified="2021-07-29T15:24:59+02:00" filename="1.26.0.xq" mimetype="application/xquery" blob-id="838c4e7cc5a4e9a4a21a27a8dcd97188dd22890bcedf9f14af670a03007ac4ca">
        <acl entries="0" version="1"/>
    </resource>
    <resource type="BinaryResource" name="1.30.0.xq" owner="admin" group="dba" mode="700" created="2019-12-04T14:49:54+01:00" modified="2021-07-29T15:25:00+02:00" filename="1.30.0.xq" mimetype="application/xquery" blob-id="d16e5566371281fd2d5ddac30d8e3487e40b2ea9557af96eb8ac8771c6f7ed9e">
        <acl entries="0" version="1"/>
    </resource>
    <resource type="BinaryResource" name="1.22.0.xq" owner="admin" group="dba" mode="700" created="2019-08-20T09:36:10+02:00" modified="2021-07-29T15:25:00+02:00" filename="1.22.0.xq" mimetype="application/xquery" blob-id="471ac18cc3182d7f97ea13c3dc68fea353ae3638b41e54cee64434dd11b88a9c">
        <acl entries="0" version="1"/>
    </resource>
    <resource type="BinaryResource" name="1.21.0.xq" owner="admin" group="dba" mode="700" created="2019-08-20T09:36:10+02:00" modified="2021-07-29T15:25:01+02:00" filename="1.21.0.xq" mimetype="application/xquery" blob-id="97af0761168de009655658961a1bdcbf0fd1e4d893640a31f8becdefaa999005">
        <acl entries="0" version="1"/>
    </resource>
    <resource type="BinaryResource" name="2.1.39.xq" owner="admin" group="dba" mode="700" created="2021-03-11T10:51:07+01:00" modified="2021-07-29T15:25:01+02:00" filename="2.1.39.xq" mimetype="application/xquery" blob-id="6f2a92649c87ad29e28633ad1e67838823696eb390c2281a144b0a123ac6012a">
        <acl entries="0" version="1"/>
    </resource>
    <resource type="BinaryResource" name="1.24.0.xq" owner="admin" group="dba" mode="700" created="2019-08-20T09:36:10+02:00" modified="2021-07-29T15:25:01+02:00" filename="1.24.0.xq" mimetype="application/xquery" blob-id="fd46f6f985e22bc409e35a21ab5129e0f42db24d784508fe32fd6fd4715478d0">
        <acl entries="0" version="1"/>
    </resource>
    <resource type="BinaryResource" name="1.13.0.xq" owner="admin" group="dba" mode="700" created="2019-08-20T09:36:10+02:00" modified="2021-07-29T15:25:01+02:00" filename="1.13.0.xq" mimetype="application/xquery" blob-id="2b13abf11f1330097428c144cae6eec670ede63bb00e46999081dd950ca086e3">
        <acl entries="0" version="1"/>
    </resource>
    <resource type="BinaryResource" name="1.15.0.xq" owner="admin" group="dba" mode="700" created="2019-08-20T09:36:10+02:00" modified="2021-07-29T15:25:02+02:00" filename="1.15.0.xq" mimetype="application/xquery" blob-id="3b4b1361284ed7dc62987522c3a63719bd906f021acb514added9ee7cca20ca5">
        <acl entries="0" version="1"/>
    </resource>
    <resource type="BinaryResource" name="2.9.0.xq" owner="admin" group="dba" mode="664" created="2021-12-20T14:59:07+01:00" modified="2022-01-18T14:11:26+01:00" filename="2.9.0.xq" mimetype="application/xquery" blob-id="43ae8ddf6254af207de77a7bd65d40e562d6c9b41ba23233e99bc1c09e193d0b">
        <acl entries="0" version="1"/>
    </resource>
</collection>