<collection xmlns="http://exist.sourceforge.net/NS/exist" name="/db/apps/84000-reading-room/migrations" owner="admin" group="reading-room" mode="755" created="2019-08-20T08:36:10+01:00" deduplicate-blobs="false" version="2">
    <acl entries="0" version="1"/>
    <resource type="BinaryResource" name="1.29.7.xq" owner="admin" group="dba" mode="700" created="2019-11-27T10:05:54Z" modified="2019-12-11T15:41:34Z" filename="1.29.7.xq" mimetype="application/xquery" blob-id="ca803949dd3935cdef338cbf6ba0f01f8a8c342c898d21c009f6e8630d804c6f">
        <acl entries="0" version="1"/>
    </resource>
    <resource type="BinaryResource" name="2.1.5.xq" owner="admin" group="dba" mode="644" created="2020-12-09T11:52:55Z" modified="2020-12-11T21:08:05Z" filename="2.1.5.xq" mimetype="application/xquery" blob-id="396df9c9d5f5cf6710ba01b5744a5c541bd203021fdee502e889ee0ac2528640">
        <acl entries="0" version="1"/>
    </resource>
    <resource type="BinaryResource" name="1.34.0.xq" owner="admin" group="dba" mode="700" created="2020-02-24T12:18:05Z" modified="2020-07-06T09:35:17+01:00" filename="1.34.0.xq" mimetype="application/xquery" blob-id="5cc807f6ecda6520813c9a8e4c464b2c4f54c26a90b5d3fc920bbdb697e61bdd">
        <acl entries="0" version="1"/>
    </resource>
    <resource type="BinaryResource" name="1.22.0-tidy-up.xq" owner="admin" group="dba" mode="700" created="2019-08-20T08:36:10+01:00" modified="2019-08-20T08:36:10+01:00" filename="1.22.0-tidy-up.xq" mimetype="application/xquery" blob-id="adb6a501070d210e2ca9721f66123e5340813f9e9b0e9c137bd2d068f84c40d1">
        <acl entries="0" version="1"/>
    </resource>
    <resource type="BinaryResource" name="2.0.0.xq" owner="admin" group="dba" mode="644" created="2020-10-16T09:41:06+01:00" modified="2021-02-08T10:33:14Z" filename="2.0.0.xq" mimetype="application/xquery" blob-id="838adebc015749ef3e7dfb0a3a7551839a962252fe6b73fa07c9b4465e41c46e">
        <acl entries="0" version="1"/>
    </resource>
    <resource type="BinaryResource" name="1.26.0.xq" owner="admin" group="dba" mode="700" created="2019-09-02T12:45:52+01:00" modified="2019-09-18T13:17:05+01:00" filename="1.26.0.xq" mimetype="application/xquery" blob-id="838c4e7cc5a4e9a4a21a27a8dcd97188dd22890bcedf9f14af670a03007ac4ca">
        <acl entries="0" version="1"/>
    </resource>
    <resource type="BinaryResource" name="1.30.0.xq" owner="admin" group="dba" mode="700" created="2019-12-04T13:49:54Z" modified="2019-12-19T09:35:54Z" filename="1.30.0.xq" mimetype="application/xquery" blob-id="d16e5566371281fd2d5ddac30d8e3487e40b2ea9557af96eb8ac8771c6f7ed9e">
        <acl entries="0" version="1"/>
    </resource>
    <resource type="BinaryResource" name="1.22.0.xq" owner="admin" group="dba" mode="700" created="2019-08-20T08:36:10+01:00" modified="2019-08-20T08:36:10+01:00" filename="1.22.0.xq" mimetype="application/xquery" blob-id="471ac18cc3182d7f97ea13c3dc68fea353ae3638b41e54cee64434dd11b88a9c">
        <acl entries="0" version="1"/>
    </resource>
    <resource type="BinaryResource" name="1.21.0.xq" owner="admin" group="dba" mode="700" created="2019-08-20T08:36:10+01:00" modified="2019-08-20T08:36:10+01:00" filename="1.21.0.xq" mimetype="application/xquery" blob-id="97af0761168de009655658961a1bdcbf0fd1e4d893640a31f8becdefaa999005">
        <acl entries="0" version="1"/>
    </resource>
    <resource type="BinaryResource" name="2.1.39.xq" owner="admin" group="dba" mode="644" created="2021-03-11T09:51:07Z" modified="2021-03-22T09:14:21Z" filename="2.1.39.xq" mimetype="application/xquery" blob-id="6f2a92649c87ad29e28633ad1e67838823696eb390c2281a144b0a123ac6012a">
        <acl entries="0" version="1"/>
    </resource>
    <resource type="BinaryResource" name="1.24.0.xq" owner="admin" group="dba" mode="700" created="2019-08-20T08:36:10+01:00" modified="2019-08-20T08:36:10+01:00" filename="1.24.0.xq" mimetype="application/xquery" blob-id="fd46f6f985e22bc409e35a21ab5129e0f42db24d784508fe32fd6fd4715478d0">
        <acl entries="0" version="1"/>
    </resource>
    <resource type="BinaryResource" name="1.13.0.xq" owner="admin" group="dba" mode="700" created="2019-08-20T08:36:10+01:00" modified="2019-08-20T08:36:10+01:00" filename="1.13.0.xq" mimetype="application/xquery" blob-id="2b13abf11f1330097428c144cae6eec670ede63bb00e46999081dd950ca086e3">
        <acl entries="0" version="1"/>
    </resource>
    <resource type="BinaryResource" name="1.15.0.xq" owner="admin" group="dba" mode="700" created="2019-08-20T08:36:10+01:00" modified="2019-08-20T08:36:10+01:00" filename="1.15.0.xq" mimetype="application/xquery" blob-id="3b4b1361284ed7dc62987522c3a63719bd906f021acb514added9ee7cca20ca5">
        <acl entries="0" version="1"/>
    </resource>
</collection>