<collection xmlns="http://exist.sourceforge.net/NS/exist" name="/db/apps/84000-translator-tools/models" owner="admin" group="translator-tools" mode="755" created="2019-08-13T14:14:09+02:00" deduplicate-blobs="false" version="2">
    <acl entries="0" version="1"/>
    <resource type="BinaryResource" name="index.xq" owner="admin" group="translator-tools" mode="750" created="2019-08-13T14:14:09+02:00" modified="2021-08-30T15:10:07+02:00" filename="index.xq" mimetype="application/xquery" blob-id="2a8048f6076d38eeb01e905bec009c4797b6b883c081d6e636f9b8d71ba54cbd">
        <acl entries="0" version="1"/>
    </resource>
    <resource type="BinaryResource" name="glossary-items.xq" owner="admin" group="translator-tools" mode="750" created="2019-08-13T14:14:10+02:00" modified="2021-09-27T10:56:58+02:00" filename="glossary-items.xq" mimetype="application/xquery" blob-id="9aa0e7319d6ca208349c0ef20591656ae9e43b2842e35d44f86765f6e8ffff7b">
        <acl entries="0" version="1"/>
    </resource>
    <resource type="BinaryResource" name="cumulative-glossary.xq" owner="admin" group="translator-tools" mode="750" created="2019-08-13T14:14:10+02:00" modified="2020-01-28T13:54:24+01:00" filename="cumulative-glossary.xq" mimetype="application/xquery" blob-id="ab2acf09aa072c66ce45581da3437924bbba659f0f0a656ec398a0773d01d346">
        <acl entries="0" version="1"/>
    </resource>
</collection>