<collection xmlns="http://exist.sourceforge.net/NS/exist" name="/db/apps/84000-translator-tools/models" owner="admin" group="translator-tools" mode="755" created="2019-08-13T13:14:09+01:00" deduplicate-blobs="false" version="2">
    <acl entries="0" version="1"/>
    <resource type="BinaryResource" name="cumulative-glossary.xq" owner="admin" group="translator-tools" mode="750" created="2019-08-13T13:14:10+01:00" modified="2020-01-28T12:54:24Z" filename="cumulative-glossary.xq" mimetype="application/xquery" blob-id="ab2acf09aa072c66ce45581da3437924bbba659f0f0a656ec398a0773d01d346">
        <acl entries="0" version="1"/>
    </resource>
    <resource type="BinaryResource" name="index.xq" owner="admin" group="translator-tools" mode="750" created="2019-08-13T13:14:09+01:00" modified="2020-08-13T10:43:34+01:00" filename="index.xq" mimetype="application/xquery" blob-id="c449f80400e63147d4e789262f84cb7b9927aad96ec53739f965dbbc8e8b7b15">
        <acl entries="0" version="1"/>
    </resource>
    <resource type="BinaryResource" name="glossary-items.xq" owner="admin" group="translator-tools" mode="750" created="2019-08-13T13:14:10+01:00" modified="2020-11-19T12:04:00Z" filename="glossary-items.xq" mimetype="application/xquery" blob-id="ee5eb32fbd6f9c8e079b9529ebcd1362e295fbb393c17da04b4f86a034e5bc06">
        <acl entries="0" version="1"/>
    </resource>
</collection>