<collection xmlns="http://exist.sourceforge.net/NS/exist" name="/db/apps/84000-translator-tools/models" owner="admin" group="translator-tools" mode="755" created="2019-08-13T20:14:09+02:00" deduplicate-blobs="false" version="2">
    <acl entries="0" version="1"/>
    <resource type="BinaryResource" name="cumulative-glossary.xq" owner="admin" group="translator-tools" mode="750" created="2019-08-13T20:14:10+02:00" modified="2019-08-13T20:14:10+02:00" filename="cumulative-glossary.xq" mimetype="application/xquery" blob-id="ea96038c8ac814157bb2fb3332741941114e482273b8fc56e324f00165e462c1">
        <acl entries="0" version="1"/>
    </resource>
    <resource type="BinaryResource" name="glossary-items.xq" owner="admin" group="translator-tools" mode="750" created="2019-08-13T20:14:10+02:00" modified="2019-08-13T20:14:10+02:00" filename="glossary-items.xq" mimetype="application/xquery" blob-id="d1b6426c4a466a668ae83cc46703db855c886843734a548cef47be05fae34ade">
        <acl entries="0" version="1"/>
    </resource>
    <resource type="BinaryResource" name="index.xq" owner="admin" group="translator-tools" mode="750" created="2019-08-13T20:14:09+02:00" modified="2019-08-26T17:20:16+02:00" filename="index.xq" mimetype="application/xquery" blob-id="333d5309baff0af6e0d1dc2248e8f0232ff80de5e25c2e7b07f8f7bee2365597">
        <acl entries="0" version="1"/>
    </resource>
</collection>