<collection xmlns="http://exist.sourceforge.net/NS/exist" name="/db/apps/84000-translator-tools/models" owner="admin" group="translator-tools" mode="755" created="2019-08-13T14:14:09+02:00" deduplicate-blobs="false" version="2">
    <acl entries="0" version="1"/>
    <resource type="BinaryResource" name="cumulative-glossary.xq" owner="admin" group="translator-tools" mode="750" created="2019-08-13T14:14:10+02:00" modified="2020-01-28T13:54:24+01:00" filename="cumulative-glossary.xq" mimetype="application/xquery" blob-id="ab2acf09aa072c66ce45581da3437924bbba659f0f0a656ec398a0773d01d346">
        <acl entries="0" version="1"/>
    </resource>
    <resource type="BinaryResource" name="index.xq" owner="admin" group="translator-tools" mode="750" created="2019-08-13T14:14:09+02:00" modified="2020-07-31T15:51:02+02:00" filename="index.xq" mimetype="application/xquery" blob-id="de50dec694e669a1d4aea48d92a83b3ea54b9e8c3934d6af5890fa67c7b6bebb">
        <acl entries="0" version="1"/>
    </resource>
    <resource type="BinaryResource" name="glossary-items.xq" owner="admin" group="translator-tools" mode="750" created="2019-08-13T14:14:10+02:00" modified="2020-07-15T08:57:44+02:00" filename="glossary-items.xq" mimetype="application/xquery" blob-id="1b262a6ad4b2bcfc54c0e41f10435837e9dbf39fdef440fa0c3984c1024986a6">
        <acl entries="0" version="1"/>
    </resource>
</collection>