<collection xmlns="http://exist.sourceforge.net/NS/exist" name="/db/apps/84000-translator-tools/models" owner="admin" group="translator-tools" mode="755" created="2019-08-13T14:14:09+02:00" deduplicate-blobs="false" version="2">
    <acl entries="0" version="1"/>
    <resource type="BinaryResource" name="glossary-items.xq" owner="admin" group="translator-tools" mode="750" created="2019-08-13T14:14:10+02:00" modified="2019-09-11T09:58:41+02:00" filename="glossary-items.xq" mimetype="application/xquery" blob-id="e2eca530319fb9322b713d76db02899be394f6fb29f2c0da3f993125ccd6ce9f">
        <acl entries="0" version="1"/>
    </resource>
    <resource type="BinaryResource" name="cumulative-glossary.xq" owner="admin" group="translator-tools" mode="750" created="2019-08-13T14:14:10+02:00" modified="2019-08-13T14:14:10+02:00" filename="cumulative-glossary.xq" mimetype="application/xquery" blob-id="ea96038c8ac814157bb2fb3332741941114e482273b8fc56e324f00165e462c1">
        <acl entries="0" version="1"/>
    </resource>
    <resource type="BinaryResource" name="index.xq" owner="admin" group="translator-tools" mode="750" created="2019-08-13T14:14:09+02:00" modified="2019-12-06T10:32:14+01:00" filename="index.xq" mimetype="application/xquery" blob-id="c4fd102aa40bbe7f77f4f122b4094eb4a47cc515b0af961c36d5dea8e20531cf">
        <acl entries="0" version="1"/>
    </resource>
</collection>