<collection xmlns="http://exist.sourceforge.net/NS/exist" name="/db/apps/84000-translator-tools/models" owner="admin" group="translator-tools" mode="755" created="2019-08-13T14:14:09+02:00" deduplicate-blobs="false" version="2">
    <acl entries="0" version="1"/>
    <resource type="BinaryResource" name="glossary-items.xq" owner="admin" group="translator-tools" mode="750" created="2019-08-13T14:14:10+02:00" modified="2019-09-11T09:58:41+02:00" filename="glossary-items.xq" mimetype="application/xquery" blob-id="e2eca530319fb9322b713d76db02899be394f6fb29f2c0da3f993125ccd6ce9f">
        <acl entries="0" version="1"/>
    </resource>
    <resource type="BinaryResource" name="cumulative-glossary.xq" owner="admin" group="translator-tools" mode="750" created="2019-08-13T14:14:10+02:00" modified="2020-01-28T13:54:24+01:00" filename="cumulative-glossary.xq" mimetype="application/xquery" blob-id="ab2acf09aa072c66ce45581da3437924bbba659f0f0a656ec398a0773d01d346">
        <acl entries="0" version="1"/>
    </resource>
    <resource type="BinaryResource" name="index.xq" owner="admin" group="translator-tools" mode="750" created="2019-08-13T14:14:09+02:00" modified="2020-05-18T16:25:06+02:00" filename="index.xq" mimetype="application/xquery" blob-id="acfcad0533b80bd075be6a88ca5589c3119e9d4243a59bc779c912b31cd601d0">
        <acl entries="0" version="1"/>
    </resource>
</collection>