<collection xmlns="http://exist.sourceforge.net/NS/exist" name="/db/apps/84000-translator-tools/models" owner="admin" group="dba" mode="755" created="2018-05-18T13:06:24+02:00" deduplicate-blobs="false" version="2">
    <acl entries="0" version="1"/>
    <resource type="BinaryResource" name="glossary-items.xq" owner="admin" group="dba" mode="755" created="2018-05-18T16:32:54+02:00" modified="2018-11-21T16:22:18+01:00" filename="glossary-items.xq" mimetype="application/xquery" blob-id="3fa8988619bcdadf057ca14c36c985fae8bba1714e8ab3dcb3702b6145ca9e5e">
        <acl entries="0" version="1"/>
    </resource>
    <resource type="BinaryResource" name="cumulative-glossary.xq" owner="admin" group="dba" mode="755" created="2018-05-18T16:21:51+02:00" modified="2019-02-11T09:47:41+01:00" filename="cumulative-glossary.xq" mimetype="application/xquery" blob-id="ea96038c8ac814157bb2fb3332741941114e482273b8fc56e324f00165e462c1">
        <acl entries="0" version="1"/>
    </resource>
    <resource type="BinaryResource" name="index.xq" owner="admin" group="translator-tools" mode="750" created="2018-05-18T14:42:26+02:00" modified="2019-03-21T11:52:20+01:00" filename="index.xq" mimetype="application/xquery" blob-id="66969d0e15e0e0c6a818d59473242f0f446acf4a7585f802504d2db3f8c41151">
        <acl entries="1" version="1">
            <ace index="0" target="GROUP" who="translators" access_type="ALLOWED" mode="5"/>
        </acl>
    </resource>
</collection>