<collection xmlns="http://exist.sourceforge.net/NS/exist" name="/db/apps/84000-translator-tools/models" owner="admin" group="dba" mode="755" created="2018-05-18T12:06:24+01:00" deduplicate-blobs="false" version="2">
    <acl entries="0" version="1"/>
    <resource type="BinaryResource" name="index.xq" owner="admin" group="translator-tools" mode="750" created="2018-05-18T13:42:26+01:00" modified="2019-07-04T15:05:08+01:00" filename="index.xq" mimetype="application/xquery" blob-id="8a751fec5e37c4beedd47f3e2a249390943cc8495a8ea9580e7cb7439d9c3744">
        <acl entries="1" version="1">
            <ace index="0" target="GROUP" who="translators" access_type="ALLOWED" mode="5"/>
        </acl>
    </resource>
    <resource type="BinaryResource" name="cumulative-glossary.xq" owner="admin" group="dba" mode="755" created="2018-05-18T15:21:51+01:00" modified="2019-02-11T08:47:41Z" filename="cumulative-glossary.xq" mimetype="application/xquery" blob-id="ea96038c8ac814157bb2fb3332741941114e482273b8fc56e324f00165e462c1">
        <acl entries="0" version="1"/>
    </resource>
    <resource type="BinaryResource" name="glossary-items.xq" owner="admin" group="dba" mode="755" created="2018-05-18T15:32:54+01:00" modified="2019-05-19T06:20:32+01:00" filename="glossary-items.xq" mimetype="application/xquery" blob-id="d1b6426c4a466a668ae83cc46703db855c886843734a548cef47be05fae34ade">
        <acl entries="0" version="1"/>
    </resource>
</collection>