<collection xmlns="http://exist.sourceforge.net/NS/exist" name="/db/apps/84000-translator-tools/models" owner="admin" group="dba" mode="755" created="2018-05-18T13:06:24+02:00" deduplicate-blobs="false" version="2">
    <acl entries="0" version="1"/>
    <resource type="BinaryResource" name="cumulative-glossary.xq" owner="admin" group="dba" mode="755" created="2018-05-18T16:21:51+02:00" modified="2019-02-11T09:47:41+01:00" filename="cumulative-glossary.xq" mimetype="application/xquery" blob-id="ea96038c8ac814157bb2fb3332741941114e482273b8fc56e324f00165e462c1">
        <acl entries="0" version="1"/>
    </resource>
    <resource type="BinaryResource" name="glossary-items.xq" owner="admin" group="dba" mode="755" created="2018-05-18T16:32:54+02:00" modified="2019-05-19T07:20:32+02:00" filename="glossary-items.xq" mimetype="application/xquery" blob-id="d1b6426c4a466a668ae83cc46703db855c886843734a548cef47be05fae34ade">
        <acl entries="0" version="1"/>
    </resource>
    <resource type="BinaryResource" name="index.xq" owner="admin" group="translator-tools" mode="750" created="2018-05-18T14:42:26+02:00" modified="2019-03-22T23:02:23+01:00" filename="index.xq" mimetype="application/xquery" blob-id="8312acf7aa576403d459a6c53a0bc37092bbe7ec8795da871529d0e71734a6b6">
        <acl entries="1" version="1">
            <ace index="0" target="GROUP" who="translators" access_type="ALLOWED" mode="5"/>
        </acl>
    </resource>
</collection>