<collection xmlns="http://exist.sourceforge.net/NS/exist" name="/db/apps/84000-reading-room/xconf/db/apps/84000-data" owner="admin" group="reading-room" mode="755" created="2019-08-20T09:36:10+02:00" deduplicate-blobs="false" version="2">
    <acl entries="0" version="1"/>
    <subcollection name="translation-memory" filename="translation-memory"/>
    <subcollection name="config" filename="config"/>
    <subcollection name="operations" filename="operations"/>
    <subcollection name="local" filename="local"/>
    <subcollection name="translation-memory-generator" filename="translation-memory-generator"/>
    <subcollection name="tei" filename="tei"/>
    <subcollection name="BCRDCORPUS" filename="BCRDCORPUS"/>
    <subcollection name="tests" filename="tests"/>
    <subcollection name="cache" filename="cache"/>
</collection>