<collection xmlns="http://exist.sourceforge.net/NS/exist" name="/db/apps/84000-operations/config" owner="admin" group="operations" mode="755" created="2019-12-04T17:01:53+01:00" deduplicate-blobs="false" version="2">
    <acl entries="0" version="1"/>
    <resource type="XMLResource" name="submission-checklist.xml" owner="admin" group="tei" mode="664" created="2019-02-15T14:03:46+01:00" modified="2019-02-19T18:05:36+01:00" filename="submission-checklist.xml" mimetype="application/xml">
        <acl entries="0" version="1"/>
    </resource>
    <resource type="XMLResource" name="publication-tasks.xml" owner="admin" group="tei" mode="664" created="2019-02-14T14:05:20+01:00" modified="2020-04-03T15:11:56+02:00" filename="publication-tasks.xml" mimetype="application/xml">
        <acl entries="0" version="1"/>
    </resource>
    <resource type="XMLResource" name="contributor-types.xml" owner="admin" group="tei" mode="664" created="2019-01-30T14:11:16+01:00" modified="2020-12-16T19:32:37+01:00" filename="contributor-types.xml" mimetype="application/xml">
        <acl entries="0" version="1"/>
    </resource>
</collection>