<contributor-types xmlns="http://read.84000.co/ns/1.0">
    <contributor-type node-name="consultant" role="dharmaMaster">
        <label>Dharma master</label>
    </contributor-type>
    <contributor-type node-name="consultant" role="projectManager">
        <label>Project manager</label>
    </contributor-type>
    <contributor-type node-name="author" role="translatorEng">
        <!--<label>English Translator</label>-->
        <label>Translator</label>
    </contributor-type>
    <!--<contributor-type node-name="author" role="translatorTib">
        <label>Tibetan Translator</label>
    </contributor-type>-->
    <!--<contributor-type node-name="author" role="preface">
        <label>Preface author</label>
    </contributor-type>-->
    <contributor-type node-name="editor" role="reviser">
        <label>Translation editor</label>
    </contributor-type>
    <!--<contributor-type node-name="editor" role="mainEditor">
        <label>Main editor</label>
    </contributor-type>-->
    <contributor-type node-name="editor" role="proofreader">
        <label>Proofreader</label>
    </contributor-type>
    <contributor-type node-name="consultant" role="advisor">
        <label>Advising consultant</label>
    </contributor-type>
    <contributor-type node-name="editor" role="projectEditor">
        <label>84000 editor</label>
    </contributor-type>
    <contributor-type node-name="editor" role="associateEditor">
        <label>84000 associate editor</label>
    </contributor-type>
    <contributor-type node-name="editor" role="copyEditor">
        <label>Copy editor</label>
    </contributor-type>
    <contributor-type node-name="editor" role="TEImarkupEditor">
        <label>Markup editor</label>
    </contributor-type>
    <contributor-type node-name="editor" role="finalReviewer">
        <label>84000 Final reviewer</label>
    </contributor-type>
    <contributor-type node-name="editor" role="externalReviewer">
        <label>External reviewer</label>
    </contributor-type>
</contributor-types>