<publication-tasks xmlns="http://read.84000.co/ns/1.0">
    <task id="final-translation">Submit final translation</task>
    <task id="final-glossary">Submit final glossary</task>
    <task id="generate-tei-translation">Generate translation TEI</task>
    <task id="generate-tei-glossary">Generate glossary TEI</task>
    <task id="markup-editor-review">Markup editor revisions</task>
    <task id="project-editor-review">Project editor approval</task>
    <task id="copyeditor-review">Copyeditor review</task>
    <task id="chief-editor-review">Chief editor review</task>
    <task id="team-review">Team review</task>
    <task id="chief-editor-approval">Chief editor approval</task>
</publication-tasks>