<collection xmlns="http://exist.sourceforge.net/NS/exist" name="/db/apps/84000-reading-room/models/widget" owner="admin" group="reading-room" mode="755" created="2020-01-16T15:18:40+01:00" deduplicate-blobs="false" version="2">
    <acl entries="0" version="1"/>
    <resource type="BinaryResource" name="progress-panel.xq" owner="admin" group="reading-room" mode="755" created="2020-01-16T15:14:30+01:00" modified="2023-07-06T10:42:51+02:00" filename="progress-panel.xq" mimetype="application/xquery" blob-id="44af3067f03038ddcedde2baf17180807bc23bfd04cc73a7afbfd9f5e41c10ef">
        <acl entries="0" version="1"/>
    </resource>
    <resource type="BinaryResource" name="progress-chart.xq" owner="admin" group="reading-room" mode="755" created="2020-04-22T15:00:17+02:00" modified="2023-07-06T10:43:07+02:00" filename="progress-chart.xq" mimetype="application/xquery" blob-id="dda82c241c57dca66a10f3926edceb698d8e0762b6cda742e78640b49cc9dbcb">
        <acl entries="0" version="1"/>
    </resource>
    <resource type="BinaryResource" name="progress-chart-single.xq" owner="admin" group="reading-room" mode="755" created="2022-06-29T10:06:02+02:00" modified="2023-07-06T10:45:37+02:00" filename="progress-chart-single.xq" mimetype="application/xquery" blob-id="9fb61760f884089b496fe12bf7098d6d3cc55ab2729eafad89a67f492516a471">
        <acl entries="0" version="1"/>
    </resource>
    <resource type="BinaryResource" name="download-dana.xq" owner="admin" group="reading-room" mode="755" created="2020-02-10T14:38:01+01:00" modified="2023-03-16T11:28:37+01:00" filename="download-dana.xq" mimetype="application/xquery" blob-id="792904685523bc95616bf3ea058739776f6c7ace8f2fc314b18956123734c9a1">
        <acl entries="0" version="1"/>
    </resource>
    <resource type="BinaryResource" name="section-checkbox.xq" owner="admin" group="reading-room" mode="755" created="2020-12-08T13:59:34+01:00" modified="2023-04-19T14:13:56+02:00" filename="section-checkbox.xq" mimetype="application/xquery" blob-id="95fef94c00042cd390c1468bc62365b3ac2687d06eea19ff636ed2e747e98f61">
        <acl entries="0" version="1"/>
    </resource>
</collection>