<collection xmlns="http://exist.sourceforge.net/NS/exist" name="/db/apps/84000-reading-room/models/widget" owner="admin" group="reading-room" mode="755" created="2020-01-16T15:18:40+01:00" deduplicate-blobs="false" version="2">
    <acl entries="0" version="1"/>
    <resource type="BinaryResource" name="progress-chart.xq" owner="admin" group="reading-room" mode="755" created="2020-04-22T15:00:17+02:00" modified="2022-06-29T10:37:19+02:00" filename="progress-chart.xq" mimetype="application/xquery" blob-id="d89de77bb8b04e36e3650c641ed35c28e4f9a0a1a79d915eea731003752033b9">
        <acl entries="0" version="1"/>
    </resource>
    <resource type="BinaryResource" name="progress-chart-single.xq" owner="admin" group="reading-room" mode="755" created="2022-06-29T10:06:02+02:00" modified="2022-06-29T11:36:20+02:00" filename="progress-chart-single.xq" mimetype="application/xquery" blob-id="55b40890b41c900b5af80eb6b6a5d599e6838a2610fdcc8d2119fec1b6fc3cb5">
        <acl entries="0" version="1"/>
    </resource>
    <resource type="BinaryResource" name="download-dana.xq" owner="admin" group="reading-room" mode="755" created="2020-02-10T14:38:01+01:00" modified="2022-03-25T17:30:19+01:00" filename="download-dana.xq" mimetype="application/xquery" blob-id="a5e7c5ba0fbcb046389722968c43451d1ed35c33f182a3af0c4768774c38aac7">
        <acl entries="0" version="1"/>
    </resource>
    <resource type="BinaryResource" name="section-checkbox.xq" owner="admin" group="reading-room" mode="755" created="2020-12-08T13:59:34+01:00" modified="2022-03-25T17:30:52+01:00" filename="section-checkbox.xq" mimetype="application/xquery" blob-id="c4c7b01bcbbaa2c65915d14bc44da414a6e640df1e1281b067eecaff11862d85">
        <acl entries="0" version="1"/>
    </resource>
    <resource type="BinaryResource" name="progress-panel.xq" owner="admin" group="reading-room" mode="755" created="2020-01-16T15:14:30+01:00" modified="2022-06-29T10:27:12+02:00" filename="progress-panel.xq" mimetype="application/xquery" blob-id="c3fc0d159160f9051ba0b94ec1768d573dec0421a52c0aa73466064f2ee934a1">
        <acl entries="0" version="1"/>
    </resource>
</collection>