<collection xmlns="http://exist.sourceforge.net/NS/exist" name="/db/apps/84000-reading-room/models/widget" owner="admin" group="reading-room" mode="755" created="2020-01-16T15:18:40+01:00" deduplicate-blobs="false" version="2">
    <acl entries="0" version="1"/>
    <resource type="BinaryResource" name="progress-chart.xq" owner="admin" group="reading-room" mode="755" created="2020-04-22T15:00:17+02:00" modified="2020-04-22T15:03:00+02:00" filename="progress-chart.xq" mimetype="application/xquery" blob-id="da38088b75859ff4c1b340c24c98bc1ab54dfdcd1beb04fc73accc19a3184a76">
        <acl entries="0" version="1"/>
    </resource>
    <resource type="BinaryResource" name="download-dana.xq" owner="admin" group="reading-room" mode="755" created="2020-02-10T14:38:01+01:00" modified="2020-02-10T14:52:13+01:00" filename="download-dana.xq" mimetype="application/xquery" blob-id="3546ec98085be5bb9a6cc9e142d1e3d577e943687c7ed2f2df4ee5f2eb21e13c">
        <acl entries="0" version="1"/>
    </resource>
    <resource type="BinaryResource" name="progress-panel.xq" owner="admin" group="reading-room" mode="755" created="2020-01-16T15:14:30+01:00" modified="2020-04-16T12:34:08+02:00" filename="progress-panel.xq" mimetype="application/xquery" blob-id="1e3cf736e193c0e084e7483f4b8567d0e571e97dbd02a6374b8f96f44e9a54bb">
        <acl entries="0" version="1"/>
    </resource>
</collection>