<collection xmlns="http://exist.sourceforge.net/NS/exist" name="/db/apps/84000-reading-room/models/widget" owner="admin" group="reading-room" mode="755" created="2020-01-16T14:18:40Z" deduplicate-blobs="false" version="2">
    <acl entries="0" version="1"/>
    <resource type="BinaryResource" name="section-checkbox.xq" owner="admin" group="reading-room" mode="755" created="2020-12-08T12:59:34Z" modified="2020-12-08T13:51:24Z" filename="section-checkbox.xq" mimetype="application/xquery" blob-id="1d8f4124f4b2e510da4f4def41b17348ddbaa690de591e573984e10ea031c011">
        <acl entries="0" version="1"/>
    </resource>
    <resource type="BinaryResource" name="download-dana.xq" owner="admin" group="reading-room" mode="755" created="2020-02-10T13:38:01Z" modified="2020-02-10T13:52:13Z" filename="download-dana.xq" mimetype="application/xquery" blob-id="3546ec98085be5bb9a6cc9e142d1e3d577e943687c7ed2f2df4ee5f2eb21e13c">
        <acl entries="0" version="1"/>
    </resource>
    <resource type="BinaryResource" name="progress-panel.xq" owner="admin" group="reading-room" mode="755" created="2020-01-16T14:14:30Z" modified="2020-08-06T10:45:11+01:00" filename="progress-panel.xq" mimetype="application/xquery" blob-id="eaf9b0a42499bd2f6e1fb25654d72e20a9f00058ad98534b1776ec9660eda5c6">
        <acl entries="0" version="1"/>
    </resource>
    <resource type="BinaryResource" name="progress-chart.xq" owner="admin" group="reading-room" mode="755" created="2020-04-22T14:00:17+01:00" modified="2020-08-06T10:43:54+01:00" filename="progress-chart.xq" mimetype="application/xquery" blob-id="139ae4bd4663d037cd24113be547112204f3b30096c7f51518087ad26cefecba">
        <acl entries="0" version="1"/>
    </resource>
</collection>