<collection xmlns="http://exist.sourceforge.net/NS/exist" name="/db/apps/84000-reading-room/models/widget" owner="admin" group="reading-room" mode="755" created="2020-01-16T14:18:40Z" deduplicate-blobs="false" version="2">
    <acl entries="0" version="1"/>
    <resource type="BinaryResource" name="download-dana.xq" owner="admin" group="reading-room" mode="755" created="2020-02-10T13:38:01Z" modified="2021-08-31T16:05:00+01:00" filename="download-dana.xq" mimetype="application/xquery" blob-id="7e1bb67bf17ea514adde23c1d7e095627e59737d552175d0cc2bf8b92f1fac79">
        <acl entries="0" version="1"/>
    </resource>
    <resource type="BinaryResource" name="section-checkbox.xq" owner="admin" group="reading-room" mode="755" created="2020-12-08T12:59:34Z" modified="2021-08-31T16:12:12+01:00" filename="section-checkbox.xq" mimetype="application/xquery" blob-id="55d142727b834c34c49658b1eb3556da358d4b4c4c8942608a8bc34575334909">
        <acl entries="0" version="1"/>
    </resource>
    <resource type="BinaryResource" name="progress-chart.xq" owner="admin" group="reading-room" mode="755" created="2020-04-22T14:00:17+01:00" modified="2021-08-31T16:14:33+01:00" filename="progress-chart.xq" mimetype="application/xquery" blob-id="b9be8e051a45967dc1a65c8743d43ff57929e3b2009f6e20162227e8127e81ac">
        <acl entries="0" version="1"/>
    </resource>
    <resource type="BinaryResource" name="progress-panel.xq" owner="admin" group="reading-room" mode="755" created="2020-01-16T14:14:30Z" modified="2021-08-31T16:16:54+01:00" filename="progress-panel.xq" mimetype="application/xquery" blob-id="de836ab0bc2cbcc061eec9a3424b1e80d7ed40343358556b4790b4ec8cbbd35d">
        <acl entries="0" version="1"/>
    </resource>
</collection>