<collection xmlns="http://exist.sourceforge.net/NS/exist" name="/db/apps/84000-reading-room/models/widget" owner="admin" group="dba" mode="755" created="2020-01-16T15:18:40+01:00" deduplicate-blobs="false" version="2">
    <acl entries="0" version="1"/>
    <resource type="BinaryResource" name="section-checkbox.xq" owner="admin" group="dba" mode="755" created="2020-12-08T13:59:34+01:00" modified="2021-07-29T15:24:50+02:00" filename="section-checkbox.xq" mimetype="application/xquery" blob-id="1d8f4124f4b2e510da4f4def41b17348ddbaa690de591e573984e10ea031c011">
        <acl entries="0" version="1"/>
    </resource>
    <resource type="BinaryResource" name="download-dana.xq" owner="admin" group="dba" mode="755" created="2020-02-10T14:38:01+01:00" modified="2021-07-29T15:24:51+02:00" filename="download-dana.xq" mimetype="application/xquery" blob-id="3546ec98085be5bb9a6cc9e142d1e3d577e943687c7ed2f2df4ee5f2eb21e13c">
        <acl entries="0" version="1"/>
    </resource>
    <resource type="BinaryResource" name="progress-panel.xq" owner="admin" group="dba" mode="755" created="2020-01-16T15:14:30+01:00" modified="2021-07-29T15:24:51+02:00" filename="progress-panel.xq" mimetype="application/xquery" blob-id="eaf9b0a42499bd2f6e1fb25654d72e20a9f00058ad98534b1776ec9660eda5c6">
        <acl entries="0" version="1"/>
    </resource>
    <resource type="BinaryResource" name="progress-chart.xq" owner="admin" group="dba" mode="755" created="2020-04-22T15:00:17+02:00" modified="2021-07-29T15:24:52+02:00" filename="progress-chart.xq" mimetype="application/xquery" blob-id="139ae4bd4663d037cd24113be547112204f3b30096c7f51518087ad26cefecba">
        <acl entries="0" version="1"/>
    </resource>
</collection>