<eft-header xmlns="http://read.84000.co/ns/1.0">
    <!-- Updated 11.01.2023 -->
    <translation id="tag-line">
        <text xml:lang="en">Translating the words of the Buddha</text>
        <text xml:lang="zh">八萬四千 • 佛典傳譯</text>
    </translation>
    <translation id="placeholder-search">
        <text xml:lang="en">Search...</text>
        <text xml:lang="zh">網站檢索</text>
    </translation>
    <translation id="button-search-reading-room">
        <text xml:lang="en">Search the Reading Room</text>
        <text xml:lang="zh">雲端藏經閣檢索</text>
    </translation>
    <translation id="button-search-comms">
        <text xml:lang="en">Search the website</text>
        <text xml:lang="zh">網站檢索</text>
    </translation>
    <translation id="button-donate-text">
        <text xml:lang="en">Donate</text>
        <text xml:lang="zh">線上捐款</text>
    </translation>
    <translation id="button-donate-link">
        <text xml:lang="en">https://84000.co/how-you-can-help/give-monthly</text>
        <text xml:lang="zh">https://84000.co/ch-how-you-can-help/ch-give-monthly</text>
    </translation>
    <translation id="label-bookmarks">
        <text xml:lang="en">Bookmarks</text>
        <text xml:lang="zh">書籤</text>
    </translation>
    <translation id="title-donation-footer">
        <text xml:lang="en">More ways to give</text>
        <text xml:lang="zh">其他捐贈形式</text>
    </translation>
    <translation id="modal-wire-transfer-label">
        <text xml:lang="en">Wire Transfer</text>
        <text xml:lang="zh">電匯/轉帳</text>
    </translation>
    <translation id="modal-wire-transfer-content">
        <html xml:lang="en">
            <p>
                For information about sending wire transfers please email <a href="mailto:donate@84000.co" target="_blank">donate@84000.co</a>.
            </p>
        </html>
        <html xml:lang="zh">
            <p>
                For information about sending wire transfers please email <a href="mailto:donate@84000.co" target="_blank">donate@84000.co</a>.
            </p>
        </html>
    </translation>
    <translation id="modal-check-by-mail-label">
        <text xml:lang="en">Check by Mail</text>
        <text xml:lang="zh">郵寄支票</text>
    </translation>
    <translation id="modal-check-by-mail-content">
        <html xml:lang="en">
            <h3 class="no-top-margin">Please send checks to the following postal address:</h3>
            <ul class="list-unstyled">
                <li>84000: Translating the Words of the Buddha</li>
                <li>43456 Ellsworth St. #3332</li>
                <li>Fremont</li>
                <li>CA</li>
                <li>94539-9991</li>
            </ul>
        </html>
        <html xml:lang="zh">
            <h3 class="no-top-margin">Please send checks to the following postal address:</h3>
            <ul class="list-unstyled">
                <li>84000: Translating the Words of the Buddha</li>
                <li>43456 Ellsworth St. #3332</li>
                <li>Fremont</li>
                <li>CA</li>
                <li>94539-9991</li>
            </ul>
        </html>
    </translation>
    <navigation xml:lang="en">
        <item class="home" url="https://84000.co/">
            <label key="label-home">Home</label>
        </item>
        <item class="reading-room" url="#reading-room">
            <label key="label-reading-room">Reading Room</label>
            <item url="https://read.84000.co/section/lobby.html">
                <label key="label-lobby">The Collection</label>
            </item>
            <item url="https://read.84000.co/section/all-translated.html">
                <label key="label-all-translated">Published Translations</label>
            </item>
            <item url="https://read.84000.co/glossary/search.html">
                <label key="label-glossary">Glossary of Terms</label>
            </item>
            <item url="https://read.84000.co/search.html">
                <label key="label-search">Search</label>
            </item>
        </item>
        <item class="resources" url="#resources">
            <label key="label-resources">Resources</label>
            <item url="https://84000.co/resources/translator-training">
                <label key="label-translator-training">For Translators</label>
            </item>
            <item url="https://84000.co/resources/teachings-on-sutra">
                <label key="label-teachings-on-sutra">Teachings on Sūtra</label>
            </item>
            <item url="https://84000.co/resources/mobile-apps-android-ios">
                <label key="label-mobile">Mobile App for iOS &amp; Android</label>
            </item>
            <item url="https://84000.co/resources/sutras-for-well-being">
                <label key="label-well-being">Sūtras for Well-Being</label>
            </item>
            <item url="https://84000.co/resources/commentaries">
                <label key="label-commentaries">Special Offerings</label>
            </item>
            <item url="https://84000.co/resources/resounding">
                <label key="label-resounding">Resoundings</label>
            </item>
            <item url="https://84000.co/resources/quotes">
                <label key="label-quotes">Quotes</label>
            </item>
        </item>
        <item class="about" url="#about">
            <label key="label-about">About</label>
            <item url="https://84000.co/about/about-us">
                <label key="label-about-us">About Us</label>
                <anchor id="about-us-section-1">
                    <label key="label-what-we-do">What We Do</label>
                </anchor>
                <anchor id="about-us-section-2">
                    <label key="label-who-we-are">Who We Are</label>
                </anchor>
                <anchor id="about-us-section-3">
                    <label key="label-our-history">Our History</label>
                </anchor>
            </item>
            <item url="https://84000.co/about/guiding-principles">
                <label key="label-guiding-principles">Guiding Principles</label>
            </item>
            <item url="https://84000.co/about/translation-progress-impact">
                <label key="label-progress-impact">Progress and Impact</label>
            </item>
            <item url="https://84000.co/about/partnerships">
                <label key="label-partnerships">Partnerships</label>
            </item>
            <item url="https://84000.co/about/media">
                <label key="label-press">Press</label>
            </item>
            <item url="https://84000.co/about/reports">
                <label key="label-reports">Annual Reports</label>
            </item>
            <item url="https://84000.co/about/contact">
                <label key="label-contact">Contact</label>
            </item>
        </item>
        <item class="join-us" url="#join-us">
            <label key="label-join-us">Join Us</label>
            <item url="https://84000.co/opportunities">
                <label key="label-opportunities">Opportunities</label>
            </item>
            <item url="https://84000.co/grants">
                <label key="label-grants">Grants</label>
            </item>
            <item url="https://84000.co/subscribe">
                <label key="label-subscribe">Subscribe</label>
            </item>
        </item>
        <item class="how-to-help" url="#how-to-help">
            <label key="label-how-to-help">Donate</label>
            <item url="https://campaigns.84000.co">
                <label key="label-give-monthly">The Perfection of Wisdom for All</label>
            </item>
            <item url="https://84000.co/how-you-can-help/give-monthly">
                <label key="label-give-monthly">Give Monthly</label>
            </item>
            <item url="https://read.84000.co/about/sponsor-a-sutra.html">
                <label key="label-sponsor-a-sutra">Sponsor a Sūtra</label>
            </item>
            <item url="https://84000.co/how-you-can-help/planned-giving">
                <label key="label-planned-giving">Planned Giving</label>
            </item>
            <item url="https://84000.co/how-you-can-help/matching-funds">
                <label key="label-matching-funds">Matching Funds</label>
            </item>
        </item>
        <banner>
            <div xmlns="http://www.w3.org/1999/xhtml">
                Find out more about <a href="https://campaigns.84000.co" target="_blank">The Perfection of Wisdom for All</a>, a crowdfunding campaign to translate a sūtra
            </div>
        </banner>
    </navigation>
    <navigation xml:lang="zh">
        <item class="home" url="https://84000.co/ch">
            <label key="label-home">首頁</label>
        </item>
        <item class="reading-room" url="#reading-room">
            <label key="label-reading-room">雲端藏經閣</label>
            <item url="https://read.84000.co/section/lobby.html?lang=zh">
                <label key="label-lobby">經藏</label>
            </item>
            <item url="https://read.84000.co/section/all-translated.html?lang=zh">
                <label key="label-all-translated">已翻譯經典</label>
            </item>
            <item url="https://read.84000.co/glossary/search.html?lang=zh">
                <label key="label-glossary">術語表</label>
            </item>
            <item url="https://read.84000.co/search.html?lang=zh">
                <label key="label-search">雲端藏經閣檢索</label>
            </item>
        </item>
        <item class="resources" url="#resources">
            <label key="label-resources">資源分享</label>
            <item url="https://84000.co/ch-resources/ch-teachings-on-sutra">
                <label key="label-teachings-on-sutra">八萬四千講經堂</label>
            </item>
            <item url="https://84000.co/ch-resources/ch-sutras-for-well-being">
                <label key="label-well-being">「消災祈福」系列經典</label>
            </item>
            <item url="https://84000.co/ch-resources/ch-mobile-apps-android-ios">
                <label key="label-mobile">手機應用程式 iOS/安卓</label>
            </item>
            <item url="https://84000.co/ch-resources/ch-commentaries">
                <label key="label-commentaries">特殊出版物</label>
            </item>
            <item url="https://84000.co/ch-resources/ch-resounding">
                <label key="label-resounding">經典迴響</label>
            </item>
            <item url="https://84000.co/ch-resources/ch-resources-training">
                <label key="label-translator-training">譯者培訓</label>
            </item>
            <item url="https://84000.co/resources/translator-resources">
                <label key="label-translator-resources">譯者資源</label>
            </item>
            <item url="https://84000.co/resources/quotes">
                <label key="label-quotes">經典語錄</label>
            </item>
        </item>
        <item class="about" url="#about">
            <label key="label-about">關於我們</label>
            <item url="https://84000.co/ch-about/ch-about-us">
                <label key="label-about-us">關於我們</label>
            </item>
            <item url="https://84000.co/ch-about/ch-guiding-principles">
                <label key="label-guiding-principles">組織核心價值</label>
            </item>
            <item url="https://84000.co/ch-about/ch-translation-progress-impact">
                <label key="label-progress-impact">翻譯進度和影響力</label>
            </item>
            <item url="https://84000.co/ch-about/ch-partnerships">
                <label key="label-partnerships">合作夥伴</label>
            </item>
            <item url="https://84000.co/about/media">
                <label key="label-achievements">媒體報導</label>
            </item>
            <item url="https://84000.co/ch-about/ch-reports">
                <label key="label-reports">進度報告</label>
            </item>
            <item url="https://84000.co/ch-about/ch-about-contact">
                <label key="label-contact">聯繫方式</label>
            </item>
        </item>
        <item class="join-us" url="#join-us">
            <label key="label-join-us">關注並參與</label>
            <item url="https://84000.co/ch-opportunities">
                <label key="label-opportunities">工作機會</label>
            </item>
            <item url="https://84000.co/ch-grants">
                <label key="label-grants">翻譯資助金</label>
            </item>
            <item url="https://84000.co/ch-subscribe">
                <label key="label-subscribe">訂閱電子通訊</label>
            </item>
        </item>
        <item class="how-to-help" url="#how-to-help">
            <label key="label-how-to-help">線上捐款</label>
            <item url="https://campaigns.84000.co/chinese">
                <label key="label-give-monthly">點亮心燈 傳譯般若</label>
            </item>
            <item url="https://84000.co/ch-how-you-can-help/ch-give-monthly">
                <label key="label-give-monthly">每月定捐</label>
            </item>
            <item url="https://read.84000.co/about/sponsor-a-sutra.html?lang=zh">
                <label key="label-sponsor-a-sutra">贊助一部佛典</label>
            </item>
            <item url="https://84000.co/ch-how-you-can-help/ch-planned-giving">
                <label key="label-planned-giving">遺產捐贈</label>
            </item>
            <item url="https://84000.co/ch-how-you-can-help/ch-matching-funds">
                <label key="label-matching-funds">對等基金</label>
            </item>
        </item>
    </navigation>
    <social xml:lang="en">
        <label key="label-social">Follow our work:</label>
        <item url="https://84000.co/how-you-can-help/spread-the-word" icon-class="fa fa-envelope-square">
            <label key="label-social-spread-the-word">Subscribe to our newsletter</label>
        </item>
        <item url="http://www.facebook.com/Translate84000" icon-class="fa fa-facebook-square">
            <label key="label-social-facebook">Follow us on Facebook</label>
        </item>
        <item url="https://twitter.com/Translate84000" icon-class="fa fa-twitter-square">
            <label key="label-social-twitter">Follow us on Twitter</label>
        </item>
        <item url="https://www.instagram.com/translate84000/" icon-class="fa fa-instagram">
            <label key="label-social-instagram">Follow us on Instagram</label>
        </item>
        <item url="http://www.youtube.com/Translate84000" icon-class="fa fa-youtube-square">
            <label key="label-social-youtube">Subscribe to our Youtube channel</label>
        </item>
    </social>
    <social xml:lang="zh">
        <label key="label-social">關注我們</label>
        <item url="https://84000.co/ch-how-you-can-help/ch-howhelp-subscribe" icon-class="fa fa-envelope-square">
            <label key="label-social-spread-the-word">電子通訊訂閱</label>
        </item>
        <item url="#wechat-qcode" icon-class="fa fa-weixin">
            <label key="label-social-wechat">微信掃碼</label>
        </item>
    </social>
    <sharing xml:lang="en">
        <label key="label-sharing">Share this page:</label>
        <item url="https://www.facebook.com/sharer/sharer.php?u=" icon-class="fa fa-facebook-square">
            <label key="label-sharing-facebook">Post on Facebook</label>
        </item>
        <item url="https://twitter.com/home?status=" icon-class="fa fa-twitter-square">
            <label key="label-sharing-twitter">Tweet</label>
        </item>
        <item url="whatsapp://send?text=" icon-class="fa fa-whatsapp">
            <label key="label-sharing-whatsapp">Share with WhatsApp</label>
        </item>
    </sharing>
    <sharing xml:lang="zh">
        <label key="label-sharing">分享此頁</label>
        <item url="https://www.facebook.com/sharer/sharer.php?u=" icon-class="fa fa-facebook-square">
            <label key="label-sharing-facebook">分享於臉書</label>
        </item>
        <item url="https://twitter.com/home?status=" icon-class="fa fa-twitter-square">
            <label key="label-sharing-twitter">用Twitter推送</label>
        </item>
    </sharing>
    <shopping xml:lang="en">
        <item url="https://smile.amazon.com/?_encoding=UTF8&amp;camp=1789&amp;creative=390957&amp;linkCode=ur2&amp;tag=translate84000-20">
            <label key="label-shopping-amazon">Support Us While You Shop</label>
            <description key="description-shopping-amazon">Use this smile.amazon.com link to select "84000" as your charity of choice, and shop Amazon's same selection of products effortlessly redirecting up to 10% the value of your purchases to translating a page of the sūtras.</description>
            <img>/imgs/Amazon_icon.png</img>
        </item>
    </shopping>
</eft-header>