<eft-header xmlns="http://read.84000.co/ns/1.0">
    <!-- Updated 05.07.2022 -->
    <translation id="tag-line">
        <text xml:lang="en">Translating the words of the Buddha</text>
        <text xml:lang="zh">八萬四千 • 佛典傳譯</text>
    </translation>
    <translation id="placeholder-search">
        <text xml:lang="en">Search...</text>
        <text xml:lang="zh">網站檢索</text>
    </translation>
    <translation id="button-search-reading-room">
        <text xml:lang="en">Search the Reading Room</text>
        <text xml:lang="zh">雲端藏經閣檢索</text>
    </translation>
    <translation id="button-search-comms">
        <text xml:lang="en">Search the website</text>
        <text xml:lang="zh">網站檢索</text>
    </translation>
    <translation id="button-donate-text">
        <text xml:lang="en">Donate</text>
        <text xml:lang="zh">線上捐款</text>
    </translation>
    <translation id="button-donate-link">
        <text xml:lang="en">https://84000.co/how-you-can-help/sponsor-a-page</text>
        <text xml:lang="zh">https://84000.co/ch-how-you-can-help/ch-sponsor-a-page</text>
    </translation>
    <translation id="label-bookmarks">
        <text xml:lang="en">Bookmarks</text>
        <text xml:lang="zh">書籤</text>
    </translation>
    <translation id="title-donation-footer">
        <text xml:lang="en">More ways to give</text>
        <text xml:lang="zh">其他捐贈形式</text>
    </translation>
    <translation id="modal-wire-transfer-label">
        <text xml:lang="en">Wire Transfer</text>
        <text xml:lang="zh">電匯/轉帳</text>
    </translation>
    <translation id="modal-wire-transfer-content">
        <html xml:lang="en">
            <p>
                For information about sending wire transfers please email <a href="mailto:donate@84000.co" target="_blank">donate@84000.co</a>.
            </p>
        </html>
        <html xml:lang="zh">
            <p>
                For information about sending wire transfers please email <a href="mailto:donate@84000.co" target="_blank">donate@84000.co</a>.
            </p>
        </html>
    </translation>
    <translation id="modal-check-by-mail-label">
        <text xml:lang="en">Check by Mail</text>
        <text xml:lang="zh">郵寄支票</text>
    </translation>
    <translation id="modal-check-by-mail-content">
        <html xml:lang="en">
            <h3 class="no-top-margin">Please send checks to the following postal address:</h3>
            <ul class="list-unstyled">
                <li>84000: Translating the Words of the Buddha</li>
                <li>43456 Ellsworth St. #3332</li>
                <li>Fremont</li>
                <li>CA</li>
                <li>94539-9991</li>
            </ul>
        </html>
        <html xml:lang="zh">
            <h3 class="no-top-margin">Please send checks to the following postal address:</h3>
            <ul class="list-unstyled">
                <li>84000: Translating the Words of the Buddha</li>
                <li>43456 Ellsworth St. #3332</li>
                <li>Fremont</li>
                <li>CA</li>
                <li>94539-9991</li>
            </ul>
        </html>
    </translation>
    <navigation xml:lang="en">
        <item class="home" url="https://84000.co/">
            <label key="label-home">Home</label>
        </item>
        <!--<item class="news" url="#news">
            <label key="label-news">News</label>
            <item url="https://84000.co/news">
                <label key="label-news-all">All News</label>
            </item>
            <item url="https://84000.co/category/announcements">
                <label key="label-news-announcements">Announcements</label>
            </item>
            <item url="https://84000.co/category/events">
                <label key="label-news-events">Events</label>
            </item>
            <item url="https://84000.co/category/people">
                <label key="label-news-people">People</label>
            </item>
            <item url="https://84000.co/category/in-depth">
                <label key="label-news-in-depth">In Depth</label>
            </item>
            <item url="https://84000.co/category/newsletters">
                <label key="label-newsletters">Newsletters</label>
            </item>
        </item>-->
        <item class="reading-room" url="#reading-room">
            <label key="label-reading-room">Reading Room</label>
            <item url="https://read.84000.co/section/lobby.html">
                <label key="label-lobby">The Collection</label>
            </item>
            <item url="https://read.84000.co/section/all-translated.html">
                <label key="label-all-translated">Published Translations</label>
            </item>
            <item url="https://read.84000.co/glossary/search.html">
                <label key="label-glossary">Glossary of Terms</label>
            </item>
            <item url="https://read.84000.co/search.html">
                <label key="label-search">Search</label>
            </item>
        </item>
        <item class="resources" url="#resources">
            <label key="label-resources">Resources</label>
            <item url="https://84000.co/resources/translator-training">
                <label key="label-translator-training">For Translators</label>
            </item>
            <item url="https://84000.co/resources/teachings-on-sutra">
                <label key="label-teachings-on-sutra">Teachings on Sūtra</label>
            </item>
            <item url="https://84000.co/resources/mobile-apps-android-ios">
                <label key="label-mobile">Mobile App for iOS &amp; Android</label>
            </item>
            <item url="https://84000.co/resources/sutras-for-well-being">
                <label key="label-well-being">Sūtras for Well-Being</label>
            </item>
            <item url="https://84000.co/resources/commentaries">
                <label key="label-commentaries">Special Offerings</label>
            </item>
            <item url="https://84000.co/resources/resounding">
                <label key="label-resounding">Resoundings</label>
            </item>
            <!--<item url="https://84000.co/resources/translator-resources">
                <label key="label-translator-resources">Translator Resources</label>
            </item>-->
            <item url="https://84000.co/resources/quotes">
                <label key="label-quotes">Quotes</label>
            </item>
        </item>
        <item class="about" url="#about">
            <label key="label-about">About</label>
            <item url="https://84000.co/about/about-us">
                <label key="label-about-us">About Us</label>
                <anchor id="about-us-section-1">
                    <label key="label-what-we-do">What We Do</label>
                </anchor>
                <anchor id="about-us-section-2">
                    <label key="label-who-we-are">Who We Are</label>
                </anchor>
                <anchor id="about-us-section-3">
                    <label key="label-our-history">Our History</label>
                </anchor>
            </item>
            <item url="https://84000.co/about/core-values">
                <label key="label-core-values">Core Values</label>
            </item>
            <item url="https://84000.co/about/translation-progress-impact">
                <label key="label-progress-impact">Progress and Impact</label>
            </item>
            <item url="https://84000.co/about/partnerships">
                <label key="label-partnerships">Partnerships</label>
            </item>
            <item url="https://84000.co/about/media">
                <label key="label-press">Press</label>
            </item>
            <item url="https://84000.co/about/reports">
                <label key="label-reports">Annual Reports</label>
            </item>
            <item url="https://84000.co/about/contact">
                <label key="label-contact">Contact</label>
            </item>
            <!--<item url="#work">
                <label key="label-our-work">Our Work</label>
                <description key="description-our-work">With a strong editorial team, we award text-specific grants to translation teams around the world, working collaboratively to ensure accurate and credible translations of Classical Tibetan Buddhist texts that will form a cohesive Canon upon completion. We integrate new publication technologies in order to deliver these 231,800 pages of the wisdom to you, in English, online, for free.</description>
                <item url="https://84000.co/about/what-we-do">
                    <label key="label-what-we-do">What We Do</label>
                </item>
                <item url="https://84000.co/about/how-we-began">
                    <label key="label-origin">How We Began</label>
                </item>
                <item url="https://84000.co/about/work-flow">
                    <label key="label-workflow">Workflow</label>
                </item>
                <item url="https://84000.co/about/copyright">
                    <label key="label-copyright">Copyright</label>
                </item>
            </item>-->
            <!--<item url="#impact">
                <label key="label-impact-group">Our Impact</label>
                <description key="description-impact">As of 2010, only 5% of the Tibetan Buddhist Canon had been translated out of Classical Tibetan—a language facing a serious threat to its survival. In ten years, we have published or have in-translation over 36,000 pages of the Kangyur, not only making deeper international academic inquiry possible, but as our readership grows around the world, we put the wisdom that the Canon contains at the fingertips of readers like you.</description>
                <item url="https://read.84000.co/about/progress.html">
                    <label key="label-progress">Translation Progress</label>
                </item>
                <item url="https://read.84000.co/about/impact.html">
                    <label key="label-impact">Reader Engagement</label>
                </item>
                <item url="https://84000.co/about/milestones">
                    <label key="label-milestones">Milestones</label>
                </item>
                <item url="https://84000.co/about/media">
                    <label key="label-achievements">Press</label>
                </item>
            </item>-->
            <!--<item url="#people">
                <label key="label-people">Our People</label>
                <description key="description-people">Our work relies upon the dedicated and collaborative effort of scholars, professionals, volunteers, advisors, and sponsors around the world. We work remotely and online, across timezones and continents, and we greatly value each and every member of our team. This virtual teamwork has been a major source of both pride and humility as we produce accurate and credible translations and make them available to you online, for free.</description>
                <item url="https://84000.co/about/team">
                    <label key="label-team">84000 Team</label>
                </item>
                <item url="https://read.84000.co/about/translators.html">
                    <label key="label-translators">Translation Teams</label>
                </item>
                <item url="https://84000.co/about/postdoctoral-fellowships">
                    <label key="label-postdoc">Postdoctoral Fellows</label>
                </item>
                <item url="https://read.84000.co/about/sponsors.html">
                    <label key="label-sponsors">Sponsors</label>
                </item>
                <item url="https://84000.co/about/partnerships">
                    <label key="label-partnerships">Partnerships</label>
                </item>
                <item url="https://84000.co/about/endorsements">
                    <label key="label-endorsements">Endorsements</label>
                </item>
            </item>-->
            <!--<item url="https://84000.co/about/faq">
                <label key="label-faq">FAQ</label>
            </item>-->
        </item>
        <item class="join-us" url="#join-us">
            <label key="label-join-us">Join Us</label>
            <item url="https://84000.co/opportunities">
                <label key="label-opportunities">Opportunities</label>
            </item>
            <item url="https://84000.co/grants">
                <label key="label-grants">Grants</label>
            </item>
            <item url="https://84000.co/subscribe">
                <label key="label-subscribe">Subscribe</label>
            </item>
        </item>
        <item class="how-to-help" url="#how-to-help">
            <label key="label-how-to-help">Donate</label>
            <item url="https://84000.co/how-you-can-help/sponsor-a-page">
                <label key="label-sponsor-a-page">Give Monthly</label>
            </item>
            <item url="https://read.84000.co/about/sponsor-a-sutra.html">
                <label key="label-sponsor-a-sutra">Sponsor a Sūtra</label>
            </item>
            <!--<item url="https://84000.co/how-you-can-help/download-dana">
                <label key="label-download-dana">Download Dāna</label>
            </item>-->
            <item url="https://84000.co/how-you-can-help/planned-giving">
                <label key="label-planned-giving">Planned Giving</label>
            </item>
            <item url="https://84000.co/how-you-can-help/matching-funds">
                <label key="label-matching-funds">Matching Funds</label>
            </item>
        </item>
    </navigation>
    <navigation xml:lang="zh">
        <item class="home" url="https://84000.co/ch">
            <label key="label-home">首頁</label>
        </item>
        <!--<item class="news" url="#news">
            <label key="label-news">最新訊息</label>
            <item url="https://84000.co/ch-news">
                <label key="label-news-all">最新訊息</label>
            </item>
            <item url="https://84000.co/category/ch-announcements">
                <label key="label-news-announcements">公告</label>
            </item>
            <item url="https://84000.co/category/ch-events">
                <label key="label-news-events">活動</label>
            </item>
            <item url="https://84000.co/category/ch-people">
                <label key="label-news-people">人物</label>
            </item>
            <item url="https://84000.co/category/ch-in-depth">
                <label key="label-news-in-depth">話題</label>
            </item>
        </item>-->
        <item class="reading-room" url="#reading-room">
            <label key="label-reading-room">雲端藏經閣</label>
            <item url="https://read.84000.co/section/lobby.html?lang=zh">
                <label key="label-lobby">經藏</label>
            </item>
            <item url="https://read.84000.co/section/all-translated.html?lang=zh">
                <label key="label-all-translated">已翻譯經典</label>
            </item>
            <item url="https://read.84000.co/glossary/search.html?lang=zh">
                <label key="label-glossary">術語表</label>
            </item>
            <item url="https://read.84000.co/search.html?lang=zh">
                <label key="label-search">雲端藏經閣檢索</label>
            </item>
        </item>
        <item class="resources" url="#resources">
            <label key="label-resources">資源分享</label>
            <item url="https://84000.co/ch-resources/ch-teachings-on-sutra">
                <label key="label-teachings-on-sutra">八萬四千講經堂</label>
            </item>
            <item url="https://84000.co/ch-resources/ch-sutras-for-well-being">
                <label key="label-well-being">「消災祈福」系列經典</label>
            </item>
            <item url="https://84000.co/ch-resources/ch-mobile-apps-android-ios">
                <label key="label-mobile">手機應用程式 iOS/安卓</label>
            </item>
            <item url="https://84000.co/ch-resources/ch-commentaries">
                <label key="label-commentaries">特殊出版物</label>
            </item>
            <item url="https://84000.co/ch-resources/ch-resounding">
                <label key="label-resounding">經典迴響</label>
            </item>
            <item url="https://84000.co/ch-resources/ch-resources-training">
                <label key="label-translator-training">譯者培訓</label>
            </item>
            <item url="https://84000.co/resources/translator-resources">
                <label key="label-translator-resources">譯者資源</label>
            </item>
            <item url="https://84000.co/resources/quotes">
                <label key="label-quotes">經典語錄</label>
            </item>
        </item>
        <item class="about" url="#about">
            <label key="label-about">關於我們</label>
            <item url="https://84000.co/ch-about/ch-about-us">
                <label key="label-about-us">關於我們</label>
            </item>
            <item url="https://84000.co/ch-about/ch-core-values">
                <label key="label-core-values">的組織核心價值</label>
            </item>
            <item url="https://84000.co/ch-about/ch-translation-progress-impact">
                <label key="label-progress-impact">翻譯進度和影響力</label>
            </item>
            <item url="https://84000.co/ch-about/ch-partnerships">
                <label key="label-partnerships">合作夥伴</label>
            </item>
            <item url="https://84000.co/about/media">
                <label key="label-achievements">媒體報導</label>
            </item>
            <item url="https://84000.co/ch-about/ch-reports">
                <label key="label-reports">進度報告</label>
            </item>
            <item url="https://84000.co/ch-about/ch-about-contact">
                <label key="label-contact">聯繫方式</label>
            </item>
            <!--<item url="#work">
                <label key="label-our-work">傳譯事業</label>
                <description key="description-our-work">在專業編輯團隊的帶領下，84000致力於將藏文大藏經的廿三萬一千八百多頁經文翻譯成英文，並結合最新技術於線上出版免費供眾閱覽下載。我們不僅在財務上資助全球各地的佛典翻譯團隊，同時也與各翻譯團隊保持密切的合作關係，以確保這些由古典藏文翻譯成英文的佛典兼具準確度和權威性。</description>
                <item url="https://84000.co/ch-about/ch-what-we-do">
                    <label key="label-what-we-do">傳譯事業</label>
                </item>
                <item url="https://84000.co/ch-about/ch-about-origin">
                    <label key="label-origin">成立緣起</label>
                </item>
                <item url="https://84000.co/ch-about/ch-about-workflow">
                    <label key="label-workflow">工作流程</label>
                </item>
                <item url="https://84000.co/ch-about/ch-about-copyright">
                    <label key="label-copyright">版權</label>
                </item>
            </item>
            <item url="#impact">
                <label key="label-impact-group">全球響應力</label>
                <description key="description-impact">在2010年時， 僅有5%的藏文佛典被翻譯成現代語言，古典藏文的存續可說是岌岌可危。十年後，我們已將數據提升至10%，不僅讓國際佛學研究得以更深更廣，亦讓佛陀的智慧法語無遠弗屆的傳送到讀者的指尖。</description>
                <item url="https://read.84000.co/about/progress.html?lang=zh">
                    <label key="label-progress">翻譯進度</label>
                </item>
                <item url="https://read.84000.co/about/impact.html?lang=zh">
                    <label key="label-impact">讀者互動</label>
                </item>
                <item url="https://84000.co/about/media">
                    <label key="label-achievements">媒體報導</label>
                </item>
                <item url="https://84000.co/ch-about/ch-milestones">
                    <label key="label-milestones">里程碑</label>
                </item>
            </item>
            <item url="#people">
                <label key="label-people">我們的團隊</label>
                <description key="description-people">84000的工作仰賴著世界各地的學者、專業人士、顧問、志工和護持者的全心投入與互相配合。我們的團隊不受限於時間或空間，工作人員們居住於各大時區與地區。</description>
                <item url="https://84000.co/ch-about/ch-about-team">
                    <label key="label-team">84000執行團隊</label>
                </item>
                <item url="https://read.84000.co/about/translators.html?lang=zh">
                    <label key="label-translators">翻譯團隊</label>
                </item>
                <item url="https://read.84000.co/about/sponsors.html?lang=zh">
                    <label key="label-sponsors">贊助者</label>
                </item>
                <item url="https://84000.co/ch-about/ch-partnerships">
                    <label key="label-partnerships">合作夥伴</label>
                </item>
                <!-\-<item url="https://84000.co/ch-about/ch-endorsements">
                    <label key="label-endorsements">權威認可</label>
                </item>-\->
            </item>
            <item url="https://84000.co/ch-about/ch-faq">
                <label key="label-faq">常見問題</label>
            </item>-->
        </item>
        <item class="join-us" url="#join-us">
            <label key="label-join-us">關注並參與</label>
            <item url="https://84000.co/ch-opportunities">
                <label key="label-opportunities">工作機會</label>
            </item>
            <item url="https://84000.co/ch-grants">
                <label key="label-grants">翻譯資助金</label>
            </item>
            <item url="https://84000.co/ch-subscribe">
                <label key="label-subscribe">訂閱電子通訊</label>
            </item>
        </item>
        <item class="how-to-help" url="#how-to-help">
            <label key="label-how-to-help">線上捐款</label>
            <item url="https://84000.co/ch-how-you-can-help/ch-sponsor-a-page">
                <label key="label-sponsor-a-page">每月定捐</label>
            </item>
            <item url="https://read.84000.co/about/sponsor-a-sutra.html?lang=zh">
                <label key="label-sponsor-a-sutra">贊助一部佛典</label>
            </item>
            <!--<item url="https://84000.co/ch-how-you-can-help/ch-download-dana">
                <label key="label-download-dana">隨喜贊助</label>
            </item>-->
            <item url="https://84000.co/ch-how-you-can-help/ch-planned-giving">
                <label key="label-planned-giving">遺產捐贈</label>
            </item>
            <item url="https://84000.co/ch-how-you-can-help/ch-matching-funds">
                <label key="label-matching-funds">對等基金</label>
            </item>
        </item>
    </navigation>
    <social xml:lang="en">
        <label key="label-social">Follow our work:</label>
        <item url="https://84000.co/how-you-can-help/spread-the-word" icon-class="fa fa-envelope-square">
            <label key="label-social-spread-the-word">Subscribe to our newsletter</label>
        </item>
        <item url="http://www.facebook.com/Translate84000" icon-class="fa fa-facebook-square">
            <label key="label-social-facebook">Follow us on Facebook</label>
        </item>
        <item url="https://twitter.com/Translate84000" icon-class="fa fa-twitter-square">
            <label key="label-social-twitter">Follow us on Twitter</label>
        </item>
        <item url="https://www.instagram.com/translate84000/" icon-class="fa fa-instagram">
            <label key="label-social-instagram">Follow us on Instagram</label>
        </item>
        <item url="http://www.youtube.com/Translate84000" icon-class="fa fa-youtube-square">
            <label key="label-social-youtube">Subscribe to our Youtube channel</label>
        </item>
    </social>
    <social xml:lang="zh">
        <label key="label-social">關注我們</label>
        <item url="https://84000.co/ch-how-you-can-help/ch-howhelp-subscribe" icon-class="fa fa-envelope-square">
            <label key="label-social-spread-the-word">電子通訊訂閱</label>
        </item>
        <item url="#wechat-qcode" icon-class="fa fa-weixin">
            <label key="label-social-wechat">微信掃碼</label>
        </item>
    </social>
    <sharing xml:lang="en">
        <label key="label-sharing">Share this page:</label>
        <item url="https://www.facebook.com/sharer/sharer.php?u=" icon-class="fa fa-facebook-square">
            <label key="label-sharing-facebook">Post on Facebook</label>
        </item>
        <item url="https://twitter.com/home?status=" icon-class="fa fa-twitter-square">
            <label key="label-sharing-twitter">Tweet</label>
        </item>
        <item url="whatsapp://send?text=" icon-class="fa fa-whatsapp">
            <label key="label-sharing-whatsapp">Share with WhatsApp</label>
        </item>
    </sharing>
    <sharing xml:lang="zh">
        <label key="label-sharing">分享此頁</label>
        <item url="https://www.facebook.com/sharer/sharer.php?u=" icon-class="fa fa-facebook-square">
            <label key="label-sharing-facebook">分享於臉書</label>
        </item>
        <item url="https://twitter.com/home?status=" icon-class="fa fa-twitter-square">
            <label key="label-sharing-twitter">用Twitter推送</label>
        </item>
    </sharing>
    <shopping xml:lang="en">
        <item url="https://smile.amazon.com/?_encoding=UTF8&amp;camp=1789&amp;creative=390957&amp;linkCode=ur2&amp;tag=translate84000-20">
            <label key="label-shopping-amazon">Support Us While You Shop</label>
            <description key="description-shopping-amazon">Use this smile.amazon.com link to select "84000" as your charity of choice, and shop Amazon's same selection of products effortlessly redirecting up to 10% the value of your purchases to translating a page of the sūtras.</description>
            <img>/imgs/Amazon_icon.png</img>
        </item>
    </shopping>
</eft-header>