<collection xmlns="http://exist.sourceforge.net/NS/exist" name="/db/apps/84000-reading-room/config" owner="admin" group="reading-room" mode="755" created="2019-12-04T15:08:14+01:00" deduplicate-blobs="false" version="2">
    <acl entries="0" version="1"/>
    <resource type="XMLResource" name="84000-header.xml" owner="admin" group="reading-room" mode="644" created="2019-08-20T09:36:11+02:00" modified="2022-05-19T12:33:39+02:00" filename="84000-header.xml" mimetype="application/xml">
        <acl entries="0" version="1"/>
    </resource>
    <resource type="XMLResource" name="texts.en.xml" owner="admin" group="tei" mode="664" created="2019-06-24T16:09:47+02:00" modified="2021-10-07T11:33:20+02:00" filename="texts.en.xml" mimetype="application/xml">
        <acl entries="0" version="1"/>
    </resource>
    <resource type="XMLResource" name="84000-footer.xml" owner="admin" group="reading-room" mode="644" created="2019-08-20T09:36:11+02:00" modified="2022-02-10T09:50:39+01:00" filename="84000-footer.xml" mimetype="application/xml">
        <acl entries="0" version="1"/>
    </resource>
    <resource type="XMLResource" name="cost-groups.xml" owner="admin" group="tei" mode="664" created="2019-06-04T16:39:27+02:00" modified="2019-06-04T16:43:40+02:00" filename="cost-groups.xml" mimetype="application/xml">
        <acl entries="0" version="1"/>
    </resource>
    <resource type="XMLResource" name="colour-map.xml" owner="admin" group="reading-room" mode="644" created="2019-08-20T09:36:11+02:00" modified="2020-06-05T15:20:00+02:00" filename="colour-map.xml" mimetype="application/xml">
        <acl entries="0" version="1"/>
    </resource>
    <resource type="XMLResource" name="texts.zh.xml" owner="admin" group="tei" mode="664" created="2019-06-24T16:10:06+02:00" modified="2021-10-07T11:33:13+02:00" filename="texts.zh.xml" mimetype="application/xml">
        <acl entries="0" version="1"/>
    </resource>
    <resource type="XMLResource" name="page-size-ranges.xml" owner="admin" group="tei" mode="664" created="2019-05-10T13:46:56+02:00" modified="2020-03-12T16:13:11+01:00" filename="page-size-ranges.xml" mimetype="application/xml">
        <acl entries="0" version="1"/>
    </resource>
</collection>