<collection xmlns="http://exist.sourceforge.net/NS/exist" name="/db/apps/84000-reading-room/config" owner="admin" group="reading-room" mode="755" created="2019-12-04T14:08:14Z" deduplicate-blobs="false" version="2">
    <acl entries="0" version="1"/>
    <resource type="XMLResource" name="84000-header.xml" owner="admin" group="reading-room" mode="644" created="2019-08-20T08:36:11+01:00" modified="2021-05-07T16:09:11+01:00" filename="84000-header.xml" mimetype="application/xml">
        <acl entries="0" version="1"/>
    </resource>
    <resource type="XMLResource" name="texts.en.xml" owner="admin" group="tei" mode="664" created="2019-06-24T15:09:47+01:00" modified="2021-04-28T17:51:27+01:00" filename="texts.en.xml" mimetype="application/xml">
        <acl entries="0" version="1"/>
    </resource>
    <resource type="XMLResource" name="84000-footer.xml" owner="admin" group="reading-room" mode="644" created="2019-08-20T08:36:11+01:00" modified="2020-08-07T14:01:27+01:00" filename="84000-footer.xml" mimetype="application/xml">
        <acl entries="0" version="1"/>
    </resource>
    <resource type="XMLResource" name="cost-groups.xml" owner="admin" group="tei" mode="664" created="2019-06-04T15:39:27+01:00" modified="2019-06-04T15:43:40+01:00" filename="cost-groups.xml" mimetype="application/xml">
        <acl entries="0" version="1"/>
    </resource>
    <resource type="XMLResource" name="colour-map.xml" owner="admin" group="reading-room" mode="644" created="2019-08-20T08:36:11+01:00" modified="2020-06-05T14:20:00+01:00" filename="colour-map.xml" mimetype="application/xml">
        <acl entries="0" version="1"/>
    </resource>
    <resource type="XMLResource" name="texts.zh.xml" owner="admin" group="tei" mode="664" created="2019-06-24T15:10:06+01:00" modified="2021-04-28T17:51:04+01:00" filename="texts.zh.xml" mimetype="application/xml">
        <acl entries="0" version="1"/>
    </resource>
    <resource type="XMLResource" name="page-size-ranges.xml" owner="admin" group="tei" mode="664" created="2019-05-10T12:46:56+01:00" modified="2020-03-12T15:13:11Z" filename="page-size-ranges.xml" mimetype="application/xml">
        <acl entries="0" version="1"/>
    </resource>
</collection>