<collection xmlns="http://exist.sourceforge.net/NS/exist" name="/db/apps/84000-reading-room/config" owner="admin" group="reading-room" mode="755" created="2019-12-04T15:08:14+01:00" deduplicate-blobs="false" version="2">
    <acl entries="0" version="1"/>
    <resource type="XMLResource" name="texts.en.xml" owner="admin" group="tei" mode="664" created="2019-06-24T16:09:47+02:00" modified="2020-04-16T12:31:52+02:00" filename="texts.en.xml" mimetype="application/xml">
        <acl entries="0" version="1"/>
    </resource>
    <resource type="XMLResource" name="cost-groups.xml" owner="admin" group="tei" mode="664" created="2019-06-04T16:39:27+02:00" modified="2019-06-04T16:43:40+02:00" filename="cost-groups.xml" mimetype="application/xml">
        <acl entries="0" version="1"/>
    </resource>
    <resource type="XMLResource" name="texts.zh.xml" owner="admin" group="tei" mode="664" created="2019-06-24T16:10:06+02:00" modified="2020-04-15T13:15:15+02:00" filename="texts.zh.xml" mimetype="application/xml">
        <acl entries="0" version="1"/>
    </resource>
    <resource type="XMLResource" name="page-size-ranges.xml" owner="admin" group="tei" mode="664" created="2019-05-10T13:46:56+02:00" modified="2020-03-12T16:13:11+01:00" filename="page-size-ranges.xml" mimetype="application/xml">
        <acl entries="0" version="1"/>
    </resource>
</collection>