<texts xmlns="http://read.84000.co/ns/1.0" xml:lang="zh">
    
    <item key="glossary.term-empty-sa-ltn">—</item>
    <item key="glossary.term-empty-bo-ltn">—</item>
    <item key="glossary.term-empty-bo">—</item>
    
    <item key="translation-status-group.published.label">已發布</item>
    <item key="translation-status-group.translated.label">已翻譯</item>
    <item key="translation-status-group.in-translation.label">翻譯中</item>
    <item key="translation-status-group.remaining.label">未翻譯</item>
    
    <item key="cumulative-glossary.disclaimer">Please bear in mind that we are constantly revising the glossaries and we will continue to
        add more glossaries as we publish translations. To keep up to date please regularly download the latest version from the website. </item>
    
    <item key="source.folio.ekangyur-description-title">About the eKangyur</item>
    <item key="source.folio.ekangyur-description-content">
        <p>The Tibetan page displayed here is from the eKangyur, a digital input version made by the University of Virginia and the British
            Library, with help from Esukhia, from scans of the Degé Kangyur held in the U.S. Library of Congress. This post <span class="text-wy">par phud</span> print (<a href="https://www.tbrc.org/#!rid=W4CZ5369" target="_blank">BDRC catalogue no.
                W4CZ5369</a>) was purchased in Beijing and brought to the U.S. by William Rockhill in 1908-9.</p>
        <p>Note that 84000 translations are made from a variety of sources, and readings may not always follow this particular version
            exactly. For details of the readings used in this translation, see Introduction and Notes; for the eKangyur, see the <a href="http://www.thlib.org/encyclopedias/literary/canons/about/wiki/tibetan%20canons%20introduction.html#!essay=/stanley/tibcanons/s/b3/" target="_blank">Tibetan and Himalayan Library</a>.</p>
    </item>
    <item key="source.folio.etengyur-description-title">About the eTengyur</item>
    <item key="source.folio.etengyur-description-content">
        <p>The Tibetan page displayed here is from the eTengyur, a digital input version prepared by Esukhia and Barom Theksum Choling. It is based on scans of the Degé Tengyur from Sakya College, completed with the Degé Tengyur from Songtsen Library (<a href="https://library.bdrc.io/show/bdr:MW2KG209989" target="_blank">BDRC catalogue no. W2KG209989</a>).</p>
        <p>Note that 84000 translations are made from a variety of sources, and readings may not always follow this particular version exactly. For details of the readings used in this translation, see Introduction and Notes; for the eTengyur, see the <a href="http://www.thlib.org/encyclopedias/literary/canons/about/wiki/tibetan%20canons%20introduction.html#!essay=/stanley/tibcanons/s/b3/" target="_blank">Tibetan and Himalayan Library</a>.</p>
    </item>
    <item key="source.folio.backlink-label">
        <span>The English translation of this folio by <span class="title">84000 Translating the words of the Buddha</span> can be found
            at:</span>
    </item>
    
    <item key="translation.print-version">
        <p>This print version was generated at #CurrentDateTime from the online version of the text available on that date. If some time has
            elapsed since then, this version may have been superseded, as most of 84000’s published translations undergo significant updates
            from time to time. For the latest online version, with bilingual display, interactive glossary entries and notes, and a variety
            of further download options, please see <a href="#LinkToSelf" class="printable">#LinkToSelf</a>.</p>
    </item>
    <item key="translation.partial-text-warning">This webpage does not include the entire published text</item>
    <item key="translation.partial-text-link">The full translation is available to download as pdf at:</item>
    
    <!-- Tantra warning -->
    <item key="about.common.tantra-warning-title">Tantra Text Warning</item>
    <item key="about.common.tantra-warning-body">
        <p>Readers are reminded that according to Vajrayāna Buddhist tradition there are restrictions and commitments concerning tantra.</p>
        <p>Practitioners who are not sure if they should read translations in this section are advised to consult the authorities of their lineage.</p>
        <p>The responsibility for reading these texts or sharing them with others—and hence the consequences—lies in the hands of readers.</p>
    </item>
    <item key="about.common.tantra-warning-dismiss">Don't show this warning again for this text</item>
    <item key="about.common.unrestricted-access-title">About unrestricted access</item>
    <item key="about.common.unrestricted-access-body">
        <p>The decision to publish tantra texts without restricted access has been considered carefully. First of all, it should be noted that all the original Tibetan texts of the Kangyur, including
            those in this Tantra section, are in the public domain. Some of the texts in this section (but by no means all of them) are nevertheless, according to some traditions, only studied with
            authorization and after suitable preliminaries.</p>
        <p>It is true, of course, that a translation makes the content accessible to a far greater number of people; 84000 has therefore consulted many senior Buddhist teachers on this question, and
            most of them felt that to publish the texts openly is, on balance, the best solution. The alternatives would be not to translate them at all (which would defeat the purposes of the whole
            project), or to place some sort of restriction on their access. Restricted access has been tried by some Buddhist book publishers, and of course needs a system of administration, judgment,
            and policing that is either a mere formality, or is very difficult to implement. It would be even harder to implement in the case of electronic texts—and even easier to circumvent. Indeed,
            nowadays practically the whole range of traditionally restricted Tibetan Buddhist material is already available to anyone who looks for it, and is all too often misrepresented, taken out
            of context, or its secret and esoteric nature deliberately vaunted.</p>
        <p>84000’s policy is to present carefully authenticated translations in their proper setting of the whole body of Buddhist sacred literature, and to trust the good sense of the vast majority
            of readers not to misuse or misunderstand them. Readers are reminded that according to Vajrayāna Buddhist tradition there are restrictions and commitments concerning tantra. Practitioners
            who are not sure if they should read translations in this section are advised to consult the authorities of their lineage. The responsibility, and hence consequences, of reading these
            texts and/or sharing them with others who may or may not fulfill the requirements lie in the hands of readers.</p>
    </item>
    
    <!--<item key="section.ebook-help-title">Help for downloading eBooks</item>
    <item key="section.ebook-help-body">
        <p>There are many ways to get eBooks onto eReader devices. If you already have a reliable method for this, please simply download
            the texts.</p>
        <p>However, some devices, such as Amazon Kindle, are optimised for downloading books from their associated store, and getting free
            books from other sources on to them can be tricky. Most eReaders have a built in web-browser and we have found this to be the
            simplest way to get free eBooks on to our devices.</p>
        <ol>
            <li>Open the browser on your device. (On a Kindle this is “Beta-Browser” under the main menu).</li>
            <li>Use the browser to go to http://read.84000.co</li>
            <li>Select “View All Translated Texts.”</li>
            <li>Select the “Download EPUB” option for the text you would like to read.</li>
        </ol>
        <p>Unfortunately we cannot test our publications on every device. We try to ensure our texts are readable on as many devices as
            possible by complying with open standards. If you have any feedback about this functionality, or tips for reading them on your
            device, please contact us at <a href="mailto:info@84000.co">info@84000.co</a>.</p>
    </item>-->
    
    <!-- About -->
    <item key="about.common.sponsor-button-label">護持84000</item>
    <item key="about.common.sponsor-button-link">#commsSiteUrl/ch-give-monthly</item>
    <item key="about.common.donate-instructions-link">#commsSiteUrl/media/ch_donate_instructions.pdf</item>
    <item key="about.common.donate-instructions-label">幫助</item>
    <item key="about.common.donate-instructions-link-title">如何線上捐款</item>
    <item key="about.common.sharing-label">Share this page:</item>
    <item key="about.common.summary-label">大綱</item>
    <item key="about.common.no-results-label">There are currently not texts in this list</item>
    <item key="about.common.column-toh-label">Toh</item>
    <item key="about.common.column-title-label">Title</item>
    <item key="about.common.column-status-label">Status</item>
    <item key="about.common.column-pages-label">Pages</item>
    <item key="about.common.page-total-label">Total pages:</item>
    <item key="about.common.pages-label">頁</item>
    <item key="about.common.texts-label">texts</item>
    
    <!-- Progress -->
    <item key="about.progress.page-title">翻譯進度</item>
    <item key="about.progress.header-img-src">#feSiteUrl/imgs/about-headers/progress.jpg</item>
    <item key="about.progress.page-quote">「佛法是如何助益你，你應該有親身體會。既然如此, 如果你發心以你的翻譯去影響外界，這必定會改變世界。其實已經在改變世界了。」</item>
    <item key="about.progress.page-quote-author">吉噶康楚仁波切</item>
    <item key="about.progress.page-intro">【八萬四千．佛典傳譯】百年願景的第一部份，是將《甘珠爾》的70,000頁翻譯成英文，之後再開始《丹珠爾》161,800頁的翻譯工作。翻譯作品列表</item>
    <item key="about.progress.kangyur-summary-heading">25年將《甘珠爾》翻譯完成目標之進度</item>
    <item key="about.progress.combined-summary-heading">100年將《甘珠爾》與《丹珠爾》翻譯完成目標之進度</item>
    <item key="about.progress.outlook"><p>《甘珠爾》翻譯完成後，我們將開始進行75年內完整翻譯《丹珠爾》161,800頁佛典的計畫。</p></item>
    <item key="about.progress.translations-published-label">已發布經文</item>
    <item key="about.progress.translations-awaiting-label">待發布經文</item>
    <item key="about.progress.translations-remaining-label">翻譯進行中</item>
    <item key="about.progress.context-label">完成</item>
    <item key="about.progress.related-pages">
        <h2>其他相關頁面</h2>
        <ul class="list-unstyled">
            <li>
                <a href="#commsSiteUrl/ch-about/ch-about-workflow">點擊此了解一頁經文從翻譯到出版的過程</a>
            </li>
            <li>
                <a href="#commsSiteUrl/facts-and-figures-about-kangyur-and-tengyur">點擊此了解更多關於《甘珠爾》與《丹珠爾》的內容與歷史</a>
            </li>
        </ul>
    </item>
    
    <!-- Impact -->
    <item key="about.impact.page-title">讀者互動</item>
    <item key="about.impact.header-img-src">#feSiteUrl/imgs/about-headers/impact.jpg</item>
    <item key="about.impact.page-quote">「《甘珠爾》與《丹珠爾》並不僅是一個傳統、一個文明時代或一個國家的遺產,而是整個世界的珍貴遺產。」</item>
    <item key="about.impact.page-quote-author">祖古貝馬望買仁波切</item>
    <item key="about.impact.page-intro">
        <p>經藏是佛陀教法的根本。將藏文大藏經完整地翻譯成英文，將改變現代社會研讀、參考及修行佛法的形式，讓更多人有機會接觸佛陀浩瀚的智慧。</p>
        <p>84000計畫於2035年完成《甘珠爾》的翻譯與線上發布。這是自公元900年在藏地的大型譯經計畫後，世界的首項大型譯經計畫。</p>
    </item>
    <item key="about.impact.visitors-per-week-stat">
        <div class="heading">網站訪客</div>
        <div class="data">每週<span>#visitorsPerWeekFormatted</span>人</div>
    </item>
    <item key="about.impact.visitors-description">
        <p>每週都有#visitorsPerWeekFormatted位來自世界各地的訪客瀏覽雲端藏經閣並參閱英譯佛典。</p>
    </item>
    <item key="about.impact.reach-countries-stat">
        <div class="heading">國際影響力</div>
        <div class="data"><span>#reachCountriesFormatted</span>個國家/地區</div>
    </item>
    <item key="about.impact.reach-description">
        <p>84000的網站訪客來自#reachCountriesFormatted個國家與地區。</p>
    </item>
    <item key="about.impact.engagement-minutes-stat">
        <div class="heading">互動</div>
        <div class="data"><span>#annualDownloadsFormatted</span>次下載</div>
    </item>
    <item key="about.impact.engagement-description">
        <p>僅在2020年中，讀者就於雲端藏經閣下載了#annualDownloadsFormatted次的經文。</p>
    </item>
    <!--<item key="about.impact.popular-views-stat">
        <div class="heading">熱門經典的 <br/> 閱覽次數</div>
        <div class="data">
            <span>#topTextViewsFormatted</span>
        </div>
    </item>
    <item key="about.impact.popular-description">
        <p>2018年裡，雲端藏經閣已被瀏覽150000次，而最受歡迎的5部經典共被閱覽43610次。這5部經文為：</p>
        <ol>
            <li>
                <a href="#readingRoomSiteUrl/translation/UT22084-055-001.html?lang=zh">《三摩地王經》</a>
            </li>
            <li>
                <a href="#readingRoomSiteUrl/translation/UT22084-031-002.html?lang=zh">《般若波羅蜜多萬頌》</a>
            </li>
            <li>
                <a href="#readingRoomSiteUrl/translation/UT22084-060-005.html?lang=zh">《維摩詰所說經》</a>
            </li>
            <li>
                <a href="#readingRoomSiteUrl/translation/UT22084-062-010.html?lang=zh">《佛說稻芉經》</a>
            </li>
            <li>
                <a href="#readingRoomSiteUrl/translation/UT22084-062-012.html?lang=zh">《緣起經》</a>
            </li>
        </ol>
        <p>我們目前有21000頁經文正在翻譯中，期望近期能夠出版更多經典供您免費閱讀。</p>
    </item>
    <item key="about.impact.countries-title">讀者來源:</item>
    <item key="about.impact.countries-legend">*備註：以上圖案僅列出部分讀者所處國家與地區，並非全數。</item>
    <item key="about.impact.countries-timestamp">最後更新日期：2018年8月5日</item>-->
    
    <!-- Sponsors -->
    <item key="about.sponsors.page-title">贊助者</item>
    <item key="about.sponsors.header-img-src">#feSiteUrl/imgs/about-headers/sponsors.jpg</item>
    <item key="about.sponsors.page-quote">「無論是慷慨的施主，或是學識淵博且經驗豐富的譯者們，都能因彼此之間相輔相成的因緣，而圓滿福慧二種資糧的積累。」</item>
    <item key="about.sponsors.page-quote-author">赤熱巴巾（又稱赤祖德贊王）</item>
    <item key="about.sponsors.page-intro">
        <p>84000的佛典傳譯工作能夠順利進行，靠的是上千位贊助者的慷慨支持。贊助者可選擇以「贊助一頁佛經」 <a href="#commsSiteUrl/ch-give-monthly">每月定捐</a> 、 <a href="#commsSiteUrl/ch-download-dana">「隨喜贊助」</a> ，或下方其他方式給予支持。每一份善款——無論金額大小——均是功德無量的佈施。</p>
    </item>
    <item key="about.sponsors.matching-funds-title">對等基金贊助人</item>
    <item key="about.sponsors.sutras-title">「一部佛典」贊助人</item>
    <item key="about.sponsors.founding-title">創始贊助人</item>
    <item key="about.sponsors.matching-funds-description">
        <p>對等捐贈項目旨在鼓勵更多人成為定期的捐贈者，所定期捐獻的每一元善款都將得到加倍，這將為護持84000佛典翻譯的工作提供長期穩定的經濟支柱。非常感激所有參與對等基金的贊助者，他們的慷慨贊助，能讓所有的定期定額捐贈者，都能感受到自己的貢獻對翻譯《大藏經》這個項目產生了重大影響。</p>
    </item>
    <item key="about.sponsors.matching-funds-list-title">
        對等基金贊助人
    </item>
    <item key="about.sponsors.sponsor-sutras-link">#readingRoomSiteUrl/about/sponsor-a-sutra.html?lang=zh</item>
    <item key="about.sponsors.sutras-description">
        <p>我們每年都會挑選出一些長篇幅的重要經典，加入<a href="#readingRoomSiteUrl/about/sponsor-a-sutra.html?lang=zh">「贊助一部佛典」</a>計畫之中。為了圓滿完成優質的翻譯，需要進行大量的研究與諮詢，因此需要較多的贊助經費。我們非常感謝所有贊助人的慷慨支持。</p>
    </item>
    <item key="about.sponsors.sutras-list-title">
        「一部佛典」贊助人
    </item>
    <item key="about.sponsors.founding-description">
        <p>我們要特別感謝108位創始贊助人如此慷慨地提供首批資金，以幫助【八萬四千•佛典傳譯】開始進行翻譯佛陀言教的任務。為了促使該計畫得以起航，每位捐助者都承諾在五年內資助50,000-250,000美元。除了作為首輪翻譯項目所提供的資金之外，這筆基金也分配運用在為評審、編輯和出版前各項工作創建的基礎設施；開發翻譯工作所需的工具和資源、培訓翻譯和編輯、初期規畫成本以及當前和即將進行的行政管理運營成本。</p>
        <p>正因為這些慷慨且有遠見的創始贊助人，84000計畫才得以成功地開展，並於短期內完成了大量佛陀言教的翻譯任務，進展顯著。我們衷心感謝所有捐助者，使我們能夠保護無價的世界文化遺產，從而流通後代為普世所共享。</p>
        <p>84000計畫的主席宗薩欽哲仁波切給108位創始贊助者寫下一段話。<a href="#commsSiteUrl/ch-message-to-founding-sponsors">點擊此處查看仁波切的開示。</a></p>
    </item>
    <item key="about.sponsors.founding-list-title">
        108位創始贊助人
    </item>
    <item key="about.sponsors.text-sponsorship-link-label">此經仍有贊助機會</item>
    
    <!-- Translators -->
    <item key="about.translators.page-title">翻譯團隊</item>
    <item key="about.translators.header-img-src">#feSiteUrl/imgs/about-headers/translators.jpg</item>
    <item key="about.translators.page-quote">「譯者們必須真正團結起來, 形成一個和諧的群體, 一起為當代及未來的世代而努力, 這是非常重要的。」</item>
    <item key="about.translators.page-quote-author">吉噶康楚仁波切</item>
    <item key="about.translators.page-intro">
        <p>84000通過提供獎助金給譯者團隊、編輯以及顧問推動著有效率的藏文大藏經翻譯工作。所有的翻譯小組均為外部翻譯團隊，而翻譯團隊的譯經工作是實現84000願景的關鍵。</p>
    </item>
    <item key="about.translators.lists-title">84000 翻譯人員</item>
    <item key="about.translators.summary-title">概述</item>
    <item key="about.translators.team-count-label">團隊總數</item>
    <item key="about.translators.teams-label">支團隊</item>
    <item key="about.translators.translator-count-label">譯者、編輯、顧問人數</item>
    <item key="about.translators.translators-label">人</item>
    <item key="about.translators.affiliation-title">參與者所屬機構類型</item>
    <item key="about.translators.affiliation-both-label">學術機構與佛法中心</item>
    <item key="about.translators.affiliation-academic-label">學術機構</item>
    <item key="about.translators.affiliation-practitioner-label">佛法中心</item>
    <item key="about.translators.affiliation-label">參與者</item>
    <item key="about.translators.region-title">參與者所屬地區</item>
    <item key="about.translators.region-label">參與者</item>
    
    <!-- Sponsor a Sutra -->
    <item key="about.sponsor-a-sutra.page-title">贊助一部佛典</item>
    <item key="about.sponsor-a-sutra.header-img-src">#feSiteUrl/imgs/about-headers/sponsor-a-sutra.jpg</item>
    <item key="about.sponsor-a-sutra.page-quote">「佛經傳述了佛陀言教，因此佛經無比的珍貴，遠比佛像更為珍貴。」</item>
    <item key="about.sponsor-a-sutra.page-quote-author">嘎千仁波切</item>
    <item key="about.sponsor-a-sutra.page-intro">
        <p>「贊助一部佛典」計劃提供您一個贊助翻譯長篇經典的機會。您的慷慨護持，將為佛法的延續和佛教的未来點上永不止息的無盡燈。</p>
        <h2>如何贊助一部佛典</h2>
        <p>因每一部佛典經文長度不同，權以經文頁數為贊助護持參考：</p>
        <ul>
            <li>50 頁 （贊助金額：$20,000美元）</li>
            <li>100 頁 （贊助金額：$40,000美元）</li>
            <li>150 頁 （贊助金額：$60,000美元）</li>
            <li>200 頁 （贊助金額：$80,000美元）</li>
            <li>其他</li>
        </ul>
        <p>您的贊助將為主要的翻譯工作提供所需资金，然而為提供行政方便所有捐贈都被視為無限制捐款，在必要時可用於其他計劃相關的工作領域，包括編輯研究、數字標記、翻譯工具開發和項目管理等等，以促使翻譯這部經典的團隊工作能如期如質的順利進行。</p>
        <h2>贊助者如何列名？</h2>
        <p>所有護持贊助者的姓名，都將刊登於雲端藏經閣出版的經文「致謝」章節中作為感謝，並且也將列於宗薩寺僧眾在印度聖地所舉辦的祈願大法會之功德迴向名單中。</p>
        <h2>如何成為贊助者</h2>
        <p>「贊助一部佛典」計劃，提供給個人、家族或團體（機構、僧團、寺院等）一個共同集資供養一部長篇佛典翻譯的機會。</p>
    </item>
    <item key="about.sponsor-a-sutra.donate-label">線上捐款</item>
    <item key="about.sponsor-a-sutra.text-list-title">可供贊助的佛典</item>
    <item key="about.sponsor-a-sutra.priority-title">精選佛典</item>
    <item key="about.sponsor-a-sutra.priority-description">下列為84000希望優先翻譯和出版之經文，您若有意願護持佛典傳譯，請考慮贊助以下其中一部。</item>
    <item key="about.sponsor-a-sutra.text-list-section-title">贊助佛典頁數: #pageUpper頁 (贊助金額: $#groupCost美元)</item>
    <item key="about.sponsor-a-sutra.text-list-remainder-title">贊助佛典頁數: #pageLower頁以上</item>
    <item key="about.sponsor-a-sutra.part-icon-label-available">代表仍有贊助名額</item>
    <item key="about.sponsor-a-sutra.part-icon-label-sponsored">代表已被贊助</item>
    <item key="about.sponsor-a-sutra.reserved-label">已預留</item>
    <item key="about.sponsor-a-sutra.sponsor-part-label">贊助一部分</item>
    <item key="about.sponsor-a-sutra.sponsor-whole-label">贊助整部經典</item>
    <item key="about.sponsor-a-sutra.no-texts-of-type">此類型經文目前不供贊助</item>
    <item key="about.sponsor-a-sutra.footer">
        <p>欲了解更多詳情，請與84000執行長黃淨蕊聯繫: <a href="mailto:sutrasponsors@84000.co">sutrasponsors@84000.co</a></p>
    </item>
    
    <!-- Progress panel widget -->
    <item key="widget.progress-panel.support-label">護持【八萬四千•佛典傳譯】</item>
    <item key="widget.progress-panel.support-description">
        <p>我們在<a href="#readingRoomSiteUrl/about/sponsors.html?lang=zh">108 founding sponsors</a> 108位創始贊助人和數千位捐助者的幫助下，持續資助佛典的翻譯。共七萬頁的《甘珠爾》經文，仍需要您的發心贊助，請加入我們的行列。</p>
    </item>
    <!--<item key="widget.progress-panel.kangyur-count-before-label">《甘珠爾》總頁數</item>
    <item key="widget.progress-panel.translation-count-before-label">翻譯中頁數</item>
    <item key="widget.progress-panel.translated-count-before-label">已翻譯頁數</item>
    <item key="widget.progress-panel.published-count-before-label">翻譯中頁數</item>-->
    <item key="widget.progress-panel.kangyur-count-after-label">甘珠爾總頁數</item>
    <item key="widget.progress-panel.translation-count-after-label">翻譯中頁數</item>
    <item key="widget.progress-panel.translated-count-after-label">翻譯完成頁數</item>
    <item key="widget.progress-panel.published-count-after-label">已發布頁數</item>
    
    <!-- Progress chart widget -->
    <item key="widget.progress-chart.tab-title-kangyur">25年目標</item>
    <item key="widget.progress-chart.tab-description-kangyur">
        <p>將藏文《甘珠爾》（佛陀言教）全部翻譯完成</p>
        <ul class="list-unstyled">
            <li>總頁數：<strong>70,000頁</strong></li>
            <li>目標完成時間：<strong>2035年</strong></li>
        </ul>
    </item>
    <!--<item key="widget.progress-chart.tab-subtitle-kangyur">約70,000頁</item>-->
    <!--<item key="widget.progress-chart.tab-description-kangyur">您的支持，讓我們能夠在2035年實現25年將整套《甘珠爾》翻譯完成的目標。</item>-->
    <item key="widget.progress-chart.tab-title-combined">百年目標</item>
    <item key="widget.progress-chart.tab-description-combined">
        <p>將藏文大藏經《甘珠爾》與《丹珠爾》全部翻譯完成</p>
        <ul class="list-unstyled">
            <li>總頁數：<strong>231,800頁</strong></li>
            <li>目標完成時間：<strong>2110年</strong></li>
        </ul>
    </item>
    <!--<item key="widget.progress-chart.tab-subtitle-combined">約231,800頁</item>-->
    <!--<item key="widget.progress-chart.tab-description-combined">我們的百年大計是將藏文大藏經的231,800頁經文完整地翻譯出來並且免費流通。</item>-->
    
    <!-- Download dana -->
    <item key="widget.download-dana.widget-title">隨喜贊助</item>
    <item key="widget.download-dana.icon-label">您正在下載…</item>
    <item key="widget.download-dana.dana-description">
        <p>本部經典由【八萬四千 • 佛典傳譯】免費出版流通。</p>
        <p>如若您因此心生喜悅想隨喜贊助，請點擊「隨喜贊助」，為佛法傳世點燃無盡藏法燈，延續無盡藏傳承！</p>
    </item>
    <item key="widget.download-dana.donate-form-link">/ch-give-monthly</item>
    <item key="widget.download-dana.donate-form-link-label">點擊此線上捐款</item>
    
    <!-- Audio test -->
    <item key="about.audio-test.page-title">Audio test</item>
    
</texts>