<texts xmlns="http://read.84000.co/ns/1.0" xml:lang="zh">
    
    <item key="glossary.term-empty-sa-ltn">—</item>
    <item key="glossary.term-empty-bo-ltn">—</item>
    
    <item key="translation-status-group.published.label">已發布</item>
    <item key="translation-status-group.translated.label">已翻譯</item>
    <item key="translation-status-group.in-translation.label">翻譯中</item>
    <item key="translation-status-group.remaining.label">未翻譯</item>
    
    <item key="cumulative-glossary.disclaimer">Please bear in mind that we are constantly revising the glossaries and we will continue to
        add more glossaries as we publish translations. To keep up to date please regularly download the latest version from the website. </item>
    
    <item key="source.folio.ekangyur-description-title">About the eKangyur</item>
    <item key="source.folio.ekangyur-description-content">
        <p>The Tibetan page displayed here is from the eKangyur, a digital input version made by the University of Virginia and the British
            Library, with help from Esukhia, from scans of the Degé Kangyur held in the U.S. Library of Congress. This post <foreign xml:lang="Bo-Ltn">par phud</foreign> print (<a href="https://www.tbrc.org/#!rid=W4CZ5369" target="_blank">BDRC catalogue no.
                W4CZ5369</a>) was purchased in Beijing and brought to the U.S. by William Rockhill in 1908-9.</p>
        <p>Note that 84000 translations are made from a variety of sources, and readings may not always follow this particular version
            exactly. For details of the readings used in this translation, see Introduction and Notes; for the eKangyur, see the <a href="http://www.thlib.org/encyclopedias/literary/canons/about/wiki/tibetan%20canons%20introduction.html#!essay=/stanley/tibcanons/s/b3/" target="_blank">Tibetan and Himalayan Library</a>.</p>
    </item>
    <item key="source.folio.backlink-label">
        <span>The English translation of this folio by <span class="title">84000 - Translating the words of the Buddha</span> can be found
            at:</span>
    </item>
    
    <item key="translation.print-version">
        <p>This print version was generated at #CurrentDateTime from the online version of the text available on that date. If some time has
            elapsed since then, this version may have been superseded, as most of 84000’s published translations undergo significant updates
            from time to time. For the latest online version, with bilingual display, interactive glossary entries and notes, and a variety
            of further download options, please see <a href="#LinkToSelf" class="printable">#LinkToSelf</a>.</p>
    </item>
    <item key="translation.partial-text-warning">This webpage does not include the entire published text</item>
    <item key="translation.partial-text-link">The full translation is available to download as pdf at:</item>
    
    <item key="section.ebook-help-title">Help for downloading eBooks</item>
    <item key="section.ebook-help-body">
        <p>There are many ways to get eBooks onto eReader devices. If you already have a reliable method for this, please simply download
            the texts.</p>
        <p>However, some devices, such as Amazon Kindle, are optimised for downloading books from their associated store, and getting free
            books from other sources on to them can be tricky. Most eReaders have a built in web-browser and we have found this to be the
            simplest way to get free eBooks on to our devices.</p>
        <ol>
            <li>Open the browser on your device. (On a Kindle this is “Beta-Browser” under the main menu).</li>
            <li>Use the browser to go to http://read.84000.co</li>
            <li>Select “View All Translated Texts.”</li>
            <li>Select the “Download AZW3” option for the text you would like to read.</li>
        </ol>
        <p>Unfortunately we cannot test our publications on every device. We try to ensure our texts are readable on as many devices as
            possible by complying with open standards. If you have any feedback about this functionality, or tips for reading them on your
            device, please contact us at <a href="mailto:info@84000.co">info@84000.co</a>.</p>
    </item>
    
    <!-- About -->
    <item key="about.common.sponsor-button-label">贊助一頁佛經</item>
    <item key="about.common.sponsor-button-link">#commsSiteUrl/ch-sponsor-a-page</item>
    <item key="about.common.donate-instructions-link">#commsSiteUrl/media/ch_donate_instructions.pdf</item>
    <item key="about.common.donate-instructions-label">幫助</item>
    <item key="about.common.donate-instructions-link-title">如何線上捐款</item>
    <item key="about.common.sharing-label">Share this page:</item>
    <item key="about.common.summary-label">大綱</item>
    <item key="about.common.no-results-label">There are currently not texts in this list</item>
    <item key="about.common.column-toh-label">Toh</item>
    <item key="about.common.column-title-label">Title</item>
    <item key="about.common.column-status-label">Status</item>
    <item key="about.common.column-pages-label">Pages</item>
    <item key="about.common.page-total-label">Total pages:</item>
    <item key="about.common.pages-label">pages</item>
    <item key="about.common.texts-label">texts</item>
    
    <!-- Progress -->
    <item key="about.progress.header-img-src">#feSiteUrl/imgs/about-headers/progress.jpg</item>
    <item key="about.progress.page-quote">「佛法是如何助益你，你應該有親身體會。既然如此, 如果你發心以你的翻譯去影響外界，這必定會改變世界。其實已經在改變世界了。」</item>
    <item key="about.progress.page-quote-author">吉噶康楚仁波切</item>
    <item key="about.progress.page-intro">【八萬四千．佛典傳譯】百年願景的第一部份，是將《甘珠爾》的70,000頁翻譯成英文，之後再開始《丹珠爾》161,800頁的翻譯工作。翻譯作品列表</item>
    <item key="about.progress.kangyur-summary-heading">25年將《甘珠爾》翻譯完成目標之進度</item>
    <item key="about.progress.combined-summary-heading">100年將《甘珠爾》與《丹珠爾》翻譯完成目標之進度</item>
    <item key="about.progress.outlook"><p>《甘珠爾》翻譯完成後，我們將開始進行75年內完整翻譯《丹珠爾》161,800頁佛典的計畫。</p></item>
    <item key="about.progress.translations-published-label">已發布經文</item>
    <item key="about.progress.translations-awaiting-label">待發布經文</item>
    <item key="about.progress.translations-remaining-label">翻譯進行中</item>
    <item key="about.progress.context-label">完成</item>
    <item key="about.progress.related-pages">
        <h2>其他相關頁面</h2>
        <ul class="list-unstyled">
            <li>
                <a href="#commsSiteUrl/ch-about/ch-about-workflow">點擊此了解一頁經文從翻譯到出版的過程</a>
            </li>
            <li>
                <a href="#commsSiteUrl/facts-and-figures-about-kangyur-and-tengyur">點擊此了解更多關於《甘珠爾》與《丹珠爾》的內容與歷史</a>
            </li>
        </ul>
    </item>
    
    <!-- Impact -->
    <item key="about.impact.header-img-src">#feSiteUrl/imgs/about-headers/impact.jpg</item>
    <item key="about.impact.page-quote">「《甘珠爾》與《丹珠爾》並不僅是一個傳統、一個文明時代或一個國家的遺產,而是整個世界的珍貴遺產。」</item>
    <item key="about.impact.page-quote-author">祖古貝馬望買仁波切</item>
    <item key="about.impact.page-intro">
        <p>經藏是佛陀教法的根本。將藏文大藏經完整地翻譯成英文，將改變現代社會研讀、參考及修行佛法的形式，讓更多人有機會接觸佛陀浩瀚的智慧。</p>
        <p>84000計畫於2035年完成《甘珠爾》的翻譯與線上發布。這是自公元900年在藏地的大型譯經計畫後，世界的首項大型譯經計畫。</p>
    </item>
    <item key="about.impact.visitors-per-week-stat">
        <div class="heading">每週瀏覽次數</div>
        <div class="data">
            <span>#visitorsPerWeekFormatted</span>
        </div>
    </item>
    <item key="about.impact.visitors-description">
        <p>每週，我們的網站都有2500位來自世界各地的訪客。雲端藏經閣已出版的41部經文提供三種不同格式的下載，相信很多法友下載後也在線下繼續進行研讀。</p>
    </item>
    <item key="about.impact.reach-countries-stat">
        <div class="heading">國家／地區</div>
        <div class="data">
            <span>#reachCountriesFormatted</span>
        </div>
    </item>
    <item key="about.impact.reach-description">
        <p>目前【八萬四千 • 佛典傳譯】有來自242個國家／地區的訪客。</p>
    </item>
    <item key="about.impact.engagement-minutes-stat">
        <div class="heading">閱覽超過10分鐘的 <br/> 人數</div>
        <div class="data">
            <span>#engagementMinutesFormatted</span>
        </div>
    </item>
    <item key="about.impact.engagement-description">
        <p>我們的讀者在雲端藏經閣花的時間比以往更多，有6000多人閱覽至少10分鐘，也有1378人停留超過半小時。我們先進的雲端藏經閣提供讀者們前所未有的經典閱讀體驗。</p>
    </item>
    <!--<item key="about.impact.popular-views-stat">
        <div class="heading">熱門經典的 <br/> 閱覽次數</div>
        <div class="data">
            <span>#topTextViewsFormatted</span>
        </div>
    </item>
    <item key="about.impact.popular-description">
        <p>2018年裡，雲端藏經閣已被瀏覽150000次，而最受歡迎的5部經典共被閱覽43610次。這5部經文為：</p>
        <ol>
            <li>
                <a href="#readingRoomSiteUrl/translation/UT22084-055-001.html?lang=zh">《三摩地王經》</a>
            </li>
            <li>
                <a href="#readingRoomSiteUrl/translation/UT22084-031-002.html?lang=zh">《般若波羅蜜多萬頌》</a>
            </li>
            <li>
                <a href="#readingRoomSiteUrl/translation/UT22084-060-005.html?lang=zh">《維摩詰所說經》</a>
            </li>
            <li>
                <a href="#readingRoomSiteUrl/translation/UT22084-062-010.html?lang=zh">《佛說稻芉經》</a>
            </li>
            <li>
                <a href="#readingRoomSiteUrl/translation/UT22084-062-012.html?lang=zh">《緣起經》</a>
            </li>
        </ol>
        <p>我們目前有21000頁經文正在翻譯中，期望近期能夠出版更多經典供您免費閱讀。</p>
    </item>
    <item key="about.impact.countries-title">讀者來源:</item>
    <item key="about.impact.countries-legend">*備註：以上圖案僅列出部分讀者所處國家與地區，並非全數。</item>
    <item key="about.impact.countries-timestamp">最後更新日期：2018年8月5日</item>-->
    
    <!-- Sponsors -->
    <!--<item key="about.sponsors.page-title">贊助人</item>-->
    <item key="about.sponsors.header-img-src">#feSiteUrl/imgs/about-headers/sponsors.jpg</item>
    <item key="about.sponsors.page-quote">「無論是慷慨的施主，或是學識淵博且經驗豐富的譯者們，都能因彼此之間相輔相成的因緣，而圓滿福慧二種資糧的積累。」</item>
    <item key="about.sponsors.page-quote-author">赤熱巴巾（又稱赤祖德贊王）</item>
    <item key="about.sponsors.page-intro">
        <p>84000的佛典傳譯工作能夠順利進行，靠的是上千位贊助者的慷慨支持。贊助者可選擇以「贊助一頁佛經」 <a href="#commsSiteUrl/ch-sponsor-a-page">Sponsor a Page</a> 、 <a href="#commsSiteUrl/ch-download-dana">「隨喜贊助」</a> ，或下方其他方式給予支持。每一份善款——無論金額大小——均是功德無量的佈施。</p>
    </item>
    <item key="about.sponsors.matching-funds-title">對等基金贊助人</item>
    <item key="about.sponsors.sutras-title">「一部佛典」贊助人</item>
    <item key="about.sponsors.founding-title">創始贊助人</item>
    <item key="about.sponsors.matching-funds-description">
        <p>對等捐贈項目旨在鼓勵更多人成為定期的捐贈者，所定期捐獻的每一元善款都將得到加倍，這將為護持84000佛典翻譯的工作提供長期穩定的經濟支柱。非常感激所有參與對等基金的贊助者，他們的慷慨贊助，能讓所有的定期定額捐贈者，都能感受到自己的貢獻對翻譯《大藏經》這個項目產生了重大影響。</p>
    </item>
    <item key="about.sponsors.matching-funds-list-title">
        <p>對等基金贊助人</p>
    </item>
    <item key="about.sponsors.sponsor-sutras-link">#readingRoomSiteUrl/about/sponsor-a-sutra.html?lang=zh</item>
    <item key="about.sponsors.sutras-description">
        <p>我們每年都會挑選出一些長篇幅的重要經典，加入<a href="#readingRoomSiteUrl/about/sponsor-a-sutra.html?lang=zh">「贊助一部佛典」</a>計畫之中。為了圓滿完成優質的翻譯，需要進行大量的研究與諮詢，因此需要較多的贊助經費。我們非常感謝所有贊助人的慷慨支持。</p>
    </item>
    <item key="about.sponsors.sutras-list-title">
        <p>「一部佛典」贊助人</p>
    </item>
    <item key="about.sponsors.founding-description">
        <p>我們要特別感謝108位創始贊助人如此慷慨地提供首批資金，以幫助【八萬四千•佛典傳譯】開始進行翻譯佛陀言教的任務。為了促使該計畫得以起航，每位捐助者都承諾在五年內資助50,000-250,000美元。除了作為首輪翻譯項目所提供的資金之外，這筆基金也分配運用在為評審、編輯和出版前各項工作創建的基礎設施；開發翻譯工作所需的工具和資源、培訓翻譯和編輯、初期規畫成本以及當前和即將進行的行政管理運營成本。</p>
        <p>正因為這些慷慨且有遠見的創始贊助人，84000計畫才得以成功地開展，並於短期內完成了大量佛陀言教的翻譯任務，進展顯著。我們衷心感謝所有捐助者，使我們能夠保護無價的世界文化遺產，從而流通後代為普世所共享。</p>
        <p>84000計畫的主席宗薩欽哲仁波切給108位創始贊助者寫下一段話。<a href="#commsSiteUrl/ch-message-to-founding-sponsors">點擊此處查看仁波切的開示。</a></p>
    </item>
    <item key="about.sponsors.founding-list-title">
        <p>108位創始贊助人</p>
    </item>
    <item key="about.sponsors.text-sponsorship-link-label">此經仍有贊助機會</item>
    
    <!-- Translators -->
    <item key="about.translators.header-img-src">#feSiteUrl/imgs/about-headers/translators.jpg</item>
    <item key="about.translators.page-quote">「譯者們必須真正團結起來, 形成一個和諧的群體, 一起為當代及未來的世代而努力, 這是非常重要的。」</item>
    <item key="about.translators.page-quote-author">吉噶康楚仁波切</item>
    <item key="about.translators.page-intro">
        <p>84000通過提供獎助金給譯者團隊、編輯以及顧問推動著有效率的藏文大藏經翻譯工作。所有的翻譯小組均為外部翻譯團隊，而翻譯團隊的譯經工作是實現84000願景的關鍵。</p>
    </item>
    <item key="about.translators.lists-title">84000 翻譯人員</item>
    <item key="about.translators.summary-title">概述</item>
    <item key="about.translators.team-count-label">團隊總數</item>
    <item key="about.translators.teams-label">支團隊</item>
    <item key="about.translators.translator-count-label">譯者、編輯、顧問人數</item>
    <item key="about.translators.translators-label">人</item>
    <item key="about.translators.affiliation-title">參與者所屬機構類型</item>
    <item key="about.translators.affiliation-both-label">學術機構與佛法中心</item>
    <item key="about.translators.affiliation-academic-label">學術機構</item>
    <item key="about.translators.affiliation-practitioner-label">佛法中心</item>
    <item key="about.translators.affiliation-label">參與者</item>
    <item key="about.translators.region-title">參與者所屬地區</item>
    <item key="about.translators.region-label">參與者</item>
    
    <!-- Sponsor a Sutra -->
    <item key="about.sponsor-a-sutra.header-img-src">#feSiteUrl/imgs/about-headers/sponsor-a-sutra.jpg</item>
    <item key="about.sponsor-a-sutra.page-quote">佛經，教導我們佛法。佛經比佛像要珍貴得多，重要得多。</item>
    <item key="about.sponsor-a-sutra.page-quote-author">噶千仁波切</item>
    <item key="about.sponsor-a-sutra.page-intro">
        <p>某些長篇重要經典需要較多經費才能完成，「贊助一部佛典」計劃， 提供個人/家族或團體（機構、僧團、寺院等）一個共同集資供養一部長篇佛典翻譯的機會，也確保我們有足夠的經費來完成這些佛陀言教的翻譯。我們需要您的鼎力支持。</p>
        <h2>如何贊助一部佛典？</h2>
        <p>可供選擇贊助的頁數:</p>
        <ul>
            <li>100頁 (贊助金額: $25,000美元)</li>
            <li>150頁 (贊助金額: $37,500美元)</li>
            <li>200頁 (贊助金額: $50,000美元)或以上</li>
        </ul>
        <h2>贊助金將用於何處？</h2>
        <p>您的贊助將涵蓋研究、諮詢、翻譯與編輯，使翻譯這部經典的團隊工作能如期順利進行。每部經典所籌募之經費如有結餘，將用以資助後續的出版工作。</p>
        <h2>如何贊助？</h2>
        <p>有意贊助者可以個人、家族、公司或組織/團體、僧團、寺院等名義參加。若有多位贊助人時，需指定一位為主要聯絡人，以接收84000的感謝函或贈禮。</p>
        <h2>贊助者如何列名？</h2>
        <p>在佛典譯經完成後，將於「致謝」章節中，刊登護持譯經贊助人姓名以為感謝</p>
        <p>每年的捐助者芳名錄都會於宗薩寺的印度祈願法會呈報給仁波切並作功德迴向。</p>
        <p>
            <a href="#readingRoomSiteUrl/about/sponsors.html?lang=zh">請點擊此處瀏覽目前已獲贊助的長篇經典</a>
        </p>
    </item>
    <item key="about.sponsor-a-sutra.donate-label">線上捐款</item>
    <item key="about.sponsor-a-sutra.text-list-title">今年可供贊助的佛典：</item>
    <item key="about.sponsor-a-sutra.priority-title">精選佛典</item>
    <item key="about.sponsor-a-sutra.priority-description">下列為84000希望優先翻譯和出版之經文，您若有意願護持佛典傳譯，請考慮贊助以下其中一部。</item>
    <item key="about.sponsor-a-sutra.text-list-section-title">贊助佛典頁數: #pageUpper頁 (贊助金額: $#groupCost美元)</item>
    <item key="about.sponsor-a-sutra.text-list-remainder-title">贊助佛典頁數: #pageLower頁以上</item>
    <item key="about.sponsor-a-sutra.part-icon-label-available">代表已被贊助</item>
    <item key="about.sponsor-a-sutra.part-icon-label-sponsored">代表仍有贊助名額</item>
    <item key="about.sponsor-a-sutra.reserved-label">已預留</item>
    <item key="about.sponsor-a-sutra.sponsor-part-label">贊助一部分</item>
    <item key="about.sponsor-a-sutra.sponsor-whole-label">贊助整部經典</item>
    <item key="about.sponsor-a-sutra.no-texts-of-type">此類型經文目前不供贊助</item>
    <item key="about.sponsor-a-sutra.footer">
        <p>想了解更多詳情，請與<span class="underline">84000</span>執行長黃淨蕊聯繫: <a href="mailto:jingrui@84000.co">jingrui@84000.co</a></p>
    </item>
    
    <!-- Progress panel widget -->
    <item key="widget.progress-panel.support-label">護持【八萬四千•佛典傳譯】</item>
    <item key="widget.progress-panel.support-description">
        <p><p>我們在<a href="#readingRoomSiteUrl/about/sponsors.html?lang=zh">108 founding sponsors</a> 108位創始贊助人和數千位捐助者的幫助下，持續資助佛典的翻譯。共七萬頁的《甘珠爾》經文，仍需要您的發心贊助，請加入我們的行列。</p></p>
    </item>
    <!--<item key="widget.progress-panel.kangyur-count-before-label">《甘珠爾》總頁數</item>
    <item key="widget.progress-panel.translation-count-before-label">翻譯中頁數</item>
    <item key="widget.progress-panel.translated-count-before-label">已翻譯頁數</item>
    <item key="widget.progress-panel.published-count-before-label">翻譯中頁數</item>-->
    <item key="widget.progress-panel.kangyur-count-after-label">甘珠爾總頁數</item>
    <item key="widget.progress-panel.translation-count-after-label">翻譯中頁數</item>
    <item key="widget.progress-panel.translated-count-after-label">翻譯完成頁數</item>
    <item key="widget.progress-panel.published-count-after-label">已發布頁數</item>
    
    <!-- Progress chart widget -->
    <item key="widget.progress-chart.tab-title-kangyur">目標一</item>
    <item key="widget.progress-chart.tab-description-kangyur">
        <p>將《甘珠爾》（佛陀言教）全部翻譯完成</p>
        <ul class="list-unstyled">
            <li>總頁數：<strong>70,000頁</strong></li>
            <li>目標完成時間：<strong>25年</strong></li>
        </ul>
    </item>
    <!--<item key="widget.progress-chart.tab-subtitle-kangyur">約70,000頁</item>-->
    <!--<item key="widget.progress-chart.tab-description-kangyur">您的支持，讓我們能夠在2035年實現25年將整套《甘珠爾》翻譯完成的目標。</item>-->
    <item key="widget.progress-chart.tab-title-combined">目標二</item>
    <item key="widget.progress-chart.tab-description-combined">
        <p>將藏文大藏經（《甘珠爾》以及《丹珠爾》）全部翻譯完成</p>
        <ul class="list-unstyled">
            <li>總頁數：<strong>231,800頁</strong></li>
            <li>目標完成時間：<strong>100年</strong></li>
        </ul>
    </item>
    <!--<item key="widget.progress-chart.tab-subtitle-combined">約231,800頁</item>-->
    <!--<item key="widget.progress-chart.tab-description-combined">我們的百年大計是將藏文大藏經的231,800頁經文完整地翻譯出來並且免費流通。</item>-->
    
    <!-- Download dana -->
    <item key="widget.download-dana.widget-title">隨喜贊助</item>
    <item key="widget.download-dana.icon-label">您正在下載…</item>
    <item key="widget.download-dana.dana-description">
        <p>本部經典由【八萬四千 • 佛典傳譯】免費出版流通。</p>
        <p>如若您因此心生喜悅想隨喜贊助，請點擊「隨喜贊助」，為佛法傳世點燃無盡藏法燈，延續無盡藏傳承！</p>
    </item>
    <item key="widget.download-dana.donate-form-link">/ch-download-dana</item>
    <item key="widget.download-dana.donate-form-link-label">點擊此線上捐款</item>
    
    <!-- Audio test -->
    <item key="about.audio-test.page-title">Audio test</item>
    
</texts>