<collection xmlns="http://exist.sourceforge.net/NS/exist" name="/db/apps/84000-reading-room/modules" owner="admin" group="reading-room" mode="755" created="2019-08-20T09:36:11+02:00" deduplicate-blobs="false" version="2">
    <acl entries="0" version="1"/>
    <resource type="BinaryResource" name="translation.xql" owner="admin" group="reading-room" mode="755" created="2019-08-20T09:36:11+02:00" modified="2019-09-26T13:39:53+02:00" filename="translation.xql" mimetype="application/xquery" blob-id="845e3f3ab766194ca17f1970720b058837d2fbcee98492a994abd215d809510a">
        <acl entries="0" version="1"/>
    </resource>
    <resource type="BinaryResource" name="translation-status.xql" owner="admin" group="reading-room" mode="755" created="2019-08-20T09:36:11+02:00" modified="2019-09-24T11:34:44+02:00" filename="translation-status.xql" mimetype="application/xquery" blob-id="66d91bed32e3731ae0fd6ea0465e4403e04d9dedb688a698a9eb3b541acf16d2">
        <acl entries="0" version="1"/>
    </resource>
    <resource type="BinaryResource" name="log.xql" owner="admin" group="reading-room" mode="755" created="2019-08-20T09:36:11+02:00" modified="2019-08-20T09:36:11+02:00" filename="log.xql" mimetype="application/xquery" blob-id="704fc474377058868f1c8484dcd731e10c8f2c739efe15ec4de929a169c11f19">
        <acl entries="0" version="1"/>
    </resource>
    <resource type="BinaryResource" name="section.xql" owner="admin" group="reading-room" mode="755" created="2019-08-20T09:36:11+02:00" modified="2019-09-18T11:38:18+02:00" filename="section.xql" mimetype="application/xquery" blob-id="57edfa05d0df341061a9dc81cd0f2aef77861405443f058d312d3e99117ceae4">
        <acl entries="0" version="1"/>
    </resource>
    <resource type="BinaryResource" name="translations.xql" owner="admin" group="reading-room" mode="755" created="2019-08-20T09:36:11+02:00" modified="2019-09-18T15:58:27+02:00" filename="translations.xql" mimetype="application/xquery" blob-id="5066cbb37e2807fe03a0160076da4fa23ef1c0821b9e4daeaed5a53ae567b9fc">
        <acl entries="0" version="1"/>
    </resource>
    <resource type="BinaryResource" name="tei-content.xql" owner="admin" group="reading-room" mode="755" created="2019-08-20T09:36:11+02:00" modified="2019-09-23T16:07:58+02:00" filename="tei-content.xql" mimetype="application/xquery" blob-id="3542d6a365a4b65ab5b8d82842664db31124bbca185204b45e7d31865768a25b">
        <acl entries="0" version="1"/>
    </resource>
    <resource type="BinaryResource" name="store.xql" owner="admin" group="reading-room" mode="755" created="2019-08-20T09:36:11+02:00" modified="2019-08-20T09:36:11+02:00" filename="store.xql" mimetype="application/xquery" blob-id="ed45e637d77422ccc59f267faf3df354ae47688ed9f6e0faafb98a666beaac7b">
        <acl entries="0" version="1"/>
    </resource>
    <resource type="BinaryResource" name="sponsorship.xql" owner="admin" group="reading-room" mode="755" created="2019-08-20T09:36:11+02:00" modified="2019-09-17T15:01:25+02:00" filename="sponsorship.xql" mimetype="application/xquery" blob-id="8de65dda08f6a71b420a7269aaf2015e6651ea4f9ea844bad0e52d5b31ac9d47">
        <acl entries="0" version="1"/>
    </resource>
    <resource type="BinaryResource" name="deploy.xql" owner="admin" group="reading-room" mode="755" created="2019-08-20T09:36:11+02:00" modified="2019-08-27T13:13:39+02:00" filename="deploy.xql" mimetype="application/xquery" blob-id="44ff8c1a786c0f1d3324d5bb4d156fc4329e78278c1125c6b944bd7f557f2581">
        <acl entries="0" version="1"/>
    </resource>
    <resource type="BinaryResource" name="install.xql" owner="admin" group="reading-room" mode="755" created="2019-08-20T09:36:11+02:00" modified="2019-09-17T15:14:36+02:00" filename="install.xql" mimetype="application/xquery" blob-id="e272981df8042190e7f4fa9f9a850b861f410b4a0f723462e92929228eed580e">
        <acl entries="0" version="1"/>
    </resource>
    <resource type="BinaryResource" name="download.xql" owner="admin" group="reading-room" mode="755" created="2019-08-20T09:36:11+02:00" modified="2019-08-20T09:36:11+02:00" filename="download.xql" mimetype="application/xquery" blob-id="4bab132ec46fd41c54780a0243f7ef84d2cf2874c125a0c9bd53f73456e02348">
        <acl entries="0" version="1"/>
    </resource>
    <resource type="BinaryResource" name="glossary.xql" owner="admin" group="reading-room" mode="755" created="2019-08-20T09:36:11+02:00" modified="2019-09-18T11:12:17+02:00" filename="glossary.xql" mimetype="application/xquery" blob-id="1cd08477017c492ef24b59845d9ad6130330aa42341d03a82875c0ae652b49ac">
        <acl entries="0" version="1"/>
    </resource>
    <resource type="BinaryResource" name="contributors.xql" owner="admin" group="reading-room" mode="755" created="2019-08-20T09:36:11+02:00" modified="2019-09-18T11:53:42+02:00" filename="contributors.xql" mimetype="application/xquery" blob-id="77887d329b54ca77029f3b8852f4b05d4e693d4bc319de7efd6500f1bb05b3fe">
        <acl entries="0" version="1"/>
    </resource>
    <resource type="BinaryResource" name="sponsors.xql" owner="admin" group="reading-room" mode="755" created="2019-08-20T09:36:11+02:00" modified="2019-09-18T13:05:41+02:00" filename="sponsors.xql" mimetype="application/xquery" blob-id="8244ad60cc0a7542f0bccb4298b4cf7c9da119663334e9ca5f270732487ec07d">
        <acl entries="0" version="1"/>
    </resource>
    <resource type="BinaryResource" name="source.xql" owner="admin" group="reading-room" mode="755" created="2019-08-20T09:36:11+02:00" modified="2019-09-30T12:20:16+02:00" filename="source.xql" mimetype="application/xquery" blob-id="8825b0e09d7976564d72b2080d2520663fd8e524506fe6ccc7f32861c0a2e737">
        <acl entries="0" version="1"/>
    </resource>
    <resource type="BinaryResource" name="common.xql" owner="admin" group="reading-room" mode="755" created="2019-08-20T09:36:11+02:00" modified="2019-09-24T10:21:01+02:00" filename="common.xql" mimetype="application/xquery" blob-id="6d7df8233f8c1184573c4033dd89f416f077af21e2e156df240d34b48c3765ea">
        <acl entries="0" version="1"/>
    </resource>
    <resource type="BinaryResource" name="search.xql" owner="admin" group="reading-room" mode="755" created="2019-08-20T09:36:11+02:00" modified="2019-09-19T15:28:09+02:00" filename="search.xql" mimetype="application/xquery" blob-id="9eb6e8c8fbe4223e59200ee4fc37979b619e764b504b3e3a3983578266af0c9b">
        <acl entries="0" version="1"/>
    </resource>
</collection>