<collection xmlns="http://exist.sourceforge.net/NS/exist" name="/db/apps/84000-reading-room/modules" owner="admin" group="reading-room" mode="755" created="2019-08-20T09:36:11+02:00" deduplicate-blobs="false" version="2">
    <acl entries="0" version="1"/>
    <resource type="BinaryResource" name="sponsors.xql" owner="admin" group="reading-room" mode="755" created="2019-08-20T09:36:11+02:00" modified="2022-01-03T12:08:28+01:00" filename="sponsors.xql" mimetype="application/xquery" blob-id="165379cf3b59756b4f9d75d352a5ec6e08280567e3ad3a5669be2473a4cc24d2">
        <acl entries="0" version="1"/>
    </resource>
    <resource type="BinaryResource" name="section.xql" owner="admin" group="reading-room" mode="755" created="2019-08-20T09:36:11+02:00" modified="2023-03-03T16:32:59+01:00" filename="section.xql" mimetype="application/xquery" blob-id="fca504f9417e28abad7475826cf31660b251a2fd512a3acc3c51e3ab78802d8b">
        <acl entries="0" version="1"/>
    </resource>
    <resource type="BinaryResource" name="store.xql" owner="admin" group="reading-room" mode="755" created="2019-08-20T09:36:11+02:00" modified="2023-01-25T15:28:34+01:00" filename="store.xql" mimetype="application/xquery" blob-id="4d0166e77d4c2315d47c2b5f76945c15ab0c04bae530f9dcb95b7bdfb9ebe41f">
        <acl entries="0" version="1"/>
    </resource>
    <resource type="BinaryResource" name="install.xql" owner="admin" group="reading-room" mode="755" created="2019-08-20T09:36:11+02:00" modified="2021-11-03T18:36:39+01:00" filename="install.xql" mimetype="application/xquery" blob-id="55602fc5ebd09cffe1b577588673dba8f882cf8792a7fea516a0bfd58d1b165d">
        <acl entries="0" version="1"/>
    </resource>
    <resource type="BinaryResource" name="tei-content.xql" owner="admin" group="reading-room" mode="755" created="2019-08-20T09:36:11+02:00" modified="2023-03-07T09:39:46+01:00" filename="tei-content.xql" mimetype="application/xquery" blob-id="1adae57222d67f836ebe1a32e504dbfba85666e41c585d5890d6703565dc5e72">
        <acl entries="0" version="1"/>
    </resource>
    <resource type="BinaryResource" name="knowledgebase.xql" owner="admin" group="reading-room" mode="755" created="2020-08-17T16:43:11+02:00" modified="2022-12-22T17:27:34+01:00" filename="knowledgebase.xql" mimetype="application/xquery" blob-id="ff9fd24e2c7d67b9c1eb9c19a4e01a8842fc4e2904960fbdb8236a7181054343">
        <acl entries="0" version="1"/>
    </resource>
    <resource type="BinaryResource" name="translation.xql" owner="admin" group="reading-room" mode="755" created="2019-08-20T09:36:11+02:00" modified="2023-03-07T09:39:54+01:00" filename="translation.xql" mimetype="application/xquery" blob-id="a22599f4276b129b9652c88af2f70a5e3c922a74840337203a8d770b76f441e4">
        <acl entries="0" version="1"/>
    </resource>
    <resource type="BinaryResource" name="deploy.xql" owner="admin" group="reading-room" mode="755" created="2019-08-20T09:36:11+02:00" modified="2023-03-09T17:05:40+01:00" filename="deploy.xql" mimetype="application/xquery" blob-id="55ff47da6baf6f8320f693620362e8ff4edb16c1f8e0b11b3a28625c005a1c44">
        <acl entries="0" version="1"/>
    </resource>
    <resource type="BinaryResource" name="contributors.xql" owner="admin" group="reading-room" mode="755" created="2019-08-20T09:36:11+02:00" modified="2023-01-04T11:58:32+01:00" filename="contributors.xql" mimetype="application/xquery" blob-id="321c99fc4263ca3a493c292f5c92b51e7b2c5b1b3a8fb6adace2b0bb71ac3a1d">
        <acl entries="0" version="1"/>
    </resource>
    <resource type="BinaryResource" name="log.xql" owner="admin" group="reading-room" mode="755" created="2019-08-20T09:36:11+02:00" modified="2022-12-16T13:22:20+01:00" filename="log.xql" mimetype="application/xquery" blob-id="8e84ccb4b6612e27182e83a6c5d20183aaf929171e376e5b9979559646fee834">
        <acl entries="0" version="1"/>
    </resource>
    <resource type="BinaryResource" name="source.xql" owner="admin" group="reading-room" mode="755" created="2019-08-20T09:36:11+02:00" modified="2022-12-16T15:39:19+01:00" filename="source.xql" mimetype="application/xquery" blob-id="fbcfdc4345cc1d3d32364869fc2daae71425e049b8014f119b915bda27efc104">
        <acl entries="0" version="1"/>
    </resource>
    <resource type="BinaryResource" name="download.xql" owner="admin" group="reading-room" mode="755" created="2019-08-20T09:36:11+02:00" modified="2021-08-27T11:10:35+02:00" filename="download.xql" mimetype="application/xquery" blob-id="a697093aad9a11ab9e408e244d72e372736efd6a4533d5c3eae29c9855a211ee">
        <acl entries="0" version="1"/>
    </resource>
    <resource type="BinaryResource" name="levenshtein.xql" owner="admin" group="dba" mode="664" created="2022-07-05T14:43:52+02:00" modified="2022-07-05T14:48:03+02:00" filename="levenshtein.xql" mimetype="application/xquery" blob-id="71543b719f78379f8bf9f56e7ebd79fca353e1ddbd523be18e549f4521805d85">
        <acl entries="0" version="1"/>
    </resource>
    <resource type="BinaryResource" name="entities.xql" owner="admin" group="reading-room" mode="755" created="2020-02-24T14:34:22+01:00" modified="2023-02-28T16:29:49+01:00" filename="entities.xql" mimetype="application/xquery" blob-id="32d43f399eafa3d7610496a1fe02c1753434639b83d33c52e212574e934b1cca">
        <acl entries="0" version="1"/>
    </resource>
    <resource type="BinaryResource" name="sponsorship.xql" owner="admin" group="reading-room" mode="755" created="2019-08-20T09:36:11+02:00" modified="2021-07-29T15:26:07+02:00" filename="sponsorship.xql" mimetype="application/xquery" blob-id="4458d369c0c587092dba6df8b8aff0e3b40fd86468c31080f7a1f61ead786180">
        <acl entries="0" version="1"/>
    </resource>
    <resource type="BinaryResource" name="glossary.xql" owner="admin" group="reading-room" mode="755" created="2021-10-21T12:08:09+02:00" modified="2023-03-03T11:21:14+01:00" filename="glossary.xql" mimetype="application/xquery" blob-id="6b5abda7409267dbc59dc964b42ff198328f1b9b866c9e7622e03f8d6169ed2d">
        <acl entries="0" version="1"/>
    </resource>
    <resource type="BinaryResource" name="common.xql" owner="admin" group="reading-room" mode="755" created="2019-08-20T09:36:11+02:00" modified="2023-02-15T12:46:33+01:00" filename="common.xql" mimetype="application/xquery" blob-id="3d77654979fd20b7831830772e4a2a10c247f581c98828448bf3f97b8aa50707">
        <acl entries="0" version="1"/>
    </resource>
    <resource type="BinaryResource" name="translations.xql" owner="admin" group="reading-room" mode="755" created="2019-08-20T09:36:11+02:00" modified="2022-12-08T15:21:56+01:00" filename="translations.xql" mimetype="application/xquery" blob-id="88168a0397d9bf848da7e773d1bfeabf57900345a99de3edeee13ee4baa9ff92">
        <acl entries="0" version="1"/>
    </resource>
    <resource type="BinaryResource" name="search.xql" owner="admin" group="reading-room" mode="755" created="2019-08-20T09:36:11+02:00" modified="2023-02-16T10:54:32+01:00" filename="search.xql" mimetype="application/xquery" blob-id="269ed29525c55e2f73fd195e1283aae3446e651a96911455fc1728b33e66ff4e">
        <acl entries="0" version="1"/>
    </resource>
</collection>