<collection xmlns="http://exist.sourceforge.net/NS/exist" name="/db/apps/84000-reading-room/modules" owner="admin" group="reading-room" mode="755" created="2018-10-28T09:46:26Z" deduplicate-blobs="false" version="2">
    <acl entries="0" version="1"/>
    <resource type="BinaryResource" name="translations.xql" owner="admin" group="reading-room" mode="755" created="2017-04-06T11:12:13+01:00" modified="2019-06-19T15:20:44+01:00" filename="translations.xql" mimetype="application/xquery" blob-id="5dbaf31223508af7b6c3464e5ac1b715c5a953bf527164d1d0c32e98b6778a05">
        <acl entries="0" version="1"/>
    </resource>
    <resource type="BinaryResource" name="sponsorship.xql" owner="admin" group="reading-room" mode="755" created="2019-06-04T15:20:22+01:00" modified="2019-06-19T14:56:57+01:00" filename="sponsorship.xql" mimetype="application/xquery" blob-id="a7be7c3a1e454aac47076fc90ee02743184078be52d0d9c3350bfd772a9bba5c">
        <acl entries="0" version="1"/>
    </resource>
    <resource type="BinaryResource" name="log.xql" owner="admin" group="reading-room" mode="755" created="2017-03-20T10:15:12Z" modified="2019-05-30T16:36:55+01:00" filename="log.xql" mimetype="application/xquery" blob-id="704fc474377058868f1c8484dcd731e10c8f2c739efe15ec4de929a169c11f19">
        <acl entries="0" version="1"/>
    </resource>
    <resource type="BinaryResource" name="deploy.xql" owner="admin" group="reading-room" mode="755" created="2019-02-27T10:13:36Z" modified="2019-06-18T14:31:15+01:00" filename="deploy.xql" mimetype="application/xquery" blob-id="62bc3ca483d05ba7cb39d25701f814bf6d145431563ef432dde96cc985fb2b31">
        <acl entries="0" version="1"/>
    </resource>
    <resource type="BinaryResource" name="sponsors.xql" owner="admin" group="reading-room" mode="755" created="2018-08-30T12:02:01+01:00" modified="2019-06-19T14:52:47+01:00" filename="sponsors.xql" mimetype="application/xquery" blob-id="228e7715965560e912f6518d944b5e03d7bb50a5150bcd3404ee0ff72e9960e5">
        <acl entries="0" version="1"/>
    </resource>
    <resource type="BinaryResource" name="contributors.xql" owner="admin" group="reading-room" mode="755" created="2018-11-21T17:00:25Z" modified="2019-06-19T14:52:41+01:00" filename="contributors.xql" mimetype="application/xquery" blob-id="030a88208fef6e167c03c36ae983837fd4b5d362bd44f2f2bb7942d036b7fd01">
        <acl entries="0" version="1"/>
    </resource>
    <resource type="BinaryResource" name="translation.xql" owner="admin" group="reading-room" mode="755" created="2017-04-18T10:11:40+01:00" modified="2019-07-03T13:00:01+01:00" filename="translation.xql" mimetype="application/xquery" blob-id="b5a1da60d12dcf671bdc57588e5c712b16b4f0c5fbb0b7e8159fce2cd925f2ba">
        <acl entries="0" version="1"/>
    </resource>
    <resource type="BinaryResource" name="glossary.xql" owner="admin" group="reading-room" mode="755" created="2017-04-20T16:12:08+01:00" modified="2019-07-04T20:38:30+01:00" filename="glossary.xql" mimetype="application/xquery" blob-id="5c70900e6e8caaea610c12cbe1e98d8c2d56cd8713dfd692304a5c49025a5645">
        <acl entries="0" version="1"/>
    </resource>
    <resource type="BinaryResource" name="translation-status.xql" owner="admin" group="reading-room" mode="755" created="2018-11-26T14:19:45Z" modified="2019-07-03T12:38:26+01:00" filename="translation-status.xql" mimetype="application/xquery" blob-id="df1d6f8c0c88d47e6be57e62ab82eb33cf86a8164bd0b1666ccc3933f2d91dbe">
        <acl entries="0" version="1"/>
    </resource>
    <resource type="BinaryResource" name="search.xql" owner="admin" group="reading-room" mode="755" created="2017-03-16T06:58:41Z" modified="2019-05-13T12:30:52+01:00" filename="search.xql" mimetype="application/xquery" blob-id="cb1868ba30082f4f88e10d136d0177594c0f864d3b2a6b2754a4d20cae741dc4">
        <acl entries="0" version="1"/>
    </resource>
    <resource type="BinaryResource" name="store.xql" owner="admin" group="reading-room" mode="755" created="2019-02-27T13:32:28Z" modified="2019-02-27T13:33:10Z" filename="store.xql" mimetype="application/xquery" blob-id="c186e41a9f2761765a9f3e3bd428ec38e26c1464aef7323f4faf1be13e172acd">
        <acl entries="0" version="1"/>
    </resource>
    <resource type="BinaryResource" name="download.xql" owner="admin" group="reading-room" mode="755" created="2018-09-07T10:46:46+01:00" modified="2018-12-21T10:30:38Z" filename="download.xql" mimetype="application/xquery" blob-id="48e05293c37c454603bc349491f374411b9e385955f916c2990c5ab023c3bdaf">
        <acl entries="0" version="1"/>
    </resource>
    <resource type="BinaryResource" name="source.xql" owner="admin" group="reading-room" mode="755" created="2018-02-08T10:45:34Z" modified="2019-03-21T10:12:44Z" filename="source.xql" mimetype="application/xquery" blob-id="99410ddb990befce8c634bad4b8ebe9498e4ce62ee8f1951e168b44271b7b3db">
        <acl entries="0" version="1"/>
    </resource>
    <resource type="BinaryResource" name="section.xql" owner="admin" group="reading-room" mode="755" created="2017-04-07T11:20:54+01:00" modified="2019-06-26T10:19:03+01:00" filename="section.xql" mimetype="application/xquery" blob-id="346a6034516c463dace87b073330362aab5cf2dc8157f54deb0c482987887233">
        <acl entries="0" version="1"/>
    </resource>
    <resource type="BinaryResource" name="common.xql" owner="admin" group="reading-room" mode="755" created="2017-04-13T10:45:20+01:00" modified="2019-07-02T18:15:59+01:00" filename="common.xql" mimetype="application/xquery" blob-id="71cd0d980914b99260d916f07e8ac17e1ca361b368cdb8f11aa42a3fa9e936e2">
        <acl entries="0" version="1"/>
    </resource>
    <resource type="BinaryResource" name="tei-content.xql" owner="admin" group="reading-room" mode="755" created="2018-06-18T15:01:53+01:00" modified="2019-06-07T10:47:08+01:00" filename="tei-content.xql" mimetype="application/xquery" blob-id="cd0ddb42b367bfe68a26dd0df3c07512a07469c64cff8876803dbeac7975397a">
        <acl entries="0" version="1"/>
    </resource>
</collection>