<collection xmlns="http://exist.sourceforge.net/NS/exist" name="/db/apps/84000-reading-room/modules" owner="admin" group="reading-room" mode="755" created="2019-08-20T08:36:11+01:00" deduplicate-blobs="false" version="2">
    <acl entries="0" version="1"/>
    <resource type="BinaryResource" name="tei-content.xql" owner="admin" group="reading-room" mode="755" created="2019-08-20T08:36:11+01:00" modified="2021-04-30T10:34:21+01:00" filename="tei-content.xql" mimetype="application/xquery" blob-id="207114c1861a11b10c4a2b3598e75f8f31ae7f7af348ab2bae0c20a956b799a5">
        <acl entries="0" version="1"/>
    </resource>
    <resource type="BinaryResource" name="store.xql" owner="admin" group="reading-room" mode="755" created="2019-08-20T08:36:11+01:00" modified="2021-04-16T12:24:20+01:00" filename="store.xql" mimetype="application/xquery" blob-id="0179811b077bd172620d8836860dbe48927526cef3f056bad2a3302d658b2a30">
        <acl entries="0" version="1"/>
    </resource>
    <resource type="BinaryResource" name="sponsors.xql" owner="admin" group="reading-room" mode="755" created="2019-08-20T08:36:11+01:00" modified="2021-03-12T11:57:30Z" filename="sponsors.xql" mimetype="application/xquery" blob-id="74127c33edf75e725f3f7f58fcef2f90f1a6e356d4fdcb084715abfd232f0dcf">
        <acl entries="0" version="1"/>
    </resource>
    <resource type="BinaryResource" name="glossary.xql" owner="admin" group="reading-room" mode="755" created="2019-08-20T08:36:11+01:00" modified="2021-05-12T09:25:22+01:00" filename="glossary.xql" mimetype="application/xquery" blob-id="e7701ade197bef81522878bd1f27c02700f5d71a4621bbb3f3cd9ef1666ff5b0">
        <acl entries="0" version="1"/>
    </resource>
    <resource type="BinaryResource" name="sponsorship.xql" owner="admin" group="reading-room" mode="755" created="2019-08-20T08:36:11+01:00" modified="2019-12-04T15:41:54Z" filename="sponsorship.xql" mimetype="application/xquery" blob-id="2790d53253e4bf99edc31417bc7238fc2db6dbeeeb7a1613e11e39f9d2b64a0a">
        <acl entries="0" version="1"/>
    </resource>
    <resource type="BinaryResource" name="deploy.xql" owner="admin" group="reading-room" mode="755" created="2019-08-20T08:36:11+01:00" modified="2021-02-08T16:27:17Z" filename="deploy.xql" mimetype="application/xquery" blob-id="3db799a1f72e0539ca0c4fb76ddbf018c6fd352f75d7e2eb101271f6a4d4da31">
        <acl entries="0" version="1"/>
    </resource>
    <resource type="BinaryResource" name="install.xql" owner="admin" group="reading-room" mode="755" created="2019-08-20T08:36:11+01:00" modified="2019-10-01T09:32:51+01:00" filename="install.xql" mimetype="application/xquery" blob-id="f1161080803449aed0f969a614169adc9179543849f56c5f36b6992ff65c28b3">
        <acl entries="0" version="1"/>
    </resource>
    <resource type="BinaryResource" name="section.xql" owner="admin" group="reading-room" mode="755" created="2019-08-20T08:36:11+01:00" modified="2021-04-14T16:12:26+01:00" filename="section.xql" mimetype="application/xquery" blob-id="8f66f37932315b2bda99f3d934332827f2e0b79afe648e9a003b1a4981abe6f4">
        <acl entries="0" version="1"/>
    </resource>
    <resource type="BinaryResource" name="log.xql" owner="admin" group="reading-room" mode="755" created="2019-08-20T08:36:11+01:00" modified="2021-05-11T15:11:51+01:00" filename="log.xql" mimetype="application/xquery" blob-id="b39987db81cd0aef3646399fd765343f94bdec4db989443faa95033e2f021e90">
        <acl entries="0" version="1"/>
    </resource>
    <resource type="BinaryResource" name="source.xql" owner="admin" group="reading-room" mode="755" created="2019-08-20T08:36:11+01:00" modified="2021-02-17T13:20:36Z" filename="source.xql" mimetype="application/xquery" blob-id="ba6e2f004d513c37adacdaf40d9f291a22003a616991db0d311502aaa173df06">
        <acl entries="0" version="1"/>
    </resource>
    <resource type="BinaryResource" name="translations.xql" owner="admin" group="reading-room" mode="755" created="2019-08-20T08:36:11+01:00" modified="2021-04-15T09:40:13+01:00" filename="translations.xql" mimetype="application/xquery" blob-id="cef6ac7aee86bc1924fd256d8d1cff7e695bfca7d3fbfc7ecf6da64c186410c5">
        <acl entries="0" version="1"/>
    </resource>
    <resource type="BinaryResource" name="contributors.xql" owner="admin" group="reading-room" mode="755" created="2019-08-20T08:36:11+01:00" modified="2021-03-22T14:57:55Z" filename="contributors.xql" mimetype="application/xquery" blob-id="0bfeb0057a52f1aac1741eaa0fdbba908b5da33ecf1021c1107e9399c46a2a4f">
        <acl entries="0" version="1"/>
    </resource>
    <resource type="BinaryResource" name="translation.xql" owner="admin" group="reading-room" mode="755" created="2019-08-20T08:36:11+01:00" modified="2021-05-11T15:38:47+01:00" filename="translation.xql" mimetype="application/xquery" blob-id="2bd439ddd130a5d2f78430c1d58d05fe389acf1fe01a755efe06988c4ed97d3b">
        <acl entries="0" version="1"/>
    </resource>
    <resource type="BinaryResource" name="download.xql" owner="admin" group="reading-room" mode="755" created="2019-08-20T08:36:11+01:00" modified="2021-03-17T15:59:06Z" filename="download.xql" mimetype="application/xquery" blob-id="b38b684e5c5291601c7d53d52b63b80a0459f9f942b8850ecfcba34283bbd804">
        <acl entries="0" version="1"/>
    </resource>
    <resource type="BinaryResource" name="common.xql" owner="admin" group="reading-room" mode="755" created="2019-08-20T08:36:11+01:00" modified="2021-05-11T14:51:27+01:00" filename="common.xql" mimetype="application/xquery" blob-id="1adf544840fe95e4b595b9cbf34e7e970190fbc366bff469fae2b5c3328bf33c">
        <acl entries="0" version="1"/>
    </resource>
    <resource type="BinaryResource" name="entities.xql" owner="admin" group="reading-room" mode="755" created="2020-02-24T13:34:22Z" modified="2021-04-26T16:08:21+01:00" filename="entities.xql" mimetype="application/xquery" blob-id="87b2ba37c39c98d61413100d439ee420383087233fd9e03e259dedb72532d603">
        <acl entries="0" version="1"/>
    </resource>
    <resource type="BinaryResource" name="search.xql" owner="admin" group="reading-room" mode="755" created="2019-08-20T08:36:11+01:00" modified="2021-03-26T11:18:51Z" filename="search.xql" mimetype="application/xquery" blob-id="f5fe7d816d7c8c043e9ce96f86320db2ff7086fb1a538ad6c84d4285beeec279">
        <acl entries="0" version="1"/>
    </resource>
    <resource type="BinaryResource" name="knowledgebase.xql" owner="admin" group="reading-room" mode="755" created="2020-08-17T15:43:11+01:00" modified="2020-09-01T11:33:41+01:00" filename="knowledgebase.xql" mimetype="application/xquery" blob-id="90c458ff790465c403d4066a137dea133b0cc978a717e815809351697748fee3">
        <acl entries="0" version="1"/>
    </resource>
</collection>