<collection xmlns="http://exist.sourceforge.net/NS/exist" name="/db/apps/84000-reading-room/modules" owner="admin" group="reading-room" mode="755" created="2019-08-20T09:36:11+02:00" deduplicate-blobs="false" version="2">
    <acl entries="0" version="1"/>
    <resource type="BinaryResource" name="glossary.xql" owner="admin" group="reading-room" mode="755" created="2019-08-20T09:36:11+02:00" modified="2021-07-06T19:51:09+02:00" filename="glossary.xql" mimetype="application/xquery" blob-id="4a250203ccf7442d391330684a59510de7b2c4730391032aac942acf62b0c988">
        <acl entries="0" version="1"/>
    </resource>
    <resource type="BinaryResource" name="translation.xql" owner="admin" group="reading-room" mode="755" created="2019-08-20T09:36:11+02:00" modified="2021-07-07T13:12:48+02:00" filename="translation.xql" mimetype="application/xquery" blob-id="2d20ac68d56b5b93a71d951daf75d63ef8c36106268b9a857c16b0e22dca8143">
        <acl entries="0" version="1"/>
    </resource>
    <resource type="BinaryResource" name="store.xql" owner="admin" group="reading-room" mode="755" created="2019-08-20T09:36:11+02:00" modified="2021-04-16T13:24:20+02:00" filename="store.xql" mimetype="application/xquery" blob-id="0179811b077bd172620d8836860dbe48927526cef3f056bad2a3302d658b2a30">
        <acl entries="0" version="1"/>
    </resource>
    <resource type="BinaryResource" name="sponsors.xql" owner="admin" group="reading-room" mode="755" created="2019-08-20T09:36:11+02:00" modified="2021-07-02T18:05:07+02:00" filename="sponsors.xql" mimetype="application/xquery" blob-id="83c7c035fe500348956d151190cdbdacade603357296973653601f30d95a1420">
        <acl entries="0" version="1"/>
    </resource>
    <resource type="BinaryResource" name="search.xql" owner="admin" group="reading-room" mode="755" created="2019-08-20T09:36:11+02:00" modified="2021-07-06T19:23:51+02:00" filename="search.xql" mimetype="application/xquery" blob-id="2c85008217d11d061683375a5077e1604eadb2792a3ed4da70b2f9850e6203a6">
        <acl entries="0" version="1"/>
    </resource>
    <resource type="BinaryResource" name="common.xql" owner="admin" group="reading-room" mode="755" created="2019-08-20T09:36:11+02:00" modified="2021-07-02T19:11:28+02:00" filename="common.xql" mimetype="application/xquery" blob-id="55282316f0a57f8660cba8e32084fe5fe66132fd4757edcb8de028bdb84490f9">
        <acl entries="0" version="1"/>
    </resource>
    <resource type="BinaryResource" name="entities.xql" owner="admin" group="reading-room" mode="755" created="2020-02-24T14:34:22+01:00" modified="2021-07-06T13:30:45+02:00" filename="entities.xql" mimetype="application/xquery" blob-id="a2d532ac69507cc264dc04098ee255189dd602444173e7ce5c7e8f7cc6f1693d">
        <acl entries="0" version="1"/>
    </resource>
    <resource type="BinaryResource" name="deploy.xql" owner="admin" group="reading-room" mode="755" created="2019-08-20T09:36:11+02:00" modified="2021-02-08T17:27:17+01:00" filename="deploy.xql" mimetype="application/xquery" blob-id="3db799a1f72e0539ca0c4fb76ddbf018c6fd352f75d7e2eb101271f6a4d4da31">
        <acl entries="0" version="1"/>
    </resource>
    <resource type="BinaryResource" name="install.xql" owner="admin" group="reading-room" mode="755" created="2019-08-20T09:36:11+02:00" modified="2019-10-01T10:32:51+02:00" filename="install.xql" mimetype="application/xquery" blob-id="f1161080803449aed0f969a614169adc9179543849f56c5f36b6992ff65c28b3">
        <acl entries="0" version="1"/>
    </resource>
    <resource type="BinaryResource" name="section.xql" owner="admin" group="reading-room" mode="755" created="2019-08-20T09:36:11+02:00" modified="2021-04-14T17:12:26+02:00" filename="section.xql" mimetype="application/xquery" blob-id="8f66f37932315b2bda99f3d934332827f2e0b79afe648e9a003b1a4981abe6f4">
        <acl entries="0" version="1"/>
    </resource>
    <resource type="BinaryResource" name="log.xql" owner="admin" group="reading-room" mode="755" created="2019-08-20T09:36:11+02:00" modified="2021-05-11T16:11:51+02:00" filename="log.xql" mimetype="application/xquery" blob-id="b39987db81cd0aef3646399fd765343f94bdec4db989443faa95033e2f021e90">
        <acl entries="0" version="1"/>
    </resource>
    <resource type="BinaryResource" name="source.xql" owner="admin" group="reading-room" mode="755" created="2019-08-20T09:36:11+02:00" modified="2021-02-17T14:20:36+01:00" filename="source.xql" mimetype="application/xquery" blob-id="ba6e2f004d513c37adacdaf40d9f291a22003a616991db0d311502aaa173df06">
        <acl entries="0" version="1"/>
    </resource>
    <resource type="BinaryResource" name="contributors.xql" owner="admin" group="reading-room" mode="755" created="2019-08-20T09:36:11+02:00" modified="2021-03-22T15:57:55+01:00" filename="contributors.xql" mimetype="application/xquery" blob-id="0bfeb0057a52f1aac1741eaa0fdbba908b5da33ecf1021c1107e9399c46a2a4f">
        <acl entries="0" version="1"/>
    </resource>
    <resource type="BinaryResource" name="sponsorship.xql" owner="admin" group="reading-room" mode="755" created="2019-08-20T09:36:11+02:00" modified="2021-06-25T10:47:47+02:00" filename="sponsorship.xql" mimetype="application/xquery" blob-id="4458d369c0c587092dba6df8b8aff0e3b40fd86468c31080f7a1f61ead786180">
        <acl entries="0" version="1"/>
    </resource>
    <resource type="BinaryResource" name="knowledgebase.xql" owner="admin" group="reading-room" mode="755" created="2020-08-17T16:43:11+02:00" modified="2021-07-08T11:46:10+02:00" filename="knowledgebase.xql" mimetype="application/xquery" blob-id="e8395be942090871b48ecd4b42199ce7fa4315314737d4ad2d3db95b65e658e1">
        <acl entries="0" version="1"/>
    </resource>
    <resource type="BinaryResource" name="tei-content.xql" owner="admin" group="reading-room" mode="755" created="2019-08-20T09:36:11+02:00" modified="2021-07-08T12:51:02+02:00" filename="tei-content.xql" mimetype="application/xquery" blob-id="300f333528015fdf713e4a5605329273af45e529efb1dfd0996428f4cd32f1e9">
        <acl entries="0" version="1"/>
    </resource>
    <resource type="BinaryResource" name="download.xql" owner="admin" group="reading-room" mode="755" created="2019-08-20T09:36:11+02:00" modified="2021-03-17T16:59:06+01:00" filename="download.xql" mimetype="application/xquery" blob-id="b38b684e5c5291601c7d53d52b63b80a0459f9f942b8850ecfcba34283bbd804">
        <acl entries="0" version="1"/>
    </resource>
    <resource type="BinaryResource" name="translations.xql" owner="admin" group="reading-room" mode="755" created="2019-08-20T09:36:11+02:00" modified="2021-06-22T14:08:35+02:00" filename="translations.xql" mimetype="application/xquery" blob-id="0eda6ec2df104fcacbcc9d9cca21ce69907906e16270a1b63bbf9e159c1f2522">
        <acl entries="0" version="1"/>
    </resource>
</collection>