<collection xmlns="http://exist.sourceforge.net/NS/exist" name="/db/apps/84000-reading-room/modules" owner="admin" group="reading-room" mode="755" created="2019-08-20T09:36:11+02:00" deduplicate-blobs="false" version="2">
    <acl entries="0" version="1"/>
    <resource type="BinaryResource" name="tei-content.xql" owner="admin" group="reading-room" mode="755" created="2019-08-20T09:36:11+02:00" modified="2024-02-20T12:00:30+01:00" filename="tei-content.xql" mimetype="application/xquery" blob-id="1d486ccd71f4818e5ab85a3c513b910be584362882a73a746153ca5b35173b40">
        <acl entries="0" version="1"/>
    </resource>
    <resource type="BinaryResource" name="entities.xql" owner="admin" group="reading-room" mode="755" created="2020-02-24T14:34:22+01:00" modified="2024-02-20T12:57:53+01:00" filename="entities.xql" mimetype="application/xquery" blob-id="4814bf90cf2a4f1ac9ffbba6901ebc83b1b7e04f83170edd608f2ce361a0f642">
        <acl entries="0" version="1"/>
    </resource>
    <resource type="BinaryResource" name="glossary.xql" owner="admin" group="reading-room" mode="755" created="2021-10-21T12:08:09+02:00" modified="2024-02-28T14:08:59+01:00" filename="glossary.xql" mimetype="application/xquery" blob-id="5cf748313b8896f0e7a3098348c877e28e08bf649d72571b83a5639c8bc82677">
        <acl entries="0" version="1"/>
    </resource>
    <resource type="BinaryResource" name="machine-translation.xql" owner="admin" group="reading-room" mode="755" created="2023-09-14T12:30:54+02:00" modified="2023-11-16T19:14:42+01:00" filename="machine-translation.xql" mimetype="application/xquery" blob-id="ec76f9e73f51441f29ffbeeaeea43b507efbe8fdc683c75cb180f738f64b2d58">
        <acl entries="0" version="1"/>
    </resource>
    <resource type="BinaryResource" name="download.xql" owner="admin" group="reading-room" mode="755" created="2019-08-20T09:36:11+02:00" modified="2023-11-27T08:51:18+01:00" filename="download.xql" mimetype="application/xquery" blob-id="a67c63ab12f3beb652ebc76813382b5808e316e60282ffeb8ec6bf2614663254">
        <acl entries="0" version="1"/>
    </resource>
    <resource type="BinaryResource" name="search.xql" owner="admin" group="reading-room" mode="755" created="2019-08-20T09:36:11+02:00" modified="2024-02-27T16:02:59+01:00" filename="search.xql" mimetype="application/xquery" blob-id="2ddbd0936d70f44e32741c00244299517d56968030909056112254c164a7652d">
        <acl entries="0" version="1"/>
    </resource>
    <resource type="BinaryResource" name="common.xql" owner="admin" group="reading-room" mode="755" created="2019-08-20T09:36:11+02:00" modified="2024-02-29T09:31:44+01:00" filename="common.xql" mimetype="application/xquery" blob-id="dbf22e6a108ca0bba67c6f1e7a3ecf4e17c7524e29abb7dd056fc132a63e7917">
        <acl entries="0" version="1"/>
    </resource>
    <resource type="BinaryResource" name="translation.xql" owner="admin" group="reading-room" mode="755" created="2019-08-20T09:36:11+02:00" modified="2024-02-27T16:14:11+01:00" filename="translation.xql" mimetype="application/xquery" blob-id="301343d82a205d25048d071b2e7a02ddf90c2b5f07b3b6578f235e6093bf9715">
        <acl entries="0" version="1"/>
    </resource>
    <resource type="BinaryResource" name="sponsorship.xql" owner="admin" group="reading-room" mode="755" created="2019-08-20T09:36:11+02:00" modified="2023-06-30T13:08:03+02:00" filename="sponsorship.xql" mimetype="application/xquery" blob-id="b0bb448fe0e7f9189b1357c5b202cf76cb07559ae4665a9f8337e58741445ea0">
        <acl entries="0" version="1"/>
    </resource>
    <resource type="BinaryResource" name="sponsors.xql" owner="admin" group="reading-room" mode="755" created="2019-08-20T09:36:11+02:00" modified="2023-07-06T09:51:20+02:00" filename="sponsors.xql" mimetype="application/xquery" blob-id="7349ba5320efb634e47bc6a5d912495b1965cebcbbd897383b48a1c5a4a11115">
        <acl entries="0" version="1"/>
    </resource>
    <resource type="BinaryResource" name="contributors.xql" owner="admin" group="reading-room" mode="755" created="2019-08-20T09:36:11+02:00" modified="2023-10-09T15:06:17+02:00" filename="contributors.xql" mimetype="application/xquery" blob-id="e55d6f4b37911031f93f248b50e12eb76005e471d460aebc5b588f5cf501395d">
        <acl entries="0" version="1"/>
    </resource>
    <resource type="BinaryResource" name="deploy.xql" owner="admin" group="reading-room" mode="755" created="2019-08-20T09:36:11+02:00" modified="2023-05-16T09:18:26+02:00" filename="deploy.xql" mimetype="application/xquery" blob-id="c742eaae77200e73e697d4dae6553bb16f67918b1c6261f7c3c7ea6a2fb093df">
        <acl entries="0" version="1"/>
    </resource>
    <resource type="BinaryResource" name="translations.xql" owner="admin" group="reading-room" mode="755" created="2019-08-20T09:36:11+02:00" modified="2024-01-26T10:38:51+01:00" filename="translations.xql" mimetype="application/xquery" blob-id="a2f894e91b8269fdbc9ff9ecd913b74c4eb6873bd54e3662bd336c4067cb90a2">
        <acl entries="0" version="1"/>
    </resource>
    <resource type="BinaryResource" name="store.xql" owner="admin" group="reading-room" mode="755" created="2019-08-20T09:36:11+02:00" modified="2023-11-29T15:03:27+01:00" filename="store.xql" mimetype="application/xquery" blob-id="b34c76278af3ea806e4e22292215c88f92ade9700ede9e69190be6595807e8a0">
        <acl entries="0" version="1"/>
    </resource>
    <resource type="BinaryResource" name="knowledgebase.xql" owner="admin" group="reading-room" mode="755" created="2020-08-17T16:43:11+02:00" modified="2024-01-26T11:47:12+01:00" filename="knowledgebase.xql" mimetype="application/xquery" blob-id="b0468367f512ea6ba506b3e87a885320b8267f5e85e472f49f0f714365f0c854">
        <acl entries="0" version="1"/>
    </resource>
    <resource type="BinaryResource" name="log.xql" owner="admin" group="reading-room" mode="755" created="2019-08-20T09:36:11+02:00" modified="2023-10-16T16:47:57+02:00" filename="log.xql" mimetype="application/xquery" blob-id="000ab254564e1dd8357123251ba3e4a911b20ce2a29382fd4751d579f3094ccc">
        <acl entries="0" version="1"/>
    </resource>
    <resource type="BinaryResource" name="install.xql" owner="admin" group="reading-room" mode="755" created="2019-08-20T09:36:11+02:00" modified="2021-11-03T18:36:39+01:00" filename="install.xql" mimetype="application/xquery" blob-id="55602fc5ebd09cffe1b577588673dba8f882cf8792a7fea516a0bfd58d1b165d">
        <acl entries="0" version="1"/>
    </resource>
    <resource type="BinaryResource" name="levenshtein.xql" owner="admin" group="dba" mode="664" created="2022-07-05T14:43:52+02:00" modified="2022-07-05T14:48:03+02:00" filename="levenshtein.xql" mimetype="application/xquery" blob-id="71543b719f78379f8bf9f56e7ebd79fca353e1ddbd523be18e549f4521805d85">
        <acl entries="0" version="1"/>
    </resource>
    <resource type="BinaryResource" name="section.xql" owner="admin" group="reading-room" mode="755" created="2019-08-20T09:36:11+02:00" modified="2024-02-06T11:41:35+01:00" filename="section.xql" mimetype="application/xquery" blob-id="27ae8f39d22499571657f5b1f0e3981f1dea52d8a0ba2e1409a4adc1e8e3a79d">
        <acl entries="0" version="1"/>
    </resource>
    <resource type="BinaryResource" name="source.xql" owner="admin" group="reading-room" mode="755" created="2019-08-20T09:36:11+02:00" modified="2024-02-19T17:48:42+01:00" filename="source.xql" mimetype="application/xquery" blob-id="020644a63b33020f8e3920e2bbfce368b2854884efbecc485b6bfff160195124">
        <acl entries="0" version="1"/>
    </resource>
    <resource type="BinaryResource" name="devanagari.xql" owner="admin" group="dba" mode="644" created="2024-02-29T09:26:32+01:00" modified="2024-02-29T11:42:20+01:00" filename="devanagari.xql" mimetype="application/xquery" blob-id="16748e458d20a8a3f8796d3f78bd2053eb17e8a86de93628e2f1c42385094fd0">
        <acl entries="0" version="1"/>
    </resource>
</collection>