<collection xmlns="http://exist.sourceforge.net/NS/exist" name="/db/apps/84000-reading-room/modules" owner="admin" group="reading-room" mode="755" created="2019-08-20T09:36:11+02:00" deduplicate-blobs="false" version="2">
    <acl entries="0" version="1"/>
    <resource type="BinaryResource" name="common.xql" owner="admin" group="reading-room" mode="755" created="2019-08-20T09:36:11+02:00" modified="2020-01-20T17:31:34+01:00" filename="common.xql" mimetype="application/xquery" blob-id="928fa373de070367a0d0a6276fc4d9fce82e718be0023a138e2d5b7f1ba3ed7b">
        <acl entries="0" version="1"/>
    </resource>
    <resource type="BinaryResource" name="section.xql" owner="admin" group="reading-room" mode="755" created="2019-08-20T09:36:11+02:00" modified="2020-01-09T12:51:36+01:00" filename="section.xql" mimetype="application/xquery" blob-id="46e478da4e71058e7c641500cfec49cbfabb57c4d340f22de296d669a5fd0ade">
        <acl entries="0" version="1"/>
    </resource>
    <resource type="BinaryResource" name="source.xql" owner="admin" group="reading-room" mode="755" created="2019-08-20T09:36:11+02:00" modified="2020-01-09T13:35:30+01:00" filename="source.xql" mimetype="application/xquery" blob-id="4327baebe03cc93d16b50580e0c29632ec065b7b60cc0440d1ebb13882cc0951">
        <acl entries="0" version="1"/>
    </resource>
    <resource type="BinaryResource" name="download.xql" owner="admin" group="reading-room" mode="755" created="2019-08-20T09:36:11+02:00" modified="2019-10-24T15:23:32+02:00" filename="download.xql" mimetype="application/xquery" blob-id="a475a98241ad79414bef8689b7562e034071edc9b3d4ce95efdb1b2a11fa242c">
        <acl entries="0" version="1"/>
    </resource>
    <resource type="BinaryResource" name="deploy.xql" owner="admin" group="reading-room" mode="755" created="2019-08-20T09:36:11+02:00" modified="2019-12-11T14:39:00+01:00" filename="deploy.xql" mimetype="application/xquery" blob-id="5a393aeee8ed50cc3d609b5898eb0d3621ee84ba560d7338591853b1a7060d58">
        <acl entries="0" version="1"/>
    </resource>
    <resource type="BinaryResource" name="sponsors.xql" owner="admin" group="reading-room" mode="755" created="2019-08-20T09:36:11+02:00" modified="2019-11-20T15:30:25+01:00" filename="sponsors.xql" mimetype="application/xquery" blob-id="1d137400736a01acc5775897d0c77247c7d87b18d40271448489393cc506f5fc">
        <acl entries="0" version="1"/>
    </resource>
    <resource type="BinaryResource" name="tei-content.xql" owner="admin" group="reading-room" mode="755" created="2019-08-20T09:36:11+02:00" modified="2020-01-15T11:58:02+01:00" filename="tei-content.xql" mimetype="application/xquery" blob-id="e2bc0c6e1b9439a2e62d78da0b3b3cf8b36bfbdf6cc50cdba60a32aecca3a36b">
        <acl entries="0" version="1"/>
    </resource>
    <resource type="BinaryResource" name="contributors.xql" owner="admin" group="reading-room" mode="755" created="2019-08-20T09:36:11+02:00" modified="2019-11-15T13:33:36+01:00" filename="contributors.xql" mimetype="application/xquery" blob-id="1b778b16274d7873ca4e03fcd76aea43c5a84155eee6e769421a61a3f5258e3b">
        <acl entries="0" version="1"/>
    </resource>
    <resource type="BinaryResource" name="sponsorship.xql" owner="admin" group="reading-room" mode="755" created="2019-08-20T09:36:11+02:00" modified="2019-12-04T16:41:54+01:00" filename="sponsorship.xql" mimetype="application/xquery" blob-id="2790d53253e4bf99edc31417bc7238fc2db6dbeeeb7a1613e11e39f9d2b64a0a">
        <acl entries="0" version="1"/>
    </resource>
    <resource type="BinaryResource" name="install.xql" owner="admin" group="reading-room" mode="755" created="2019-08-20T09:36:11+02:00" modified="2019-10-01T10:32:51+02:00" filename="install.xql" mimetype="application/xquery" blob-id="f1161080803449aed0f969a614169adc9179543849f56c5f36b6992ff65c28b3">
        <acl entries="0" version="1"/>
    </resource>
    <resource type="BinaryResource" name="log.xql" owner="admin" group="reading-room" mode="755" created="2019-08-20T09:36:11+02:00" modified="2019-10-03T13:42:29+02:00" filename="log.xql" mimetype="application/xquery" blob-id="f8c1cee11ea1f0c2d8763c38bf32584427b04cc55b6c91201d80c318ac2df754">
        <acl entries="0" version="1"/>
    </resource>
    <resource type="BinaryResource" name="translation-status.xql" owner="admin" group="reading-room" mode="755" created="2019-08-20T09:36:11+02:00" modified="2019-12-20T13:16:54+01:00" filename="translation-status.xql" mimetype="application/xquery" blob-id="4ebd01683e13a3cf9c323cb18eb2a90f916bb47c02d8f2e5b518d2ad6f4e13ac">
        <acl entries="0" version="1"/>
    </resource>
    <resource type="BinaryResource" name="glossary.xql" owner="admin" group="reading-room" mode="755" created="2019-08-20T09:36:11+02:00" modified="2019-09-18T11:12:17+02:00" filename="glossary.xql" mimetype="application/xquery" blob-id="1cd08477017c492ef24b59845d9ad6130330aa42341d03a82875c0ae652b49ac">
        <acl entries="0" version="1"/>
    </resource>
    <resource type="BinaryResource" name="translations.xql" owner="admin" group="reading-room" mode="755" created="2019-08-20T09:36:11+02:00" modified="2020-01-09T10:00:03+01:00" filename="translations.xql" mimetype="application/xquery" blob-id="1bc0a7033c91ea03e8eddab45c2b97547c298c3887933808a4a4da8459444cd5">
        <acl entries="0" version="1"/>
    </resource>
    <resource type="BinaryResource" name="store.xql" owner="admin" group="reading-room" mode="755" created="2019-08-20T09:36:11+02:00" modified="2019-12-20T13:13:28+01:00" filename="store.xql" mimetype="application/xquery" blob-id="78b980d86bc8eb1587a40e33c1f3bf921693b0e46b4e5b019f8177747fad02b4">
        <acl entries="0" version="1"/>
    </resource>
    <resource type="BinaryResource" name="search.xql" owner="admin" group="reading-room" mode="755" created="2019-08-20T09:36:11+02:00" modified="2020-01-09T10:04:40+01:00" filename="search.xql" mimetype="application/xquery" blob-id="62c31dc8f33c5aa014453bf0d0f81ed03d3dc1a81d845797ac4daa3db633a54b">
        <acl entries="0" version="1"/>
    </resource>
    <resource type="BinaryResource" name="translation.xql" owner="admin" group="reading-room" mode="755" created="2019-08-20T09:36:11+02:00" modified="2020-01-09T09:41:28+01:00" filename="translation.xql" mimetype="application/xquery" blob-id="3646b5d8704ab016c5e43a6c7ffdc13693b02060bc87d116acda3efaed043fb9">
        <acl entries="0" version="1"/>
    </resource>
</collection>