<collection xmlns="http://exist.sourceforge.net/NS/exist" name="/db/apps/84000-reading-room/modules" owner="admin" group="reading-room" mode="755" created="2019-08-20T09:36:11+02:00" deduplicate-blobs="false" version="2">
    <acl entries="0" version="1"/>
    <resource type="BinaryResource" name="deploy.xql" owner="admin" group="reading-room" mode="755" created="2019-08-20T09:36:11+02:00" modified="2024-05-16T16:17:23+02:00" filename="deploy.xql" mimetype="application/xquery" blob-id="a825568a5ec0611ee09b4d5f1342171a08fb2bcc6496bc991a8c7481abe69fb9">
        <acl entries="0" version="1"/>
    </resource>
    <resource type="BinaryResource" name="tei-content.xql" owner="admin" group="reading-room" mode="755" created="2019-08-20T09:36:11+02:00" modified="2024-03-22T10:04:11+01:00" filename="tei-content.xql" mimetype="application/xquery" blob-id="2f96f21748ac87f7aeba840c66403a68f4e4458f26d29965078f81a8d24cd0b3">
        <acl entries="0" version="1"/>
    </resource>
    <resource type="BinaryResource" name="contributors.xql" owner="admin" group="reading-room" mode="755" created="2019-08-20T09:36:11+02:00" modified="2024-04-12T14:47:49+02:00" filename="contributors.xql" mimetype="application/xquery" blob-id="b9a02b4c89a1d2c505fe7b51e4f06034952234d9e2d4ddfb77c96a988e5b960a">
        <acl entries="0" version="1"/>
    </resource>
    <resource type="BinaryResource" name="store.xql" owner="admin" group="reading-room" mode="755" created="2019-08-20T09:36:11+02:00" modified="2024-05-14T15:04:47+02:00" filename="store.xql" mimetype="application/xquery" blob-id="e4112cf034a6566d8607304c1a4f9914fb003d60760fb4d74db0169751074f85">
        <acl entries="0" version="1"/>
    </resource>
    <resource type="BinaryResource" name="devanagari.xql" owner="admin" group="reading-room" mode="755" created="2024-02-29T09:26:32+01:00" modified="2024-03-15T13:54:36+01:00" filename="devanagari.xql" mimetype="application/xquery" blob-id="552f751465eed2833e46d027690db193f195d0848faf4cbf77b9d0a83ac632ee">
        <acl entries="0" version="1"/>
    </resource>
    <resource type="BinaryResource" name="sponsors.xql" owner="admin" group="reading-room" mode="755" created="2019-08-20T09:36:11+02:00" modified="2024-04-15T09:03:24+02:00" filename="sponsors.xql" mimetype="application/xquery" blob-id="9754fda3181599799dfaecefb9eb795202f99f49a7e67ba96db35ae4f243f13a">
        <acl entries="0" version="1"/>
    </resource>
    <resource type="BinaryResource" name="machine-translation.xql" owner="admin" group="reading-room" mode="755" created="2023-09-14T12:30:54+02:00" modified="2023-11-16T19:14:42+01:00" filename="machine-translation.xql" mimetype="application/xquery" blob-id="ec76f9e73f51441f29ffbeeaeea43b507efbe8fdc683c75cb180f738f64b2d58">
        <acl entries="0" version="1"/>
    </resource>
    <resource type="BinaryResource" name="source.xql" owner="admin" group="reading-room" mode="755" created="2019-08-20T09:36:11+02:00" modified="2024-03-18T11:20:11+01:00" filename="source.xql" mimetype="application/xquery" blob-id="035f14740e09a1f5f0b318a40e7c7516fa78537627f23766bc3cbd696ff1c252">
        <acl entries="0" version="1"/>
    </resource>
    <resource type="BinaryResource" name="download.xql" owner="admin" group="reading-room" mode="755" created="2019-08-20T09:36:11+02:00" modified="2023-11-27T08:51:18+01:00" filename="download.xql" mimetype="application/xquery" blob-id="a67c63ab12f3beb652ebc76813382b5808e316e60282ffeb8ec6bf2614663254">
        <acl entries="0" version="1"/>
    </resource>
    <resource type="BinaryResource" name="section.xql" owner="admin" group="reading-room" mode="755" created="2019-08-20T09:36:11+02:00" modified="2024-05-16T15:09:32+02:00" filename="section.xql" mimetype="application/xquery" blob-id="3120a63ecc0819f3481f0ecb4318160e14895eba06b0d342c4cbff75575cd213">
        <acl entries="0" version="1"/>
    </resource>
    <resource type="BinaryResource" name="sponsorship.xql" owner="admin" group="reading-room" mode="755" created="2019-08-20T09:36:11+02:00" modified="2023-06-30T13:08:03+02:00" filename="sponsorship.xql" mimetype="application/xquery" blob-id="b0bb448fe0e7f9189b1357c5b202cf76cb07559ae4665a9f8337e58741445ea0">
        <acl entries="0" version="1"/>
    </resource>
    <resource type="BinaryResource" name="translations.xql" owner="admin" group="reading-room" mode="755" created="2019-08-20T09:36:11+02:00" modified="2024-01-26T10:38:51+01:00" filename="translations.xql" mimetype="application/xquery" blob-id="a2f894e91b8269fdbc9ff9ecd913b74c4eb6873bd54e3662bd336c4067cb90a2">
        <acl entries="0" version="1"/>
    </resource>
    <resource type="BinaryResource" name="search.xql" owner="admin" group="reading-room" mode="755" created="2019-08-20T09:36:11+02:00" modified="2024-04-10T09:39:31+02:00" filename="search.xql" mimetype="application/xquery" blob-id="4f7f5fcf7283158250b04c628eec10fc6b3330c4e3595667fd742249c50158d5">
        <acl entries="0" version="1"/>
    </resource>
    <resource type="BinaryResource" name="translation.xql" owner="admin" group="reading-room" mode="755" created="2019-08-20T09:36:11+02:00" modified="2024-05-16T14:59:55+02:00" filename="translation.xql" mimetype="application/xquery" blob-id="2932c47491ba73ecc065785982ccf39197f49e490a16f86b81cbc50bc9df3ed6">
        <acl entries="0" version="1"/>
    </resource>
    <resource type="BinaryResource" name="glossary.xql" owner="admin" group="reading-room" mode="755" created="2021-10-21T12:08:09+02:00" modified="2024-05-17T10:31:38+02:00" filename="glossary.xql" mimetype="application/xquery" blob-id="656b99ac2601c2253a3a5797fdaf5179216f0d0edbf4227a789fa443df62e2d9">
        <acl entries="0" version="1"/>
    </resource>
    <resource type="BinaryResource" name="entities.xql" owner="admin" group="reading-room" mode="755" created="2020-02-24T14:34:22+01:00" modified="2024-03-21T10:57:28+01:00" filename="entities.xql" mimetype="application/xquery" blob-id="66f7ba29f69cd812ad038ab9c2141cda76b2b55a610265369f4846d8723c2d34">
        <acl entries="0" version="1"/>
    </resource>
    <resource type="BinaryResource" name="knowledgebase.xql" owner="admin" group="reading-room" mode="755" created="2020-08-17T16:43:11+02:00" modified="2024-01-26T11:47:12+01:00" filename="knowledgebase.xql" mimetype="application/xquery" blob-id="b0468367f512ea6ba506b3e87a885320b8267f5e85e472f49f0f714365f0c854">
        <acl entries="0" version="1"/>
    </resource>
    <resource type="BinaryResource" name="log.xql" owner="admin" group="reading-room" mode="755" created="2019-08-20T09:36:11+02:00" modified="2023-10-16T16:47:57+02:00" filename="log.xql" mimetype="application/xquery" blob-id="000ab254564e1dd8357123251ba3e4a911b20ce2a29382fd4751d579f3094ccc">
        <acl entries="0" version="1"/>
    </resource>
    <resource type="BinaryResource" name="install.xql" owner="admin" group="reading-room" mode="755" created="2019-08-20T09:36:11+02:00" modified="2021-11-03T18:36:39+01:00" filename="install.xql" mimetype="application/xquery" blob-id="55602fc5ebd09cffe1b577588673dba8f882cf8792a7fea516a0bfd58d1b165d">
        <acl entries="0" version="1"/>
    </resource>
    <resource type="BinaryResource" name="levenshtein.xql" owner="admin" group="reading-room" mode="755" created="2022-07-05T14:43:52+02:00" modified="2022-07-05T14:48:03+02:00" filename="levenshtein.xql" mimetype="application/xquery" blob-id="71543b719f78379f8bf9f56e7ebd79fca353e1ddbd523be18e549f4521805d85">
        <acl entries="0" version="1"/>
    </resource>
    <resource type="BinaryResource" name="common.xql" owner="admin" group="reading-room" mode="755" created="2019-08-20T09:36:11+02:00" modified="2024-04-22T14:37:29+02:00" filename="common.xql" mimetype="application/xquery" blob-id="2a296f511ef62ab8353e92e71aafe1de6a4b7738cd080644e774cb2d85c30fd8">
        <acl entries="0" version="1"/>
    </resource>
</collection>