<collection xmlns="http://exist.sourceforge.net/NS/exist" name="/db/apps/84000-reading-room/modules" owner="admin" group="reading-room" mode="755" created="2019-08-20T09:36:11+02:00" deduplicate-blobs="false" version="2">
    <acl entries="0" version="1"/>
    <resource type="BinaryResource" name="translations.xql" owner="admin" group="reading-room" mode="755" created="2019-08-20T09:36:11+02:00" modified="2025-01-03T14:21:24+01:00" filename="translations.xql" mimetype="application/xquery" blob-id="e297e518b43ea4a3664d69d92fae35ad28a6f868695790326e1fd11e83a512f4">
        <acl entries="0" version="1"/>
    </resource>
    <resource type="BinaryResource" name="source.xql" owner="admin" group="reading-room" mode="755" created="2019-08-20T09:36:11+02:00" modified="2024-12-11T09:54:20+01:00" filename="source.xql" mimetype="application/xquery" blob-id="e54c2e2e48af8928eb536104d309873c2a912a9356e5285488b295f9405e466d">
        <acl entries="0" version="1"/>
    </resource>
    <resource type="BinaryResource" name="knowledgebase.xql" owner="admin" group="reading-room" mode="755" created="2020-08-17T16:43:11+02:00" modified="2024-08-09T09:50:18+02:00" filename="knowledgebase.xql" mimetype="application/xquery" blob-id="8838f7c49de1f522d37319fdff58d9901a97f02fe9107447064420e8182ede76">
        <acl entries="0" version="1"/>
    </resource>
    <resource type="BinaryResource" name="contributors.xql" owner="admin" group="reading-room" mode="755" created="2019-08-20T09:36:11+02:00" modified="2024-12-11T10:40:10+01:00" filename="contributors.xql" mimetype="application/xquery" blob-id="9e941c7d07a915d2c4cdf5d08f2726bfe0178d95de7bc72e059e20cdfcfbd271">
        <acl entries="0" version="1"/>
    </resource>
    <resource type="BinaryResource" name="store.xql" owner="admin" group="reading-room" mode="755" created="2019-08-20T09:36:11+02:00" modified="2024-11-13T17:05:45+01:00" filename="store.xql" mimetype="application/xquery" blob-id="0f1effdd183b76da5119fb35d8849f6ae5ccaada92263286daf6d8a209642e75">
        <acl entries="0" version="1"/>
    </resource>
    <resource type="BinaryResource" name="sponsors.xql" owner="admin" group="reading-room" mode="755" created="2019-08-20T09:36:11+02:00" modified="2024-12-11T10:55:29+01:00" filename="sponsors.xql" mimetype="application/xquery" blob-id="4df37220370f54b1d7df0950dd3dda26cc4ed6612ffe56db28d3a3da883107ef">
        <acl entries="0" version="1"/>
    </resource>
    <resource type="BinaryResource" name="glossary.xql" owner="admin" group="reading-room" mode="755" created="2021-10-21T12:08:09+02:00" modified="2024-09-08T07:50:37+02:00" filename="glossary.xql" mimetype="application/xquery" blob-id="5bb9e51a9c441e2d23bb6af734d0fff9c35d8a0005e9eca0a956e04ad120cb86">
        <acl entries="0" version="1"/>
    </resource>
    <resource type="BinaryResource" name="search.xql" owner="admin" group="reading-room" mode="755" created="2019-08-20T09:36:11+02:00" modified="2024-11-21T13:02:43+01:00" filename="search.xql" mimetype="application/xquery" blob-id="74f67aa1cc8f9fa32d07661b0067e056e46800e633a923dea313ea748d7305fb">
        <acl entries="0" version="1"/>
    </resource>
    <resource type="BinaryResource" name="tei-content.xql" owner="admin" group="reading-room" mode="755" created="2019-08-20T09:36:11+02:00" modified="2024-10-23T10:59:12+02:00" filename="tei-content.xql" mimetype="application/xquery" blob-id="b03870d120155c9d00fdc506c5f7f17b4aa206b4327193acfb1dec89ef574950">
        <acl entries="0" version="1"/>
    </resource>
    <resource type="BinaryResource" name="entities.xql" owner="admin" group="reading-room" mode="755" created="2020-02-24T14:34:22+01:00" modified="2024-09-04T17:02:59+02:00" filename="entities.xql" mimetype="application/xquery" blob-id="5d6d580a968193e9738a067894c340a1eeb4062f5aaf30273e6ca19fb51adfd6">
        <acl entries="0" version="1"/>
    </resource>
    <resource type="BinaryResource" name="translation.xql" owner="admin" group="reading-room" mode="755" created="2019-08-20T09:36:11+02:00" modified="2024-11-26T15:53:15+01:00" filename="translation.xql" mimetype="application/xquery" blob-id="946f1af0415df6c2aa8ac17019bf165de8633cb0b48b8e0ffa614172f134c3aa">
        <acl entries="0" version="1"/>
    </resource>
    <resource type="BinaryResource" name="devanagari.xql" owner="admin" group="reading-room" mode="755" created="2024-02-29T09:26:32+01:00" modified="2024-03-15T13:54:36+01:00" filename="devanagari.xql" mimetype="application/xquery" blob-id="552f751465eed2833e46d027690db193f195d0848faf4cbf77b9d0a83ac632ee">
        <acl entries="0" version="1"/>
    </resource>
    <resource type="BinaryResource" name="machine-translation.xql" owner="admin" group="reading-room" mode="755" created="2023-09-14T12:30:54+02:00" modified="2023-11-16T19:14:42+01:00" filename="machine-translation.xql" mimetype="application/xquery" blob-id="ec76f9e73f51441f29ffbeeaeea43b507efbe8fdc683c75cb180f738f64b2d58">
        <acl entries="0" version="1"/>
    </resource>
    <resource type="BinaryResource" name="sponsorship.xql" owner="admin" group="reading-room" mode="755" created="2019-08-20T09:36:11+02:00" modified="2023-06-30T13:08:03+02:00" filename="sponsorship.xql" mimetype="application/xquery" blob-id="b0bb448fe0e7f9189b1357c5b202cf76cb07559ae4665a9f8337e58741445ea0">
        <acl entries="0" version="1"/>
    </resource>
    <resource type="BinaryResource" name="log.xql" owner="admin" group="reading-room" mode="755" created="2019-08-20T09:36:11+02:00" modified="2023-10-16T16:47:57+02:00" filename="log.xql" mimetype="application/xquery" blob-id="000ab254564e1dd8357123251ba3e4a911b20ce2a29382fd4751d579f3094ccc">
        <acl entries="0" version="1"/>
    </resource>
    <resource type="BinaryResource" name="section.xql" owner="admin" group="reading-room" mode="755" created="2019-08-20T09:36:11+02:00" modified="2024-06-28T12:09:05+02:00" filename="section.xql" mimetype="application/xquery" blob-id="190a1b61d37d58120239358d6ff44d88ea1aff79181134019e20ffe1adefe27e">
        <acl entries="0" version="1"/>
    </resource>
    <resource type="BinaryResource" name="install.xql" owner="admin" group="reading-room" mode="755" created="2019-08-20T09:36:11+02:00" modified="2021-11-03T18:36:39+01:00" filename="install.xql" mimetype="application/xquery" blob-id="55602fc5ebd09cffe1b577588673dba8f882cf8792a7fea516a0bfd58d1b165d">
        <acl entries="0" version="1"/>
    </resource>
    <resource type="BinaryResource" name="levenshtein.xql" owner="admin" group="reading-room" mode="755" created="2022-07-05T14:43:52+02:00" modified="2022-07-05T14:48:03+02:00" filename="levenshtein.xql" mimetype="application/xquery" blob-id="71543b719f78379f8bf9f56e7ebd79fca353e1ddbd523be18e549f4521805d85">
        <acl entries="0" version="1"/>
    </resource>
    <resource type="BinaryResource" name="common.xql" owner="admin" group="reading-room" mode="755" created="2019-08-20T09:36:11+02:00" modified="2024-08-02T16:48:59+02:00" filename="common.xql" mimetype="application/xquery" blob-id="3bf3bb1c5c11413dfa8150b227721368fd7c9f71e963d1a344d4340815f3ac5a">
        <acl entries="0" version="1"/>
    </resource>
    <resource type="BinaryResource" name="deploy.xql" owner="admin" group="reading-room" mode="755" created="2019-08-20T09:36:11+02:00" modified="2024-12-10T15:10:02+01:00" filename="deploy.xql" mimetype="application/xquery" blob-id="b78275061c1971cc839bebd75dca9500236a8cf49352a3c5307265302423aa39">
        <acl entries="0" version="1"/>
    </resource>
</collection>