<collection xmlns="http://exist.sourceforge.net/NS/exist" name="/db/apps/84000-reading-room/modules" owner="admin" group="reading-room" mode="755" created="2019-08-20T09:36:11+02:00" deduplicate-blobs="false" version="2">
    <acl entries="0" version="1"/>
    <resource type="BinaryResource" name="search.xql" owner="admin" group="reading-room" mode="755" created="2019-08-20T09:36:11+02:00" modified="2021-11-25T13:02:57+01:00" filename="search.xql" mimetype="application/xquery" blob-id="2e0e5ca9c3c816833e60b919b0c6c57c5b7f76e73bb376bf499d169ab4e8970a">
        <acl entries="0" version="1"/>
    </resource>
    <resource type="BinaryResource" name="sponsors.xql" owner="admin" group="reading-room" mode="755" created="2019-08-20T09:36:11+02:00" modified="2022-01-03T12:08:28+01:00" filename="sponsors.xql" mimetype="application/xquery" blob-id="165379cf3b59756b4f9d75d352a5ec6e08280567e3ad3a5669be2473a4cc24d2">
        <acl entries="0" version="1"/>
    </resource>
    <resource type="BinaryResource" name="translation.xql" owner="admin" group="reading-room" mode="755" created="2019-08-20T09:36:11+02:00" modified="2022-01-19T12:02:02+01:00" filename="translation.xql" mimetype="application/xquery" blob-id="2178bd936f67df54aabad9ff7f0f586b1b97bc80f927ca2e6bf925ca31ef9106">
        <acl entries="0" version="1"/>
    </resource>
    <resource type="BinaryResource" name="section.xql" owner="admin" group="reading-room" mode="755" created="2019-08-20T09:36:11+02:00" modified="2022-01-19T12:20:20+01:00" filename="section.xql" mimetype="application/xquery" blob-id="5d99b4b867ca19d04996c6f806c3c4dbfa295c19cb163b93cec674ff51fa9d27">
        <acl entries="0" version="1"/>
    </resource>
    <resource type="BinaryResource" name="contributors.xql" owner="admin" group="reading-room" mode="755" created="2019-08-20T09:36:11+02:00" modified="2021-09-27T11:01:38+02:00" filename="contributors.xql" mimetype="application/xquery" blob-id="0452ad2a5e4c79a3b89cca8b40fa8557bc54288c48f3fdca3bcde05705796124">
        <acl entries="0" version="1"/>
    </resource>
    <resource type="BinaryResource" name="knowledgebase.xql" owner="admin" group="reading-room" mode="755" created="2020-08-17T16:43:11+02:00" modified="2022-01-14T12:56:31+01:00" filename="knowledgebase.xql" mimetype="application/xquery" blob-id="cfb4449aa8159545e51f7dad4fd57bfeaf20ef17da529d7824233ae0aa8a813e">
        <acl entries="0" version="1"/>
    </resource>
    <resource type="BinaryResource" name="store.xql" owner="admin" group="reading-room" mode="755" created="2019-08-20T09:36:11+02:00" modified="2022-01-21T11:33:17+01:00" filename="store.xql" mimetype="application/xquery" blob-id="d957443c74c4737a0e10da6b96d0d4f5c6bcea101f347c3f6ba46c4cad5a6e26">
        <acl entries="0" version="1"/>
    </resource>
    <resource type="BinaryResource" name="install.xql" owner="admin" group="reading-room" mode="755" created="2019-08-20T09:36:11+02:00" modified="2021-11-03T18:36:39+01:00" filename="install.xql" mimetype="application/xquery" blob-id="55602fc5ebd09cffe1b577588673dba8f882cf8792a7fea516a0bfd58d1b165d">
        <acl entries="0" version="1"/>
    </resource>
    <resource type="BinaryResource" name="entities.xql" owner="admin" group="reading-room" mode="755" created="2020-02-24T14:34:22+01:00" modified="2022-01-14T15:12:20+01:00" filename="entities.xql" mimetype="application/xquery" blob-id="ade397d4d20fd6036f62900ba721b03710db447f841cf6a56be674dd79f589c5">
        <acl entries="0" version="1"/>
    </resource>
    <resource type="BinaryResource" name="tei-content.xql" owner="admin" group="reading-room" mode="755" created="2019-08-20T09:36:11+02:00" modified="2022-02-07T18:41:05+01:00" filename="tei-content.xql" mimetype="application/xquery" blob-id="bc7bbb86235fcff6cface96bd24d69ccd6ddab59fab9f72da4cd11f57368e13c">
        <acl entries="0" version="1"/>
    </resource>
    <resource type="BinaryResource" name="translations.xql" owner="admin" group="reading-room" mode="755" created="2019-08-20T09:36:11+02:00" modified="2022-01-17T12:43:01+01:00" filename="translations.xql" mimetype="application/xquery" blob-id="25d7b9d4b1371c23497e58b6c6760d467401d31c3a6faf165b746493535ae8dc">
        <acl entries="0" version="1"/>
    </resource>
    <resource type="BinaryResource" name="glossary.xql" owner="admin" group="reading-room" mode="755" created="2021-10-21T12:08:09+02:00" modified="2022-02-08T11:28:38+01:00" filename="glossary.xql" mimetype="application/xquery" blob-id="eeae03e478c4eb7978831929de827f1f781661a984b007bcade8e93bb6ee9b05">
        <acl entries="0" version="1"/>
    </resource>
    <resource type="BinaryResource" name="common.xql" owner="admin" group="reading-room" mode="755" created="2019-08-20T09:36:11+02:00" modified="2022-02-08T12:44:53+01:00" filename="common.xql" mimetype="application/xquery" blob-id="b731d1e1a22a72118291e39b4ee31ef1b7b48d511c836bb5ba0d9c0fdc9267db">
        <acl entries="0" version="1"/>
    </resource>
    <resource type="BinaryResource" name="source.xql" owner="admin" group="reading-room" mode="755" created="2019-08-20T09:36:11+02:00" modified="2021-09-01T12:44:55+02:00" filename="source.xql" mimetype="application/xquery" blob-id="c5dc60f4577e1b54792f7ab8747d68ccd34c6d86850c1933d813be7d7cb90002">
        <acl entries="0" version="1"/>
    </resource>
    <resource type="BinaryResource" name="download.xql" owner="admin" group="reading-room" mode="755" created="2019-08-20T09:36:11+02:00" modified="2021-08-27T11:10:35+02:00" filename="download.xql" mimetype="application/xquery" blob-id="a697093aad9a11ab9e408e244d72e372736efd6a4533d5c3eae29c9855a211ee">
        <acl entries="0" version="1"/>
    </resource>
    <resource type="BinaryResource" name="log.xql" owner="admin" group="reading-room" mode="755" created="2019-08-20T09:36:11+02:00" modified="2021-07-29T15:25:56+02:00" filename="log.xql" mimetype="application/xquery" blob-id="b39987db81cd0aef3646399fd765343f94bdec4db989443faa95033e2f021e90">
        <acl entries="0" version="1"/>
    </resource>
    <resource type="BinaryResource" name="sponsorship.xql" owner="admin" group="reading-room" mode="755" created="2019-08-20T09:36:11+02:00" modified="2021-07-29T15:26:07+02:00" filename="sponsorship.xql" mimetype="application/xquery" blob-id="4458d369c0c587092dba6df8b8aff0e3b40fd86468c31080f7a1f61ead786180">
        <acl entries="0" version="1"/>
    </resource>
    <resource type="BinaryResource" name="deploy.xql" owner="admin" group="reading-room" mode="755" created="2019-08-20T09:36:11+02:00" modified="2021-11-15T16:14:00+01:00" filename="deploy.xql" mimetype="application/xquery" blob-id="0202ff8579008de4682cdd82782f5d2cc6426a6ed3eb47afe16b7876cf601607">
        <acl entries="0" version="1"/>
    </resource>
</collection>