<collection xmlns="http://exist.sourceforge.net/NS/exist" name="/db/apps/84000-reading-room/modules" owner="admin" group="reading-room" mode="755" created="2019-08-20T09:36:11+02:00" deduplicate-blobs="false" version="2">
    <acl entries="0" version="1"/>
    <resource type="BinaryResource" name="translation.xql" owner="admin" group="reading-room" mode="755" created="2019-08-20T09:36:11+02:00" modified="2023-03-28T11:04:31+02:00" filename="translation.xql" mimetype="application/xquery" blob-id="ea5197b42671d11ca3946d1680b9d2d3b5c27d06065241859365c6e97b6a4f29">
        <acl entries="0" version="1"/>
    </resource>
    <resource type="BinaryResource" name="sponsors.xql" owner="admin" group="reading-room" mode="755" created="2019-08-20T09:36:11+02:00" modified="2023-03-16T09:47:22+01:00" filename="sponsors.xql" mimetype="application/xquery" blob-id="c409357d89cbd2d30716ff12c709601261059310079029075f5e2f461dd5d4f1">
        <acl entries="0" version="1"/>
    </resource>
    <resource type="BinaryResource" name="knowledgebase.xql" owner="admin" group="reading-room" mode="755" created="2020-08-17T16:43:11+02:00" modified="2023-03-16T10:10:54+01:00" filename="knowledgebase.xql" mimetype="application/xquery" blob-id="c5a28277f76bcbae377a22920b44993c7ce9ebffd918e8174b9db586256f895b">
        <acl entries="0" version="1"/>
    </resource>
    <resource type="BinaryResource" name="entities.xql" owner="admin" group="reading-room" mode="755" created="2020-02-24T14:34:22+01:00" modified="2023-03-16T10:11:48+01:00" filename="entities.xql" mimetype="application/xquery" blob-id="b0cda949f173bd49eee337248284889b98d272351fe32f29448a810a9462c7b7">
        <acl entries="0" version="1"/>
    </resource>
    <resource type="BinaryResource" name="search.xql" owner="admin" group="reading-room" mode="755" created="2019-08-20T09:36:11+02:00" modified="2023-03-16T10:27:38+01:00" filename="search.xql" mimetype="application/xquery" blob-id="7ca2e92c40655129c894493e2ec561bdb0999202db89782f75ec692e286eaaf7">
        <acl entries="0" version="1"/>
    </resource>
    <resource type="BinaryResource" name="section.xql" owner="admin" group="reading-room" mode="755" created="2019-08-20T09:36:11+02:00" modified="2023-03-16T10:36:59+01:00" filename="section.xql" mimetype="application/xquery" blob-id="e664f2161ff67ac1b36e0d581fbab1557a421e19e41b14e6265152b3b0caa689">
        <acl entries="0" version="1"/>
    </resource>
    <resource type="BinaryResource" name="store.xql" owner="admin" group="reading-room" mode="755" created="2019-08-20T09:36:11+02:00" modified="2023-01-25T15:28:34+01:00" filename="store.xql" mimetype="application/xquery" blob-id="4d0166e77d4c2315d47c2b5f76945c15ab0c04bae530f9dcb95b7bdfb9ebe41f">
        <acl entries="0" version="1"/>
    </resource>
    <resource type="BinaryResource" name="install.xql" owner="admin" group="reading-room" mode="755" created="2019-08-20T09:36:11+02:00" modified="2021-11-03T18:36:39+01:00" filename="install.xql" mimetype="application/xquery" blob-id="55602fc5ebd09cffe1b577588673dba8f882cf8792a7fea516a0bfd58d1b165d">
        <acl entries="0" version="1"/>
    </resource>
    <resource type="BinaryResource" name="translations.xql" owner="admin" group="reading-room" mode="755" created="2019-08-20T09:36:11+02:00" modified="2023-03-16T12:00:01+01:00" filename="translations.xql" mimetype="application/xquery" blob-id="a91367e17e2cc8075af6468bd24207bcabef0296083707721b6196edce3bdca0">
        <acl entries="0" version="1"/>
    </resource>
    <resource type="BinaryResource" name="source.xql" owner="admin" group="reading-room" mode="755" created="2019-08-20T09:36:11+02:00" modified="2023-03-10T14:28:37+01:00" filename="source.xql" mimetype="application/xquery" blob-id="dc4977c1e185252e59eda0a4b57b35ceda5abc43e1b2db12a81fa7cfd72f6e97">
        <acl entries="0" version="1"/>
    </resource>
    <resource type="BinaryResource" name="log.xql" owner="admin" group="reading-room" mode="755" created="2019-08-20T09:36:11+02:00" modified="2022-12-16T13:22:20+01:00" filename="log.xql" mimetype="application/xquery" blob-id="8e84ccb4b6612e27182e83a6c5d20183aaf929171e376e5b9979559646fee834">
        <acl entries="0" version="1"/>
    </resource>
    <resource type="BinaryResource" name="deploy.xql" owner="admin" group="reading-room" mode="755" created="2019-08-20T09:36:11+02:00" modified="2023-03-14T14:23:31+01:00" filename="deploy.xql" mimetype="application/xquery" blob-id="25e7179f7c942c4138a4c31eaf98e321407e30ac15b10411ec5165a7ea765092">
        <acl entries="0" version="1"/>
    </resource>
    <resource type="BinaryResource" name="common.xql" owner="admin" group="reading-room" mode="755" created="2019-08-20T09:36:11+02:00" modified="2023-03-21T15:21:13+01:00" filename="common.xql" mimetype="application/xquery" blob-id="f8e6855aba7ce2d93a0dd280d0301d27b32c80295b95f5f56ff88994123cef55">
        <acl entries="0" version="1"/>
    </resource>
    <resource type="BinaryResource" name="download.xql" owner="admin" group="reading-room" mode="755" created="2019-08-20T09:36:11+02:00" modified="2021-08-27T11:10:35+02:00" filename="download.xql" mimetype="application/xquery" blob-id="a697093aad9a11ab9e408e244d72e372736efd6a4533d5c3eae29c9855a211ee">
        <acl entries="0" version="1"/>
    </resource>
    <resource type="BinaryResource" name="levenshtein.xql" owner="admin" group="dba" mode="664" created="2022-07-05T14:43:52+02:00" modified="2022-07-05T14:48:03+02:00" filename="levenshtein.xql" mimetype="application/xquery" blob-id="71543b719f78379f8bf9f56e7ebd79fca353e1ddbd523be18e549f4521805d85">
        <acl entries="0" version="1"/>
    </resource>
    <resource type="BinaryResource" name="sponsorship.xql" owner="admin" group="reading-room" mode="755" created="2019-08-20T09:36:11+02:00" modified="2021-07-29T15:26:07+02:00" filename="sponsorship.xql" mimetype="application/xquery" blob-id="4458d369c0c587092dba6df8b8aff0e3b40fd86468c31080f7a1f61ead786180">
        <acl entries="0" version="1"/>
    </resource>
    <resource type="BinaryResource" name="tei-content.xql" owner="admin" group="reading-room" mode="755" created="2019-08-20T09:36:11+02:00" modified="2023-03-24T16:50:52+01:00" filename="tei-content.xql" mimetype="application/xquery" blob-id="f0576c08ff0d593154aae80767fc0aacd94db8d03083b00fdaac6d9ae543080a">
        <acl entries="0" version="1"/>
    </resource>
    <resource type="BinaryResource" name="contributors.xql" owner="admin" group="reading-room" mode="755" created="2019-08-20T09:36:11+02:00" modified="2023-03-27T12:13:12+02:00" filename="contributors.xql" mimetype="application/xquery" blob-id="6fc6c9891dfec5d1bc29c4ed964cda3b2514f032d6e07f5c16fb1b781314899e">
        <acl entries="0" version="1"/>
    </resource>
    <resource type="BinaryResource" name="glossary.xql" owner="admin" group="reading-room" mode="755" created="2021-10-21T12:08:09+02:00" modified="2023-03-27T14:02:58+02:00" filename="glossary.xql" mimetype="application/xquery" blob-id="4c3a42b1a9418b507d9cef980500d238d6cc86d6461cd10041b4c35cc75b8cee">
        <acl entries="0" version="1"/>
    </resource>
</collection>