<collection xmlns="http://exist.sourceforge.net/NS/exist" name="/db/apps/84000-reading-room/modules" owner="admin" group="reading-room" mode="755" created="2019-08-20T09:36:11+02:00" deduplicate-blobs="false" version="2">
    <acl entries="0" version="1"/>
    <resource type="BinaryResource" name="translation-status.xql" owner="admin" group="reading-room" mode="755" created="2019-08-20T09:36:11+02:00" modified="2019-11-26T11:42:43+01:00" filename="translation-status.xql" mimetype="application/xquery" blob-id="bf57a5ccbd5a8dec0880e01b55cf38a5bc57dd11f7c44e2f5d69ea6f32fa6ea0">
        <acl entries="0" version="1"/>
    </resource>
    <resource type="BinaryResource" name="tei-content.xql" owner="admin" group="reading-room" mode="755" created="2019-08-20T09:36:11+02:00" modified="2019-11-08T09:53:03+01:00" filename="tei-content.xql" mimetype="application/xquery" blob-id="51ee21d9c78543dafc9d2e0c784a5dd6382e91f6c982a6de8ef1d0bd0b6a9750">
        <acl entries="0" version="1"/>
    </resource>
    <resource type="BinaryResource" name="download.xql" owner="admin" group="reading-room" mode="755" created="2019-08-20T09:36:11+02:00" modified="2019-10-24T15:23:32+02:00" filename="download.xql" mimetype="application/xquery" blob-id="a475a98241ad79414bef8689b7562e034071edc9b3d4ce95efdb1b2a11fa242c">
        <acl entries="0" version="1"/>
    </resource>
    <resource type="BinaryResource" name="source.xql" owner="admin" group="reading-room" mode="755" created="2019-08-20T09:36:11+02:00" modified="2019-09-30T12:59:26+02:00" filename="source.xql" mimetype="application/xquery" blob-id="268aa283f98176593f342db374d0eae0a9066f812beffcc80a89f9213a84747e">
        <acl entries="0" version="1"/>
    </resource>
    <resource type="BinaryResource" name="deploy.xql" owner="admin" group="reading-room" mode="755" created="2019-08-20T09:36:11+02:00" modified="2019-12-11T14:39:00+01:00" filename="deploy.xql" mimetype="application/xquery" blob-id="5a393aeee8ed50cc3d609b5898eb0d3621ee84ba560d7338591853b1a7060d58">
        <acl entries="0" version="1"/>
    </resource>
    <resource type="BinaryResource" name="search.xql" owner="admin" group="reading-room" mode="755" created="2019-08-20T09:36:11+02:00" modified="2019-11-28T13:03:09+01:00" filename="search.xql" mimetype="application/xquery" blob-id="1b60bb99a62e0b9233b94db0968a70ff637b6e6d93fb1c4a62ec388e65c3960e">
        <acl entries="0" version="1"/>
    </resource>
    <resource type="BinaryResource" name="sponsors.xql" owner="admin" group="reading-room" mode="755" created="2019-08-20T09:36:11+02:00" modified="2019-11-20T15:30:25+01:00" filename="sponsors.xql" mimetype="application/xquery" blob-id="1d137400736a01acc5775897d0c77247c7d87b18d40271448489393cc506f5fc">
        <acl entries="0" version="1"/>
    </resource>
    <resource type="BinaryResource" name="store.xql" owner="admin" group="reading-room" mode="755" created="2019-08-20T09:36:11+02:00" modified="2019-12-02T12:44:10+01:00" filename="store.xql" mimetype="application/xquery" blob-id="64312cd2218de6312c7fbc476cf36d1c5924501f378ac839e7fbaf776ffcbb45">
        <acl entries="0" version="1"/>
    </resource>
    <resource type="BinaryResource" name="contributors.xql" owner="admin" group="reading-room" mode="755" created="2019-08-20T09:36:11+02:00" modified="2019-11-15T13:33:36+01:00" filename="contributors.xql" mimetype="application/xquery" blob-id="1b778b16274d7873ca4e03fcd76aea43c5a84155eee6e769421a61a3f5258e3b">
        <acl entries="0" version="1"/>
    </resource>
    <resource type="BinaryResource" name="sponsorship.xql" owner="admin" group="reading-room" mode="755" created="2019-08-20T09:36:11+02:00" modified="2019-12-04T16:41:54+01:00" filename="sponsorship.xql" mimetype="application/xquery" blob-id="2790d53253e4bf99edc31417bc7238fc2db6dbeeeb7a1613e11e39f9d2b64a0a">
        <acl entries="0" version="1"/>
    </resource>
    <resource type="BinaryResource" name="install.xql" owner="admin" group="reading-room" mode="755" created="2019-08-20T09:36:11+02:00" modified="2019-10-01T10:32:51+02:00" filename="install.xql" mimetype="application/xquery" blob-id="f1161080803449aed0f969a614169adc9179543849f56c5f36b6992ff65c28b3">
        <acl entries="0" version="1"/>
    </resource>
    <resource type="BinaryResource" name="translations.xql" owner="admin" group="reading-room" mode="755" created="2019-08-20T09:36:11+02:00" modified="2019-12-10T16:28:19+01:00" filename="translations.xql" mimetype="application/xquery" blob-id="9f00b19f8101e99fb09e3afda4f5fd26a781f1c8770759e15de5cf62e3b5ef15">
        <acl entries="0" version="1"/>
    </resource>
    <resource type="BinaryResource" name="log.xql" owner="admin" group="reading-room" mode="755" created="2019-08-20T09:36:11+02:00" modified="2019-10-03T13:42:29+02:00" filename="log.xql" mimetype="application/xquery" blob-id="f8c1cee11ea1f0c2d8763c38bf32584427b04cc55b6c91201d80c318ac2df754">
        <acl entries="0" version="1"/>
    </resource>
    <resource type="BinaryResource" name="section.xql" owner="admin" group="reading-room" mode="755" created="2019-08-20T09:36:11+02:00" modified="2019-10-02T09:49:46+02:00" filename="section.xql" mimetype="application/xquery" blob-id="57edfa05d0df341061a9dc81cd0f2aef77861405443f058d312d3e99117ceae4">
        <acl entries="0" version="1"/>
    </resource>
    <resource type="BinaryResource" name="glossary.xql" owner="admin" group="reading-room" mode="755" created="2019-08-20T09:36:11+02:00" modified="2019-09-18T11:12:17+02:00" filename="glossary.xql" mimetype="application/xquery" blob-id="1cd08477017c492ef24b59845d9ad6130330aa42341d03a82875c0ae652b49ac">
        <acl entries="0" version="1"/>
    </resource>
    <resource type="BinaryResource" name="common.xql" owner="admin" group="reading-room" mode="755" created="2019-08-20T09:36:11+02:00" modified="2019-12-04T16:43:56+01:00" filename="common.xql" mimetype="application/xquery" blob-id="c6a5091e21240cc5d9798552f1a6003b651a61d6cb030d24c1fae9508ff492f0">
        <acl entries="0" version="1"/>
    </resource>
    <resource type="BinaryResource" name="translation.xql" owner="admin" group="reading-room" mode="755" created="2019-08-20T09:36:11+02:00" modified="2019-11-18T18:23:05+01:00" filename="translation.xql" mimetype="application/xquery" blob-id="9dd561a33e87425f342c0398c96047cfe46ec770f4cf8210a14f4d8fe6f2923a">
        <acl entries="0" version="1"/>
    </resource>
</collection>