<collection xmlns="http://exist.sourceforge.net/NS/exist" name="/db/apps/84000-reading-room/modules" owner="admin" group="reading-room" mode="755" created="2019-08-20T09:36:11+02:00" deduplicate-blobs="false" version="2">
    <acl entries="0" version="1"/>
    <resource type="BinaryResource" name="source.xql" owner="admin" group="reading-room" mode="755" created="2019-08-20T09:36:11+02:00" modified="2023-10-04T09:36:25+02:00" filename="source.xql" mimetype="application/xquery" blob-id="b46ad79a2727f3cbff57d791cd1fb6e73a344fbb66976bbe7c6fd9da3c740e95">
        <acl entries="0" version="1"/>
    </resource>
    <resource type="BinaryResource" name="knowledgebase.xql" owner="admin" group="reading-room" mode="755" created="2020-08-17T16:43:11+02:00" modified="2023-08-02T13:18:28+02:00" filename="knowledgebase.xql" mimetype="application/xquery" blob-id="fc0fdca492b219532e635891329dbd1143da977c0e7b56f3d57adcb5b21f63fd">
        <acl entries="0" version="1"/>
    </resource>
    <resource type="BinaryResource" name="search.xql" owner="admin" group="reading-room" mode="755" created="2019-08-20T09:36:11+02:00" modified="2023-09-28T15:00:02+02:00" filename="search.xql" mimetype="application/xquery" blob-id="24f4c586ae197ff463084fbd9ab9244facbc3fcee402362d16b01f0253b5d5f3">
        <acl entries="0" version="1"/>
    </resource>
    <resource type="BinaryResource" name="section.xql" owner="admin" group="reading-room" mode="755" created="2019-08-20T09:36:11+02:00" modified="2023-09-04T12:47:21+02:00" filename="section.xql" mimetype="application/xquery" blob-id="cb86b1ce2ad37b005bb12cbbe8aac62b1029e6cf2695fee79d5c1ca940eb00eb">
        <acl entries="0" version="1"/>
    </resource>
    <resource type="BinaryResource" name="translation.xql" owner="admin" group="reading-room" mode="755" created="2019-08-20T09:36:11+02:00" modified="2023-10-04T08:59:24+02:00" filename="translation.xql" mimetype="application/xquery" blob-id="a04e4e99f702e4fd6361389c7816c2fe3ba7b5abcbacf29288040db745de9a9f">
        <acl entries="0" version="1"/>
    </resource>
    <resource type="BinaryResource" name="contributors.xql" owner="admin" group="reading-room" mode="755" created="2019-08-20T09:36:11+02:00" modified="2023-09-07T11:04:28+02:00" filename="contributors.xql" mimetype="application/xquery" blob-id="66c5d46ee29a1ffa8e427cb4a0c1e4cb8d81894a24fe8dfdd7126ef01f8450dc">
        <acl entries="0" version="1"/>
    </resource>
    <resource type="BinaryResource" name="sponsorship.xql" owner="admin" group="reading-room" mode="755" created="2019-08-20T09:36:11+02:00" modified="2023-06-30T13:08:03+02:00" filename="sponsorship.xql" mimetype="application/xquery" blob-id="b0bb448fe0e7f9189b1357c5b202cf76cb07559ae4665a9f8337e58741445ea0">
        <acl entries="0" version="1"/>
    </resource>
    <resource type="BinaryResource" name="sponsors.xql" owner="admin" group="reading-room" mode="755" created="2019-08-20T09:36:11+02:00" modified="2023-07-06T09:51:20+02:00" filename="sponsors.xql" mimetype="application/xquery" blob-id="7349ba5320efb634e47bc6a5d912495b1965cebcbbd897383b48a1c5a4a11115">
        <acl entries="0" version="1"/>
    </resource>
    <resource type="BinaryResource" name="deploy.xql" owner="admin" group="reading-room" mode="755" created="2019-08-20T09:36:11+02:00" modified="2023-05-16T09:18:26+02:00" filename="deploy.xql" mimetype="application/xquery" blob-id="c742eaae77200e73e697d4dae6553bb16f67918b1c6261f7c3c7ea6a2fb093df">
        <acl entries="0" version="1"/>
    </resource>
    <resource type="BinaryResource" name="tei-content.xql" owner="admin" group="reading-room" mode="755" created="2019-08-20T09:36:11+02:00" modified="2023-09-20T10:25:01+02:00" filename="tei-content.xql" mimetype="application/xquery" blob-id="2dcf50e6d3853a4957b3ba5c2984b4016cbb59022751829deaa0fd5b98935e30">
        <acl entries="0" version="1"/>
    </resource>
    <resource type="BinaryResource" name="translations.xql" owner="admin" group="reading-room" mode="755" created="2019-08-20T09:36:11+02:00" modified="2023-07-27T13:42:42+02:00" filename="translations.xql" mimetype="application/xquery" blob-id="e88dbd0f54b5cf9e06db1ba09dedf1a1bf6baac67c380de4aae2e2dc3b8ebcaf">
        <acl entries="0" version="1"/>
    </resource>
    <resource type="BinaryResource" name="common.xql" owner="admin" group="reading-room" mode="755" created="2019-08-20T09:36:11+02:00" modified="2023-09-22T14:22:54+02:00" filename="common.xql" mimetype="application/xquery" blob-id="dc5f96e47fe5527c062f40de2f426520b38d333bb34c530471da796780d9ed35">
        <acl entries="0" version="1"/>
    </resource>
    <resource type="BinaryResource" name="glossary.xql" owner="admin" group="reading-room" mode="755" created="2021-10-21T12:08:09+02:00" modified="2023-09-22T14:28:11+02:00" filename="glossary.xql" mimetype="application/xquery" blob-id="723b60c26fdd6bfacce16ad81bcfc4fa9e1d553cd47b161b51c302f2e74945a8">
        <acl entries="0" version="1"/>
    </resource>
    <resource type="BinaryResource" name="entities.xql" owner="admin" group="reading-room" mode="755" created="2020-02-24T14:34:22+01:00" modified="2023-09-22T14:42:49+02:00" filename="entities.xql" mimetype="application/xquery" blob-id="a6e48873ea94e3775165ee033ca73d9cc17a3a97260ecb3730d8b858144a201d">
        <acl entries="0" version="1"/>
    </resource>
    <resource type="BinaryResource" name="install.xql" owner="admin" group="reading-room" mode="755" created="2019-08-20T09:36:11+02:00" modified="2021-11-03T18:36:39+01:00" filename="install.xql" mimetype="application/xquery" blob-id="55602fc5ebd09cffe1b577588673dba8f882cf8792a7fea516a0bfd58d1b165d">
        <acl entries="0" version="1"/>
    </resource>
    <resource type="BinaryResource" name="log.xql" owner="admin" group="reading-room" mode="755" created="2019-08-20T09:36:11+02:00" modified="2022-12-16T13:22:20+01:00" filename="log.xql" mimetype="application/xquery" blob-id="8e84ccb4b6612e27182e83a6c5d20183aaf929171e376e5b9979559646fee834">
        <acl entries="0" version="1"/>
    </resource>
    <resource type="BinaryResource" name="levenshtein.xql" owner="admin" group="dba" mode="664" created="2022-07-05T14:43:52+02:00" modified="2022-07-05T14:48:03+02:00" filename="levenshtein.xql" mimetype="application/xquery" blob-id="71543b719f78379f8bf9f56e7ebd79fca353e1ddbd523be18e549f4521805d85">
        <acl entries="0" version="1"/>
    </resource>
    <resource type="BinaryResource" name="machine-translation.xql" owner="admin" group="reading-room" mode="755" created="2023-09-14T12:30:54+02:00" modified="2023-09-22T16:49:34+02:00" filename="machine-translation.xql" mimetype="application/xquery" blob-id="3259edab5a47967bac56fab9989d74aa017a4cd6fae6fe00bb179140d30135ca">
        <acl entries="0" version="1"/>
    </resource>
    <resource type="BinaryResource" name="download.xql" owner="admin" group="reading-room" mode="755" created="2019-08-20T09:36:11+02:00" modified="2023-06-23T13:36:57+02:00" filename="download.xql" mimetype="application/xquery" blob-id="7e37f0adcefb54aebc05ce2220ebd7b01abe1aff73ab3f0246fd0ca0ea3cfff4">
        <acl entries="0" version="1"/>
    </resource>
    <resource type="BinaryResource" name="store.xql" owner="admin" group="reading-room" mode="755" created="2019-08-20T09:36:11+02:00" modified="2023-06-23T13:29:56+02:00" filename="store.xql" mimetype="application/xquery" blob-id="fe97851377bd991a9818a0b3de5aa05043b917f4e277290697ac02876cb595a7">
        <acl entries="0" version="1"/>
    </resource>
</collection>