<collection xmlns="http://exist.sourceforge.net/NS/exist" name="/db/apps/84000-reading-room/modules" owner="admin" group="reading-room" mode="755" created="2019-08-20T09:36:11+02:00" deduplicate-blobs="false" version="2">
    <acl entries="0" version="1"/>
    <resource type="BinaryResource" name="search.xql" owner="admin" group="reading-room" mode="755" created="2019-08-20T09:36:11+02:00" modified="2021-05-14T12:49:44+02:00" filename="search.xql" mimetype="application/xquery" blob-id="c359f6fad67c37038327cdee2431815060ca8eac286af5f944b1f07c732c6de5">
        <acl entries="0" version="1"/>
    </resource>
    <resource type="BinaryResource" name="tei-content.xql" owner="admin" group="reading-room" mode="755" created="2019-08-20T09:36:11+02:00" modified="2021-06-02T14:18:38+02:00" filename="tei-content.xql" mimetype="application/xquery" blob-id="3a6758ba5bf9b69d342f403db7070e14c33b3efbc23c9196e64df8bf9abf3b4c">
        <acl entries="0" version="1"/>
    </resource>
    <resource type="BinaryResource" name="store.xql" owner="admin" group="reading-room" mode="755" created="2019-08-20T09:36:11+02:00" modified="2021-04-16T13:24:20+02:00" filename="store.xql" mimetype="application/xquery" blob-id="0179811b077bd172620d8836860dbe48927526cef3f056bad2a3302d658b2a30">
        <acl entries="0" version="1"/>
    </resource>
    <resource type="BinaryResource" name="sponsors.xql" owner="admin" group="reading-room" mode="755" created="2019-08-20T09:36:11+02:00" modified="2021-05-21T18:21:37+02:00" filename="sponsors.xql" mimetype="application/xquery" blob-id="83c7c035fe500348956d151190cdbdacade603357296973653601f30d95a1420">
        <acl entries="0" version="1"/>
    </resource>
    <resource type="BinaryResource" name="translations.xql" owner="admin" group="reading-room" mode="755" created="2019-08-20T09:36:11+02:00" modified="2021-05-26T13:51:40+02:00" filename="translations.xql" mimetype="application/xquery" blob-id="8eca5d565ffc464190858188a5e9bb96ef2bb01df7f59a5542cbfba06213b994">
        <acl entries="0" version="1"/>
    </resource>
    <resource type="BinaryResource" name="translation.xql" owner="admin" group="reading-room" mode="755" created="2019-08-20T09:36:11+02:00" modified="2021-05-26T13:51:04+02:00" filename="translation.xql" mimetype="application/xquery" blob-id="626cc4f104a2fa31655c5fe1f94524962ca64cfda2566708a27993ce400483b4">
        <acl entries="0" version="1"/>
    </resource>
    <resource type="BinaryResource" name="knowledgebase.xql" owner="admin" group="reading-room" mode="755" created="2020-08-17T16:43:11+02:00" modified="2021-06-02T21:48:14+02:00" filename="knowledgebase.xql" mimetype="application/xquery" blob-id="347e6bfe20b8830b49de678b997ccd96e1b18c40c8c4a4568477b68b92802c86">
        <acl entries="0" version="1"/>
    </resource>
    <resource type="BinaryResource" name="sponsorship.xql" owner="admin" group="reading-room" mode="755" created="2019-08-20T09:36:11+02:00" modified="2019-12-04T16:41:54+01:00" filename="sponsorship.xql" mimetype="application/xquery" blob-id="2790d53253e4bf99edc31417bc7238fc2db6dbeeeb7a1613e11e39f9d2b64a0a">
        <acl entries="0" version="1"/>
    </resource>
    <resource type="BinaryResource" name="deploy.xql" owner="admin" group="reading-room" mode="755" created="2019-08-20T09:36:11+02:00" modified="2021-02-08T17:27:17+01:00" filename="deploy.xql" mimetype="application/xquery" blob-id="3db799a1f72e0539ca0c4fb76ddbf018c6fd352f75d7e2eb101271f6a4d4da31">
        <acl entries="0" version="1"/>
    </resource>
    <resource type="BinaryResource" name="install.xql" owner="admin" group="reading-room" mode="755" created="2019-08-20T09:36:11+02:00" modified="2019-10-01T10:32:51+02:00" filename="install.xql" mimetype="application/xquery" blob-id="f1161080803449aed0f969a614169adc9179543849f56c5f36b6992ff65c28b3">
        <acl entries="0" version="1"/>
    </resource>
    <resource type="BinaryResource" name="glossary.xql" owner="admin" group="reading-room" mode="755" created="2019-08-20T09:36:11+02:00" modified="2021-05-14T13:07:49+02:00" filename="glossary.xql" mimetype="application/xquery" blob-id="a1fa763acc31d6576402819850ccdd9198ed51f07d73e16d3ece7dd0175e0a3f">
        <acl entries="0" version="1"/>
    </resource>
    <resource type="BinaryResource" name="section.xql" owner="admin" group="reading-room" mode="755" created="2019-08-20T09:36:11+02:00" modified="2021-04-14T17:12:26+02:00" filename="section.xql" mimetype="application/xquery" blob-id="8f66f37932315b2bda99f3d934332827f2e0b79afe648e9a003b1a4981abe6f4">
        <acl entries="0" version="1"/>
    </resource>
    <resource type="BinaryResource" name="log.xql" owner="admin" group="reading-room" mode="755" created="2019-08-20T09:36:11+02:00" modified="2021-05-11T16:11:51+02:00" filename="log.xql" mimetype="application/xquery" blob-id="b39987db81cd0aef3646399fd765343f94bdec4db989443faa95033e2f021e90">
        <acl entries="0" version="1"/>
    </resource>
    <resource type="BinaryResource" name="source.xql" owner="admin" group="reading-room" mode="755" created="2019-08-20T09:36:11+02:00" modified="2021-02-17T14:20:36+01:00" filename="source.xql" mimetype="application/xquery" blob-id="ba6e2f004d513c37adacdaf40d9f291a22003a616991db0d311502aaa173df06">
        <acl entries="0" version="1"/>
    </resource>
    <resource type="BinaryResource" name="contributors.xql" owner="admin" group="reading-room" mode="755" created="2019-08-20T09:36:11+02:00" modified="2021-03-22T15:57:55+01:00" filename="contributors.xql" mimetype="application/xquery" blob-id="0bfeb0057a52f1aac1741eaa0fdbba908b5da33ecf1021c1107e9399c46a2a4f">
        <acl entries="0" version="1"/>
    </resource>
    <resource type="BinaryResource" name="download.xql" owner="admin" group="reading-room" mode="755" created="2019-08-20T09:36:11+02:00" modified="2021-03-17T16:59:06+01:00" filename="download.xql" mimetype="application/xquery" blob-id="b38b684e5c5291601c7d53d52b63b80a0459f9f942b8850ecfcba34283bbd804">
        <acl entries="0" version="1"/>
    </resource>
    <resource type="BinaryResource" name="common.xql" owner="admin" group="reading-room" mode="755" created="2019-08-20T09:36:11+02:00" modified="2021-05-11T15:51:27+02:00" filename="common.xql" mimetype="application/xquery" blob-id="1adf544840fe95e4b595b9cbf34e7e970190fbc366bff469fae2b5c3328bf33c">
        <acl entries="0" version="1"/>
    </resource>
    <resource type="BinaryResource" name="entities.xql" owner="admin" group="reading-room" mode="755" created="2020-02-24T14:34:22+01:00" modified="2021-04-26T17:08:21+02:00" filename="entities.xql" mimetype="application/xquery" blob-id="87b2ba37c39c98d61413100d439ee420383087233fd9e03e259dedb72532d603">
        <acl entries="0" version="1"/>
    </resource>
</collection>