<collection xmlns="http://exist.sourceforge.net/NS/exist" name="/db/apps/84000-reading-room/modules" owner="admin" group="reading-room" mode="755" created="2019-08-20T09:36:11+02:00" deduplicate-blobs="false" version="2">
    <acl entries="0" version="1"/>
    <resource type="BinaryResource" name="store.xql" owner="admin" group="reading-room" mode="755" created="2019-08-20T09:36:11+02:00" modified="2021-08-30T14:55:29+02:00" filename="store.xql" mimetype="application/xquery" blob-id="00bfb6580c25f514a1858a6073ce2ccdb3f2637a949951fea6cb03a21fc83340">
        <acl entries="0" version="1"/>
    </resource>
    <resource type="BinaryResource" name="translation.xql" owner="admin" group="reading-room" mode="755" created="2019-08-20T09:36:11+02:00" modified="2021-08-31T11:02:40+02:00" filename="translation.xql" mimetype="application/xquery" blob-id="bd4a375a331880eb9dffa3674b55968d5ce5cb7bac5ce04d9009e97d8c2c6d38">
        <acl entries="0" version="1"/>
    </resource>
    <resource type="BinaryResource" name="sponsors.xql" owner="admin" group="reading-room" mode="755" created="2019-08-20T09:36:11+02:00" modified="2021-08-31T11:02:46+02:00" filename="sponsors.xql" mimetype="application/xquery" blob-id="83c7c035fe500348956d151190cdbdacade603357296973653601f30d95a1420">
        <acl entries="0" version="1"/>
    </resource>
    <resource type="BinaryResource" name="glossary.xql" owner="admin" group="reading-room" mode="755" created="2019-08-20T09:36:11+02:00" modified="2021-08-31T11:30:56+02:00" filename="glossary.xql" mimetype="application/xquery" blob-id="5ddc720372f00abf4a26e639b507d6cdc9158176e4bbf9862a1b81e1c41cf03c">
        <acl entries="0" version="1"/>
    </resource>
    <resource type="BinaryResource" name="entities.xql" owner="admin" group="reading-room" mode="755" created="2020-02-24T14:34:22+01:00" modified="2021-09-03T13:41:32+02:00" filename="entities.xql" mimetype="application/xquery" blob-id="d712f92fe82440e9c3d5244f7c5b15cb031cf70dfc88ee2976808bc990c1d22b">
        <acl entries="0" version="1"/>
    </resource>
    <resource type="BinaryResource" name="install.xql" owner="admin" group="reading-room" mode="755" created="2019-08-20T09:36:11+02:00" modified="2021-09-01T11:30:45+02:00" filename="install.xql" mimetype="application/xquery" blob-id="55602fc5ebd09cffe1b577588673dba8f882cf8792a7fea516a0bfd58d1b165d">
        <acl entries="0" version="1"/>
    </resource>
    <resource type="BinaryResource" name="translations.xql" owner="admin" group="reading-room" mode="755" created="2019-08-20T09:36:11+02:00" modified="2021-08-31T16:17:13+02:00" filename="translations.xql" mimetype="application/xquery" blob-id="2243d5c05de8fd90b52b3e45c9af34395dc401c2afebc39460a706a7b9fcf70a">
        <acl entries="0" version="1"/>
    </resource>
    <resource type="BinaryResource" name="section.xql" owner="admin" group="reading-room" mode="755" created="2019-08-20T09:36:11+02:00" modified="2021-08-31T16:27:31+02:00" filename="section.xql" mimetype="application/xquery" blob-id="e2c937f60fb88b05c6edd8c95eb7b9a2bb9c7036e1d8e34d9038dd3f2e5502f6">
        <acl entries="0" version="1"/>
    </resource>
    <resource type="BinaryResource" name="common.xql" owner="admin" group="reading-room" mode="755" created="2019-08-20T09:36:11+02:00" modified="2021-08-31T17:57:05+02:00" filename="common.xql" mimetype="application/xquery" blob-id="741a9041c3122528775ad5d49ffcd8164e0a0aa52ecb79b7aa53df4cc5da161c">
        <acl entries="0" version="1"/>
    </resource>
    <resource type="BinaryResource" name="search.xql" owner="admin" group="reading-room" mode="755" created="2019-08-20T09:36:11+02:00" modified="2021-08-26T15:18:52+02:00" filename="search.xql" mimetype="application/xquery" blob-id="558f186b10c80ef92a3450f89539620d7dce01b4a40fad71c039e6529ed30ccf">
        <acl entries="0" version="1"/>
    </resource>
    <resource type="BinaryResource" name="knowledgebase.xql" owner="admin" group="reading-room" mode="755" created="2020-08-17T16:43:11+02:00" modified="2021-09-01T12:01:26+02:00" filename="knowledgebase.xql" mimetype="application/xquery" blob-id="2706ecc5a38fd87fb35ecccd9390977a3d9fc23bfb942fa28cef36c511f5b5c9">
        <acl entries="0" version="1"/>
    </resource>
    <resource type="BinaryResource" name="source.xql" owner="admin" group="reading-room" mode="755" created="2019-08-20T09:36:11+02:00" modified="2021-09-01T12:44:55+02:00" filename="source.xql" mimetype="application/xquery" blob-id="c5dc60f4577e1b54792f7ab8747d68ccd34c6d86850c1933d813be7d7cb90002">
        <acl entries="0" version="1"/>
    </resource>
    <resource type="BinaryResource" name="download.xql" owner="admin" group="reading-room" mode="755" created="2019-08-20T09:36:11+02:00" modified="2021-08-27T11:10:35+02:00" filename="download.xql" mimetype="application/xquery" blob-id="a697093aad9a11ab9e408e244d72e372736efd6a4533d5c3eae29c9855a211ee">
        <acl entries="0" version="1"/>
    </resource>
    <resource type="BinaryResource" name="deploy.xql" owner="admin" group="reading-room" mode="755" created="2019-08-20T09:36:11+02:00" modified="2021-07-29T15:25:54+02:00" filename="deploy.xql" mimetype="application/xquery" blob-id="3db799a1f72e0539ca0c4fb76ddbf018c6fd352f75d7e2eb101271f6a4d4da31">
        <acl entries="0" version="1"/>
    </resource>
    <resource type="BinaryResource" name="log.xql" owner="admin" group="reading-room" mode="755" created="2019-08-20T09:36:11+02:00" modified="2021-07-29T15:25:56+02:00" filename="log.xql" mimetype="application/xquery" blob-id="b39987db81cd0aef3646399fd765343f94bdec4db989443faa95033e2f021e90">
        <acl entries="0" version="1"/>
    </resource>
    <resource type="BinaryResource" name="contributors.xql" owner="admin" group="reading-room" mode="755" created="2019-08-20T09:36:11+02:00" modified="2021-07-29T15:26:05+02:00" filename="contributors.xql" mimetype="application/xquery" blob-id="0bfeb0057a52f1aac1741eaa0fdbba908b5da33ecf1021c1107e9399c46a2a4f">
        <acl entries="0" version="1"/>
    </resource>
    <resource type="BinaryResource" name="sponsorship.xql" owner="admin" group="reading-room" mode="755" created="2019-08-20T09:36:11+02:00" modified="2021-07-29T15:26:07+02:00" filename="sponsorship.xql" mimetype="application/xquery" blob-id="4458d369c0c587092dba6df8b8aff0e3b40fd86468c31080f7a1f61ead786180">
        <acl entries="0" version="1"/>
    </resource>
    <resource type="BinaryResource" name="tei-content.xql" owner="admin" group="reading-room" mode="755" created="2019-08-20T09:36:11+02:00" modified="2021-08-30T14:19:40+02:00" filename="tei-content.xql" mimetype="application/xquery" blob-id="c740225882b8bd6043b44dee9adfb5b2102d48b0ea5a74680844e412a9a50e90">
        <acl entries="0" version="1"/>
    </resource>
</collection>