<collection xmlns="http://exist.sourceforge.net/NS/exist" name="/db/apps/84000-reading-room/modules" owner="admin" group="reading-room" mode="755" created="2019-08-20T09:36:11+02:00" deduplicate-blobs="false" version="2">
    <acl entries="0" version="1"/>
    <resource type="BinaryResource" name="search.xql" owner="admin" group="reading-room" mode="755" created="2019-08-20T09:36:11+02:00" modified="2021-11-25T13:02:57+01:00" filename="search.xql" mimetype="application/xquery" blob-id="2e0e5ca9c3c816833e60b919b0c6c57c5b7f76e73bb376bf499d169ab4e8970a">
        <acl entries="0" version="1"/>
    </resource>
    <resource type="BinaryResource" name="store.xql" owner="admin" group="reading-room" mode="755" created="2019-08-20T09:36:11+02:00" modified="2021-08-30T14:55:29+02:00" filename="store.xql" mimetype="application/xquery" blob-id="00bfb6580c25f514a1858a6073ce2ccdb3f2637a949951fea6cb03a21fc83340">
        <acl entries="0" version="1"/>
    </resource>
    <resource type="BinaryResource" name="sponsors.xql" owner="admin" group="reading-room" mode="755" created="2019-08-20T09:36:11+02:00" modified="2022-01-03T12:08:28+01:00" filename="sponsors.xql" mimetype="application/xquery" blob-id="165379cf3b59756b4f9d75d352a5ec6e08280567e3ad3a5669be2473a4cc24d2">
        <acl entries="0" version="1"/>
    </resource>
    <resource type="BinaryResource" name="contributors.xql" owner="admin" group="reading-room" mode="755" created="2019-08-20T09:36:11+02:00" modified="2021-09-27T11:01:38+02:00" filename="contributors.xql" mimetype="application/xquery" blob-id="0452ad2a5e4c79a3b89cca8b40fa8557bc54288c48f3fdca3bcde05705796124">
        <acl entries="0" version="1"/>
    </resource>
    <resource type="BinaryResource" name="knowledgebase.xql" owner="admin" group="reading-room" mode="755" created="2020-08-17T16:43:11+02:00" modified="2022-01-14T12:56:31+01:00" filename="knowledgebase.xql" mimetype="application/xquery" blob-id="cfb4449aa8159545e51f7dad4fd57bfeaf20ef17da529d7824233ae0aa8a813e">
        <acl entries="0" version="1"/>
    </resource>
    <resource type="BinaryResource" name="install.xql" owner="admin" group="reading-room" mode="755" created="2019-08-20T09:36:11+02:00" modified="2021-11-03T18:36:39+01:00" filename="install.xql" mimetype="application/xquery" blob-id="55602fc5ebd09cffe1b577588673dba8f882cf8792a7fea516a0bfd58d1b165d">
        <acl entries="0" version="1"/>
    </resource>
    <resource type="BinaryResource" name="entities.xql" owner="admin" group="reading-room" mode="755" created="2020-02-24T14:34:22+01:00" modified="2022-01-14T15:12:20+01:00" filename="entities.xql" mimetype="application/xquery" blob-id="ade397d4d20fd6036f62900ba721b03710db447f841cf6a56be674dd79f589c5">
        <acl entries="0" version="1"/>
    </resource>
    <resource type="BinaryResource" name="section.xql" owner="admin" group="reading-room" mode="755" created="2019-08-20T09:36:11+02:00" modified="2021-11-05T12:11:16+01:00" filename="section.xql" mimetype="application/xquery" blob-id="13ae002d69ff0c64d085e19941cc3cdbcf9bf8ff1fa8213d03284844af377fa4">
        <acl entries="0" version="1"/>
    </resource>
    <resource type="BinaryResource" name="tei-content.xql" owner="admin" group="reading-room" mode="755" created="2019-08-20T09:36:11+02:00" modified="2021-11-25T08:41:45+01:00" filename="tei-content.xql" mimetype="application/xquery" blob-id="c5ff8273c5a1a86a63a7755a6ac9943c8f48a367affde9c77f57f0571f713d45">
        <acl entries="0" version="1"/>
    </resource>
    <resource type="BinaryResource" name="translations.xql" owner="admin" group="reading-room" mode="755" created="2019-08-20T09:36:11+02:00" modified="2022-01-17T12:43:01+01:00" filename="translations.xql" mimetype="application/xquery" blob-id="25d7b9d4b1371c23497e58b6c6760d467401d31c3a6faf165b746493535ae8dc">
        <acl entries="0" version="1"/>
    </resource>
    <resource type="BinaryResource" name="common.xql" owner="admin" group="reading-room" mode="755" created="2019-08-20T09:36:11+02:00" modified="2022-01-17T14:36:10+01:00" filename="common.xql" mimetype="application/xquery" blob-id="7eb702cfa6d0477e11593f1d815a23435900c9146988c370734c45c155115ff7">
        <acl entries="0" version="1"/>
    </resource>
    <resource type="BinaryResource" name="glossary.xql" owner="admin" group="reading-room" mode="755" created="2021-10-21T12:08:09+02:00" modified="2022-01-17T14:58:35+01:00" filename="glossary.xql" mimetype="application/xquery" blob-id="2ce3ad26522e1d363ff45c4120a51178a5672b12cc85149384286fe6fb0e0e41">
        <acl entries="0" version="1"/>
    </resource>
    <resource type="BinaryResource" name="source.xql" owner="admin" group="reading-room" mode="755" created="2019-08-20T09:36:11+02:00" modified="2021-09-01T12:44:55+02:00" filename="source.xql" mimetype="application/xquery" blob-id="c5dc60f4577e1b54792f7ab8747d68ccd34c6d86850c1933d813be7d7cb90002">
        <acl entries="0" version="1"/>
    </resource>
    <resource type="BinaryResource" name="download.xql" owner="admin" group="reading-room" mode="755" created="2019-08-20T09:36:11+02:00" modified="2021-08-27T11:10:35+02:00" filename="download.xql" mimetype="application/xquery" blob-id="a697093aad9a11ab9e408e244d72e372736efd6a4533d5c3eae29c9855a211ee">
        <acl entries="0" version="1"/>
    </resource>
    <resource type="BinaryResource" name="log.xql" owner="admin" group="reading-room" mode="755" created="2019-08-20T09:36:11+02:00" modified="2021-07-29T15:25:56+02:00" filename="log.xql" mimetype="application/xquery" blob-id="b39987db81cd0aef3646399fd765343f94bdec4db989443faa95033e2f021e90">
        <acl entries="0" version="1"/>
    </resource>
    <resource type="BinaryResource" name="sponsorship.xql" owner="admin" group="reading-room" mode="755" created="2019-08-20T09:36:11+02:00" modified="2021-07-29T15:26:07+02:00" filename="sponsorship.xql" mimetype="application/xquery" blob-id="4458d369c0c587092dba6df8b8aff0e3b40fd86468c31080f7a1f61ead786180">
        <acl entries="0" version="1"/>
    </resource>
    <resource type="BinaryResource" name="deploy.xql" owner="admin" group="reading-room" mode="755" created="2019-08-20T09:36:11+02:00" modified="2021-11-15T16:14:00+01:00" filename="deploy.xql" mimetype="application/xquery" blob-id="0202ff8579008de4682cdd82782f5d2cc6426a6ed3eb47afe16b7876cf601607">
        <acl entries="0" version="1"/>
    </resource>
    <resource type="BinaryResource" name="translation.xql" owner="admin" group="reading-room" mode="755" created="2019-08-20T09:36:11+02:00" modified="2022-01-11T13:43:39+01:00" filename="translation.xql" mimetype="application/xquery" blob-id="e06020c55834a864edc81e9f803fef08e4d7c0730983c0473a4f256848398774">
        <acl entries="0" version="1"/>
    </resource>
</collection>