<collection xmlns="http://exist.sourceforge.net/NS/exist" name="/db/apps/84000-reading-room/modules" owner="admin" group="reading-room" mode="755" created="2019-08-20T09:36:11+02:00" deduplicate-blobs="false" version="2">
    <acl entries="0" version="1"/>
    <resource type="BinaryResource" name="translations.xql" owner="admin" group="reading-room" mode="755" created="2019-08-20T09:36:11+02:00" modified="2020-11-03T15:04:29+01:00" filename="translations.xql" mimetype="application/xquery" blob-id="a99e5823c93fa63bf9a4e4f25c547fabf67260aeb57487ad1b9cc7b84385212a">
        <acl entries="0" version="1"/>
    </resource>
    <resource type="BinaryResource" name="search.xql" owner="admin" group="reading-room" mode="755" created="2019-08-20T09:36:11+02:00" modified="2020-11-11T12:40:43+01:00" filename="search.xql" mimetype="application/xquery" blob-id="6ebfb31eec7f26c4389c7c39bb88c0b9e4bddec3cbc982f8255b3da68e151c73">
        <acl entries="0" version="1"/>
    </resource>
    <resource type="BinaryResource" name="source.xql" owner="admin" group="reading-room" mode="755" created="2019-08-20T09:36:11+02:00" modified="2020-07-31T15:56:11+02:00" filename="source.xql" mimetype="application/xquery" blob-id="8cba55619ba805f64bb6d53cc91770a50aba45f3113433bbd40bf037504985d3">
        <acl entries="0" version="1"/>
    </resource>
    <resource type="BinaryResource" name="glossary.xql" owner="admin" group="reading-room" mode="755" created="2019-08-20T09:36:11+02:00" modified="2020-11-16T16:23:57+01:00" filename="glossary.xql" mimetype="application/xquery" blob-id="6e3e95fda52a0a2fd18a6565373849d6342fc057f8a7dc2ebaf491bb2d078ed7">
        <acl entries="0" version="1"/>
    </resource>
    <resource type="BinaryResource" name="deploy.xql" owner="admin" group="reading-room" mode="755" created="2019-08-20T09:36:11+02:00" modified="2020-05-15T12:07:35+02:00" filename="deploy.xql" mimetype="application/xquery" blob-id="0a8a26fe5bfaf3ff29b26d67a85572d17ed08fe40eb0d35323dc289c7724b1ac">
        <acl entries="0" version="1"/>
    </resource>
    <resource type="BinaryResource" name="sponsorship.xql" owner="admin" group="reading-room" mode="755" created="2019-08-20T09:36:11+02:00" modified="2019-12-04T16:41:54+01:00" filename="sponsorship.xql" mimetype="application/xquery" blob-id="2790d53253e4bf99edc31417bc7238fc2db6dbeeeb7a1613e11e39f9d2b64a0a">
        <acl entries="0" version="1"/>
    </resource>
    <resource type="BinaryResource" name="install.xql" owner="admin" group="reading-room" mode="755" created="2019-08-20T09:36:11+02:00" modified="2019-10-01T10:32:51+02:00" filename="install.xql" mimetype="application/xquery" blob-id="f1161080803449aed0f969a614169adc9179543849f56c5f36b6992ff65c28b3">
        <acl entries="0" version="1"/>
    </resource>
    <resource type="BinaryResource" name="log.xql" owner="admin" group="reading-room" mode="755" created="2019-08-20T09:36:11+02:00" modified="2019-10-03T13:42:29+02:00" filename="log.xql" mimetype="application/xquery" blob-id="f8c1cee11ea1f0c2d8763c38bf32584427b04cc55b6c91201d80c318ac2df754">
        <acl entries="0" version="1"/>
    </resource>
    <resource type="BinaryResource" name="store.xql" owner="admin" group="reading-room" mode="755" created="2019-08-20T09:36:11+02:00" modified="2020-11-18T15:36:20+01:00" filename="store.xql" mimetype="application/xquery" blob-id="bd8446fc2f800487d2d327931f7fb77cd99c1da594a29ab7045e504235b89781">
        <acl entries="0" version="1"/>
    </resource>
    <resource type="BinaryResource" name="section.xql" owner="admin" group="reading-room" mode="755" created="2019-08-20T09:36:11+02:00" modified="2020-11-03T15:04:13+01:00" filename="section.xql" mimetype="application/xquery" blob-id="bcb7a503a9e2f3a08e409e10bb266ec564cebc4c74dec7775ef648ea15b695d0">
        <acl entries="0" version="1"/>
    </resource>
    <resource type="BinaryResource" name="translation.xql" owner="admin" group="reading-room" mode="755" created="2019-08-20T09:36:11+02:00" modified="2020-11-18T18:16:42+01:00" filename="translation.xql" mimetype="application/xquery" blob-id="d8c0ed5877ae9cd237bbed4fc9363696f818dfe3980f7038eb9d632beadca2eb">
        <acl entries="0" version="1"/>
    </resource>
    <resource type="BinaryResource" name="tei-content.xql" owner="admin" group="reading-room" mode="755" created="2019-08-20T09:36:11+02:00" modified="2020-10-27T10:48:28+01:00" filename="tei-content.xql" mimetype="application/xquery" blob-id="499fc011186d4341c8af83ce69e90fc28f51f1cd981ed39610e31e9bdf7b7626">
        <acl entries="0" version="1"/>
    </resource>
    <resource type="BinaryResource" name="download.xql" owner="admin" group="reading-room" mode="755" created="2019-08-20T09:36:11+02:00" modified="2020-10-27T11:24:32+01:00" filename="download.xql" mimetype="application/xquery" blob-id="6709f1c13b2032e91ce117a139446948681bb2fde5b6bee58eb368e1c0366cdd">
        <acl entries="0" version="1"/>
    </resource>
    <resource type="BinaryResource" name="contributors.xql" owner="admin" group="reading-room" mode="755" created="2019-08-20T09:36:11+02:00" modified="2020-11-16T16:58:27+01:00" filename="contributors.xql" mimetype="application/xquery" blob-id="99ada731a73f05f11434dab9bbba62b5cc05694fbb9c5df0a282aebc99b4415b">
        <acl entries="0" version="1"/>
    </resource>
    <resource type="BinaryResource" name="entities.xql" owner="admin" group="reading-room" mode="755" created="2020-02-24T14:34:22+01:00" modified="2020-07-13T15:05:50+02:00" filename="entities.xql" mimetype="application/xquery" blob-id="690d981970dfdfa0500a5c8f269d379916e4a32dc7ab21fba817c5766a941a60">
        <acl entries="0" version="1"/>
    </resource>
    <resource type="BinaryResource" name="sponsors.xql" owner="admin" group="reading-room" mode="755" created="2019-08-20T09:36:11+02:00" modified="2020-09-08T10:30:01+02:00" filename="sponsors.xql" mimetype="application/xquery" blob-id="1d137400736a01acc5775897d0c77247c7d87b18d40271448489393cc506f5fc">
        <acl entries="0" version="1"/>
    </resource>
    <resource type="BinaryResource" name="knowledgebase.xql" owner="admin" group="reading-room" mode="755" created="2020-08-17T16:43:11+02:00" modified="2020-09-01T12:33:41+02:00" filename="knowledgebase.xql" mimetype="application/xquery" blob-id="90c458ff790465c403d4066a137dea133b0cc978a717e815809351697748fee3">
        <acl entries="0" version="1"/>
    </resource>
    <resource type="BinaryResource" name="common.xql" owner="admin" group="reading-room" mode="755" created="2019-08-20T09:36:11+02:00" modified="2020-11-19T13:16:38+01:00" filename="common.xql" mimetype="application/xquery" blob-id="0489dc6216a8cef4166dbc93a7c97748066eff848c9c4875cb43e24b46912c58">
        <acl entries="0" version="1"/>
    </resource>
</collection>