<collection xmlns="http://exist.sourceforge.net/NS/exist" name="/db/apps/84000-reading-room/modules" owner="admin" group="reading-room" mode="755" created="2019-08-20T09:36:11+02:00" deduplicate-blobs="false" version="2">
    <acl entries="0" version="1"/>
    <resource type="BinaryResource" name="translations.xql" owner="admin" group="reading-room" mode="755" created="2019-08-20T09:36:11+02:00" modified="2020-05-27T10:32:40+02:00" filename="translations.xql" mimetype="application/xquery" blob-id="63c465da8e889766806ced05acecc442a9b7975509bfa57115aad1f54d6ece08">
        <acl entries="0" version="1"/>
    </resource>
    <resource type="BinaryResource" name="glossary.xql" owner="admin" group="reading-room" mode="755" created="2019-08-20T09:36:11+02:00" modified="2020-07-15T17:05:26+02:00" filename="glossary.xql" mimetype="application/xquery" blob-id="57640d44d8853d63f4ca68d94c6c9b9aa219148643e26e132692687993521cf3">
        <acl entries="0" version="1"/>
    </resource>
    <resource type="BinaryResource" name="download.xql" owner="admin" group="reading-room" mode="755" created="2019-08-20T09:36:11+02:00" modified="2019-10-24T15:23:32+02:00" filename="download.xql" mimetype="application/xquery" blob-id="a475a98241ad79414bef8689b7562e034071edc9b3d4ce95efdb1b2a11fa242c">
        <acl entries="0" version="1"/>
    </resource>
    <resource type="BinaryResource" name="sponsors.xql" owner="admin" group="reading-room" mode="755" created="2019-08-20T09:36:11+02:00" modified="2019-11-20T15:30:25+01:00" filename="sponsors.xql" mimetype="application/xquery" blob-id="1d137400736a01acc5775897d0c77247c7d87b18d40271448489393cc506f5fc">
        <acl entries="0" version="1"/>
    </resource>
    <resource type="BinaryResource" name="store.xql" owner="admin" group="reading-room" mode="755" created="2019-08-20T09:36:11+02:00" modified="2020-05-25T13:09:42+02:00" filename="store.xql" mimetype="application/xquery" blob-id="4c8d871fb72bbff20fff43863f360b2f0aaafb1657e5f1dbf07f492852214dc7">
        <acl entries="0" version="1"/>
    </resource>
    <resource type="BinaryResource" name="source.xql" owner="admin" group="reading-room" mode="755" created="2019-08-20T09:36:11+02:00" modified="2020-07-31T15:56:11+02:00" filename="source.xql" mimetype="application/xquery" blob-id="8cba55619ba805f64bb6d53cc91770a50aba45f3113433bbd40bf037504985d3">
        <acl entries="0" version="1"/>
    </resource>
    <resource type="BinaryResource" name="deploy.xql" owner="admin" group="reading-room" mode="755" created="2019-08-20T09:36:11+02:00" modified="2020-05-15T12:07:35+02:00" filename="deploy.xql" mimetype="application/xquery" blob-id="0a8a26fe5bfaf3ff29b26d67a85572d17ed08fe40eb0d35323dc289c7724b1ac">
        <acl entries="0" version="1"/>
    </resource>
    <resource type="BinaryResource" name="sponsorship.xql" owner="admin" group="reading-room" mode="755" created="2019-08-20T09:36:11+02:00" modified="2019-12-04T16:41:54+01:00" filename="sponsorship.xql" mimetype="application/xquery" blob-id="2790d53253e4bf99edc31417bc7238fc2db6dbeeeb7a1613e11e39f9d2b64a0a">
        <acl entries="0" version="1"/>
    </resource>
    <resource type="BinaryResource" name="contributors.xql" owner="admin" group="reading-room" mode="755" created="2019-08-20T09:36:11+02:00" modified="2020-08-13T13:42:32+02:00" filename="contributors.xql" mimetype="application/xquery" blob-id="019a45e551138da9e9b97815e50bca5e6c4d9edde910cad473de0741bc26ee7a">
        <acl entries="0" version="1"/>
    </resource>
    <resource type="BinaryResource" name="install.xql" owner="admin" group="reading-room" mode="755" created="2019-08-20T09:36:11+02:00" modified="2019-10-01T10:32:51+02:00" filename="install.xql" mimetype="application/xquery" blob-id="f1161080803449aed0f969a614169adc9179543849f56c5f36b6992ff65c28b3">
        <acl entries="0" version="1"/>
    </resource>
    <resource type="BinaryResource" name="log.xql" owner="admin" group="reading-room" mode="755" created="2019-08-20T09:36:11+02:00" modified="2019-10-03T13:42:29+02:00" filename="log.xql" mimetype="application/xquery" blob-id="f8c1cee11ea1f0c2d8763c38bf32584427b04cc55b6c91201d80c318ac2df754">
        <acl entries="0" version="1"/>
    </resource>
    <resource type="BinaryResource" name="knowledgebase.xql" owner="admin" group="reading-room" mode="755" created="2020-08-17T16:43:11+02:00" modified="2020-08-17T16:57:40+02:00" filename="knowledgebase.xql" mimetype="application/xquery" blob-id="14295c478e863f558d330182535ce522a8fccd475310180def2fb3c458408916">
        <acl entries="0" version="1"/>
    </resource>
    <resource type="BinaryResource" name="search.xql" owner="admin" group="reading-room" mode="755" created="2019-08-20T09:36:11+02:00" modified="2020-08-14T12:42:17+02:00" filename="search.xql" mimetype="application/xquery" blob-id="c728a3b4173e3c4893f36edb925a2717a2fe14f4a4fc80550743973e98c3bfeb">
        <acl entries="0" version="1"/>
    </resource>
    <resource type="BinaryResource" name="section.xql" owner="admin" group="reading-room" mode="755" created="2019-08-20T09:36:11+02:00" modified="2020-05-27T10:21:46+02:00" filename="section.xql" mimetype="application/xquery" blob-id="6e91bec7fe7c0e6ddf84d9191a318d93b791c6eb42bf1f9f7e9e3b922e65665e">
        <acl entries="0" version="1"/>
    </resource>
    <resource type="BinaryResource" name="entities.xql" owner="admin" group="reading-room" mode="755" created="2020-02-24T14:34:22+01:00" modified="2020-07-13T15:05:50+02:00" filename="entities.xql" mimetype="application/xquery" blob-id="690d981970dfdfa0500a5c8f269d379916e4a32dc7ab21fba817c5766a941a60">
        <acl entries="0" version="1"/>
    </resource>
    <resource type="BinaryResource" name="tei-content.xql" owner="admin" group="reading-room" mode="755" created="2019-08-20T09:36:11+02:00" modified="2020-08-17T16:16:54+02:00" filename="tei-content.xql" mimetype="application/xquery" blob-id="fa5d7d0da9e03571d0e44fabfe35239b43933f198f75dc958c3baa514a602c5d">
        <acl entries="0" version="1"/>
    </resource>
    <resource type="BinaryResource" name="common.xql" owner="admin" group="reading-room" mode="755" created="2019-08-20T09:36:11+02:00" modified="2020-08-20T12:19:52+02:00" filename="common.xql" mimetype="application/xquery" blob-id="3e69ed1754fdcba9570ee59b408b7c78ea12bbfab02729dbaa81e6cc7463e2aa">
        <acl entries="0" version="1"/>
    </resource>
    <resource type="BinaryResource" name="translation.xql" owner="admin" group="reading-room" mode="755" created="2019-08-20T09:36:11+02:00" modified="2020-08-20T13:09:59+02:00" filename="translation.xql" mimetype="application/xquery" blob-id="9aaf68ab188520afb9007341385701be2aa75c1dbf5dbfdd13693372a6727d47">
        <acl entries="0" version="1"/>
    </resource>
</collection>