<collection xmlns="http://exist.sourceforge.net/NS/exist" name="/db/apps/84000-reading-room/modules" owner="admin" group="reading-room" mode="755" created="2019-08-20T09:36:11+02:00" deduplicate-blobs="false" version="2">
    <acl entries="0" version="1"/>
    <resource type="BinaryResource" name="translation.xql" owner="admin" group="reading-room" mode="755" created="2019-08-20T09:36:11+02:00" modified="2019-10-07T13:47:34+02:00" filename="translation.xql" mimetype="application/xquery" blob-id="ffde7045ea564e13c27c2b01d2b1bad8641afe4d89a5362c399533efd6fe50d0">
        <acl entries="0" version="1"/>
    </resource>
    <resource type="BinaryResource" name="source.xql" owner="admin" group="reading-room" mode="755" created="2019-08-20T09:36:11+02:00" modified="2019-09-30T12:59:26+02:00" filename="source.xql" mimetype="application/xquery" blob-id="268aa283f98176593f342db374d0eae0a9066f812beffcc80a89f9213a84747e">
        <acl entries="0" version="1"/>
    </resource>
    <resource type="BinaryResource" name="tei-content.xql" owner="admin" group="reading-room" mode="755" created="2019-08-20T09:36:11+02:00" modified="2019-09-23T16:07:58+02:00" filename="tei-content.xql" mimetype="application/xquery" blob-id="3542d6a365a4b65ab5b8d82842664db31124bbca185204b45e7d31865768a25b">
        <acl entries="0" version="1"/>
    </resource>
    <resource type="BinaryResource" name="sponsorship.xql" owner="admin" group="reading-room" mode="755" created="2019-08-20T09:36:11+02:00" modified="2019-09-17T15:01:25+02:00" filename="sponsorship.xql" mimetype="application/xquery" blob-id="8de65dda08f6a71b420a7269aaf2015e6651ea4f9ea844bad0e52d5b31ac9d47">
        <acl entries="0" version="1"/>
    </resource>
    <resource type="BinaryResource" name="install.xql" owner="admin" group="reading-room" mode="755" created="2019-08-20T09:36:11+02:00" modified="2019-10-01T10:32:51+02:00" filename="install.xql" mimetype="application/xquery" blob-id="f1161080803449aed0f969a614169adc9179543849f56c5f36b6992ff65c28b3">
        <acl entries="0" version="1"/>
    </resource>
    <resource type="BinaryResource" name="store.xql" owner="admin" group="reading-room" mode="755" created="2019-08-20T09:36:11+02:00" modified="2019-08-20T09:36:11+02:00" filename="store.xql" mimetype="application/xquery" blob-id="ed45e637d77422ccc59f267faf3df354ae47688ed9f6e0faafb98a666beaac7b">
        <acl entries="0" version="1"/>
    </resource>
    <resource type="BinaryResource" name="log.xql" owner="admin" group="reading-room" mode="755" created="2019-08-20T09:36:11+02:00" modified="2019-10-03T13:42:29+02:00" filename="log.xql" mimetype="application/xquery" blob-id="f8c1cee11ea1f0c2d8763c38bf32584427b04cc55b6c91201d80c318ac2df754">
        <acl entries="0" version="1"/>
    </resource>
    <resource type="BinaryResource" name="download.xql" owner="admin" group="reading-room" mode="755" created="2019-08-20T09:36:11+02:00" modified="2019-08-20T09:36:11+02:00" filename="download.xql" mimetype="application/xquery" blob-id="4bab132ec46fd41c54780a0243f7ef84d2cf2874c125a0c9bd53f73456e02348">
        <acl entries="0" version="1"/>
    </resource>
    <resource type="BinaryResource" name="deploy.xql" owner="admin" group="reading-room" mode="755" created="2019-08-20T09:36:11+02:00" modified="2019-10-03T12:58:07+02:00" filename="deploy.xql" mimetype="application/xquery" blob-id="87bf38f5320b70e9548e763354d5efc06223c419d78919cd95968216d7a46df5">
        <acl entries="0" version="1"/>
    </resource>
    <resource type="BinaryResource" name="translation-status.xql" owner="admin" group="reading-room" mode="755" created="2019-08-20T09:36:11+02:00" modified="2019-10-01T15:09:19+02:00" filename="translation-status.xql" mimetype="application/xquery" blob-id="0140ca12992fe066395d62e955289c7fee494689d1040f2fb193869938a02502">
        <acl entries="0" version="1"/>
    </resource>
    <resource type="BinaryResource" name="section.xql" owner="admin" group="reading-room" mode="755" created="2019-08-20T09:36:11+02:00" modified="2019-10-02T09:49:46+02:00" filename="section.xql" mimetype="application/xquery" blob-id="57edfa05d0df341061a9dc81cd0f2aef77861405443f058d312d3e99117ceae4">
        <acl entries="0" version="1"/>
    </resource>
    <resource type="BinaryResource" name="translations.xql" owner="admin" group="reading-room" mode="755" created="2019-08-20T09:36:11+02:00" modified="2019-10-02T10:02:30+02:00" filename="translations.xql" mimetype="application/xquery" blob-id="c3eedca39db00da41b3e8acdcc52b62ec4d38201781703334e35396a4eb143ad">
        <acl entries="0" version="1"/>
    </resource>
    <resource type="BinaryResource" name="glossary.xql" owner="admin" group="reading-room" mode="755" created="2019-08-20T09:36:11+02:00" modified="2019-09-18T11:12:17+02:00" filename="glossary.xql" mimetype="application/xquery" blob-id="1cd08477017c492ef24b59845d9ad6130330aa42341d03a82875c0ae652b49ac">
        <acl entries="0" version="1"/>
    </resource>
    <resource type="BinaryResource" name="contributors.xql" owner="admin" group="reading-room" mode="755" created="2019-08-20T09:36:11+02:00" modified="2019-09-18T11:53:42+02:00" filename="contributors.xql" mimetype="application/xquery" blob-id="77887d329b54ca77029f3b8852f4b05d4e693d4bc319de7efd6500f1bb05b3fe">
        <acl entries="0" version="1"/>
    </resource>
    <resource type="BinaryResource" name="common.xql" owner="admin" group="reading-room" mode="755" created="2019-08-20T09:36:11+02:00" modified="2019-10-03T17:28:52+02:00" filename="common.xql" mimetype="application/xquery" blob-id="a047ce2073cdd25335bc5c1d1f8399b27e0645dd57b2b54d7bed489fc1a863bc">
        <acl entries="0" version="1"/>
    </resource>
    <resource type="BinaryResource" name="sponsors.xql" owner="admin" group="reading-room" mode="755" created="2019-08-20T09:36:11+02:00" modified="2019-09-18T13:05:41+02:00" filename="sponsors.xql" mimetype="application/xquery" blob-id="8244ad60cc0a7542f0bccb4298b4cf7c9da119663334e9ca5f270732487ec07d">
        <acl entries="0" version="1"/>
    </resource>
    <resource type="BinaryResource" name="search.xql" owner="admin" group="reading-room" mode="755" created="2019-08-20T09:36:11+02:00" modified="2019-09-19T15:28:09+02:00" filename="search.xql" mimetype="application/xquery" blob-id="9eb6e8c8fbe4223e59200ee4fc37979b619e764b504b3e3a3983578266af0c9b">
        <acl entries="0" version="1"/>
    </resource>
</collection>