<collection xmlns="http://exist.sourceforge.net/NS/exist" name="/db/apps/84000-reading-room/modules" owner="admin" group="reading-room" mode="755" created="2019-08-20T09:36:11+02:00" deduplicate-blobs="false" version="2">
    <acl entries="0" version="1"/>
    <resource type="BinaryResource" name="translation.xql" owner="admin" group="reading-room" mode="755" created="2019-08-20T09:36:11+02:00" modified="2023-07-10T17:00:29+02:00" filename="translation.xql" mimetype="application/xquery" blob-id="bbd5a56e01187dd5dd59a60e56c2407a31bce07e07a6dc65364dd03a74120c81">
        <acl entries="0" version="1"/>
    </resource>
    <resource type="BinaryResource" name="knowledgebase.xql" owner="admin" group="reading-room" mode="755" created="2020-08-17T16:43:11+02:00" modified="2023-07-12T10:52:30+02:00" filename="knowledgebase.xql" mimetype="application/xquery" blob-id="ee6768116caa0312888e35b3d47edf0055a2d66e2f70ca334bf31c2f6c7ae13e">
        <acl entries="0" version="1"/>
    </resource>
    <resource type="BinaryResource" name="translations.xql" owner="admin" group="reading-room" mode="755" created="2019-08-20T09:36:11+02:00" modified="2023-07-10T21:07:04+02:00" filename="translations.xql" mimetype="application/xquery" blob-id="e81645bb78a15a63067fff82718cf6ea5bb7246c9652a327e7f85b68eb5050a0">
        <acl entries="0" version="1"/>
    </resource>
    <resource type="BinaryResource" name="tei-content.xql" owner="admin" group="reading-room" mode="755" created="2019-08-20T09:36:11+02:00" modified="2023-07-10T21:09:52+02:00" filename="tei-content.xql" mimetype="application/xquery" blob-id="627dab48b5b89ac5b2cfdcafa4d9ae427fd33bce62b9826db7086fc003099ee7">
        <acl entries="0" version="1"/>
    </resource>
    <resource type="BinaryResource" name="common.xql" owner="admin" group="reading-room" mode="755" created="2019-08-20T09:36:11+02:00" modified="2023-06-27T10:39:52+02:00" filename="common.xql" mimetype="application/xquery" blob-id="489153e497068064243fa803d72ab3421ed45d88106bc9b49fda843f56a38716">
        <acl entries="0" version="1"/>
    </resource>
    <resource type="BinaryResource" name="contributors.xql" owner="admin" group="reading-room" mode="755" created="2019-08-20T09:36:11+02:00" modified="2023-07-11T13:58:53+02:00" filename="contributors.xql" mimetype="application/xquery" blob-id="f886acb58f88c07bb7e5566bf84369bdb1572515ea483d06787eb30c3cbfef7f">
        <acl entries="0" version="1"/>
    </resource>
    <resource type="BinaryResource" name="sponsorship.xql" owner="admin" group="reading-room" mode="755" created="2019-08-20T09:36:11+02:00" modified="2023-06-30T13:08:03+02:00" filename="sponsorship.xql" mimetype="application/xquery" blob-id="b0bb448fe0e7f9189b1357c5b202cf76cb07559ae4665a9f8337e58741445ea0">
        <acl entries="0" version="1"/>
    </resource>
    <resource type="BinaryResource" name="sponsors.xql" owner="admin" group="reading-room" mode="755" created="2019-08-20T09:36:11+02:00" modified="2023-07-06T09:51:20+02:00" filename="sponsors.xql" mimetype="application/xquery" blob-id="7349ba5320efb634e47bc6a5d912495b1965cebcbbd897383b48a1c5a4a11115">
        <acl entries="0" version="1"/>
    </resource>
    <resource type="BinaryResource" name="deploy.xql" owner="admin" group="reading-room" mode="755" created="2019-08-20T09:36:11+02:00" modified="2023-05-16T09:18:26+02:00" filename="deploy.xql" mimetype="application/xquery" blob-id="c742eaae77200e73e697d4dae6553bb16f67918b1c6261f7c3c7ea6a2fb093df">
        <acl entries="0" version="1"/>
    </resource>
    <resource type="BinaryResource" name="source.xql" owner="admin" group="reading-room" mode="755" created="2019-08-20T09:36:11+02:00" modified="2023-06-28T09:16:01+02:00" filename="source.xql" mimetype="application/xquery" blob-id="50a670454836048d3253b1f53e7df95c7d143448b43234fc56cc76a10632cb57">
        <acl entries="0" version="1"/>
    </resource>
    <resource type="BinaryResource" name="entities.xql" owner="admin" group="reading-room" mode="755" created="2020-02-24T14:34:22+01:00" modified="2023-07-07T16:52:53+02:00" filename="entities.xql" mimetype="application/xquery" blob-id="7a740eb1840e430689d359f1f340355027db4aad91687b8781d772cc46db89c4">
        <acl entries="0" version="1"/>
    </resource>
    <resource type="BinaryResource" name="install.xql" owner="admin" group="reading-room" mode="755" created="2019-08-20T09:36:11+02:00" modified="2021-11-03T18:36:39+01:00" filename="install.xql" mimetype="application/xquery" blob-id="55602fc5ebd09cffe1b577588673dba8f882cf8792a7fea516a0bfd58d1b165d">
        <acl entries="0" version="1"/>
    </resource>
    <resource type="BinaryResource" name="log.xql" owner="admin" group="reading-room" mode="755" created="2019-08-20T09:36:11+02:00" modified="2022-12-16T13:22:20+01:00" filename="log.xql" mimetype="application/xquery" blob-id="8e84ccb4b6612e27182e83a6c5d20183aaf929171e376e5b9979559646fee834">
        <acl entries="0" version="1"/>
    </resource>
    <resource type="BinaryResource" name="levenshtein.xql" owner="admin" group="dba" mode="664" created="2022-07-05T14:43:52+02:00" modified="2022-07-05T14:48:03+02:00" filename="levenshtein.xql" mimetype="application/xquery" blob-id="71543b719f78379f8bf9f56e7ebd79fca353e1ddbd523be18e549f4521805d85">
        <acl entries="0" version="1"/>
    </resource>
    <resource type="BinaryResource" name="glossary.xql" owner="admin" group="reading-room" mode="755" created="2021-10-21T12:08:09+02:00" modified="2023-07-10T16:29:39+02:00" filename="glossary.xql" mimetype="application/xquery" blob-id="9d48c8ca8aa58e5fbe7e570b0b4d528c13c4766e20a56228d8f29609b2bfb2df">
        <acl entries="0" version="1"/>
    </resource>
    <resource type="BinaryResource" name="download.xql" owner="admin" group="reading-room" mode="755" created="2019-08-20T09:36:11+02:00" modified="2023-06-23T13:36:57+02:00" filename="download.xql" mimetype="application/xquery" blob-id="7e37f0adcefb54aebc05ce2220ebd7b01abe1aff73ab3f0246fd0ca0ea3cfff4">
        <acl entries="0" version="1"/>
    </resource>
    <resource type="BinaryResource" name="store.xql" owner="admin" group="reading-room" mode="755" created="2019-08-20T09:36:11+02:00" modified="2023-06-23T13:29:56+02:00" filename="store.xql" mimetype="application/xquery" blob-id="fe97851377bd991a9818a0b3de5aa05043b917f4e277290697ac02876cb595a7">
        <acl entries="0" version="1"/>
    </resource>
    <resource type="BinaryResource" name="search.xql" owner="admin" group="reading-room" mode="755" created="2019-08-20T09:36:11+02:00" modified="2023-07-10T16:30:48+02:00" filename="search.xql" mimetype="application/xquery" blob-id="551102ec5a9f012275475f260afd2099d811f6b101644f360496d1f5e377f448">
        <acl entries="0" version="1"/>
    </resource>
    <resource type="BinaryResource" name="section.xql" owner="admin" group="reading-room" mode="755" created="2019-08-20T09:36:11+02:00" modified="2023-07-10T16:57:45+02:00" filename="section.xql" mimetype="application/xquery" blob-id="60ed6da03ab9766d34a7a3f322ff005b7bec6ca4d2d754a7654bc49f97b02de7">
        <acl entries="0" version="1"/>
    </resource>
</collection>