<collection xmlns="http://exist.sourceforge.net/NS/exist" name="/db/apps/84000-reading-room/modules" owner="admin" group="reading-room" mode="755" created="2019-08-20T09:36:11+02:00" deduplicate-blobs="false" version="2">
    <acl entries="0" version="1"/>
    <resource type="BinaryResource" name="translations.xql" owner="admin" group="reading-room" mode="755" created="2019-08-20T09:36:11+02:00" modified="2021-08-02T13:47:52+02:00" filename="translations.xql" mimetype="application/xquery" blob-id="c7720a8506ce7ec946199f02c0a34f38f56ae15783d67e265f638f331e9e3332">
        <acl entries="0" version="1"/>
    </resource>
    <resource type="BinaryResource" name="translation.xql" owner="admin" group="reading-room" mode="755" created="2019-08-20T09:36:11+02:00" modified="2021-08-02T15:36:13+02:00" filename="translation.xql" mimetype="application/xquery" blob-id="92e4887b2e7596204761219a1d21270e88a4ad07e27811b2d12e58f27e50f521">
        <acl entries="0" version="1"/>
    </resource>
    <resource type="BinaryResource" name="search.xql" owner="admin" group="reading-room" mode="755" created="2019-08-20T09:36:11+02:00" modified="2021-08-03T13:24:49+02:00" filename="search.xql" mimetype="application/xquery" blob-id="58f90c465666c9eb731fe867c2b4c706e040dcb202b6fc19df5185ca31430c5d">
        <acl entries="0" version="1"/>
    </resource>
    <resource type="BinaryResource" name="entities.xql" owner="admin" group="reading-room" mode="755" created="2020-02-24T14:34:22+01:00" modified="2021-07-29T15:25:02+02:00" filename="entities.xql" mimetype="application/xquery" blob-id="8195e8338f155ebe398a6f703fddfc849d94edef4bfdebb581ecd47ce394728d">
        <acl entries="0" version="1"/>
    </resource>
    <resource type="BinaryResource" name="knowledgebase.xql" owner="admin" group="reading-room" mode="755" created="2020-08-17T16:43:11+02:00" modified="2021-07-29T15:25:06+02:00" filename="knowledgebase.xql" mimetype="application/xquery" blob-id="4927c9dbe37d09cafcb25a53f259bdd06aef2542aeee79b655e3c20e940dadad">
        <acl entries="0" version="1"/>
    </resource>
    <resource type="BinaryResource" name="glossary.xql" owner="admin" group="reading-room" mode="755" created="2019-08-20T09:36:11+02:00" modified="2021-07-29T15:25:09+02:00" filename="glossary.xql" mimetype="application/xquery" blob-id="fd21582823aea71192b299f9a2278854a9b71768c1e64ed7c54367e01199bb2a">
        <acl entries="0" version="1"/>
    </resource>
    <resource type="BinaryResource" name="sponsors.xql" owner="admin" group="reading-room" mode="755" created="2019-08-20T09:36:11+02:00" modified="2021-07-29T15:25:23+02:00" filename="sponsors.xql" mimetype="application/xquery" blob-id="83c7c035fe500348956d151190cdbdacade603357296973653601f30d95a1420">
        <acl entries="0" version="1"/>
    </resource>
    <resource type="BinaryResource" name="deploy.xql" owner="admin" group="reading-room" mode="755" created="2019-08-20T09:36:11+02:00" modified="2021-07-29T15:25:54+02:00" filename="deploy.xql" mimetype="application/xquery" blob-id="3db799a1f72e0539ca0c4fb76ddbf018c6fd352f75d7e2eb101271f6a4d4da31">
        <acl entries="0" version="1"/>
    </resource>
    <resource type="BinaryResource" name="install.xql" owner="admin" group="reading-room" mode="755" created="2019-08-20T09:36:11+02:00" modified="2021-07-29T15:25:54+02:00" filename="install.xql" mimetype="application/xquery" blob-id="f1161080803449aed0f969a614169adc9179543849f56c5f36b6992ff65c28b3">
        <acl entries="0" version="1"/>
    </resource>
    <resource type="BinaryResource" name="section.xql" owner="admin" group="reading-room" mode="755" created="2019-08-20T09:36:11+02:00" modified="2021-07-29T15:25:54+02:00" filename="section.xql" mimetype="application/xquery" blob-id="8f66f37932315b2bda99f3d934332827f2e0b79afe648e9a003b1a4981abe6f4">
        <acl entries="0" version="1"/>
    </resource>
    <resource type="BinaryResource" name="log.xql" owner="admin" group="reading-room" mode="755" created="2019-08-20T09:36:11+02:00" modified="2021-07-29T15:25:56+02:00" filename="log.xql" mimetype="application/xquery" blob-id="b39987db81cd0aef3646399fd765343f94bdec4db989443faa95033e2f021e90">
        <acl entries="0" version="1"/>
    </resource>
    <resource type="BinaryResource" name="source.xql" owner="admin" group="reading-room" mode="755" created="2019-08-20T09:36:11+02:00" modified="2021-07-29T15:25:57+02:00" filename="source.xql" mimetype="application/xquery" blob-id="ba6e2f004d513c37adacdaf40d9f291a22003a616991db0d311502aaa173df06">
        <acl entries="0" version="1"/>
    </resource>
    <resource type="BinaryResource" name="contributors.xql" owner="admin" group="reading-room" mode="755" created="2019-08-20T09:36:11+02:00" modified="2021-07-29T15:26:05+02:00" filename="contributors.xql" mimetype="application/xquery" blob-id="0bfeb0057a52f1aac1741eaa0fdbba908b5da33ecf1021c1107e9399c46a2a4f">
        <acl entries="0" version="1"/>
    </resource>
    <resource type="BinaryResource" name="sponsorship.xql" owner="admin" group="reading-room" mode="755" created="2019-08-20T09:36:11+02:00" modified="2021-07-29T15:26:07+02:00" filename="sponsorship.xql" mimetype="application/xquery" blob-id="4458d369c0c587092dba6df8b8aff0e3b40fd86468c31080f7a1f61ead786180">
        <acl entries="0" version="1"/>
    </resource>
    <resource type="BinaryResource" name="tei-content.xql" owner="admin" group="reading-room" mode="755" created="2019-08-20T09:36:11+02:00" modified="2021-07-29T15:26:10+02:00" filename="tei-content.xql" mimetype="application/xquery" blob-id="300f333528015fdf713e4a5605329273af45e529efb1dfd0996428f4cd32f1e9">
        <acl entries="0" version="1"/>
    </resource>
    <resource type="BinaryResource" name="download.xql" owner="admin" group="reading-room" mode="755" created="2019-08-20T09:36:11+02:00" modified="2021-07-29T15:26:25+02:00" filename="download.xql" mimetype="application/xquery" blob-id="b38b684e5c5291601c7d53d52b63b80a0459f9f942b8850ecfcba34283bbd804">
        <acl entries="0" version="1"/>
    </resource>
    <resource type="BinaryResource" name="common.xql" owner="admin" group="reading-room" mode="755" created="2019-08-20T09:36:11+02:00" modified="2021-08-05T12:48:28+02:00" filename="common.xql" mimetype="application/xquery" blob-id="55282316f0a57f8660cba8e32084fe5fe66132fd4757edcb8de028bdb84490f9">
        <acl entries="0" version="1"/>
    </resource>
    <resource type="BinaryResource" name="store.xql" owner="admin" group="reading-room" mode="755" created="2019-08-20T09:36:11+02:00" modified="2021-07-29T15:26:32+02:00" filename="store.xql" mimetype="application/xquery" blob-id="2350c66be392cb31bfe47e2af28f10232abc980390e2f592078c5292db33ac1a">
        <acl entries="0" version="1"/>
    </resource>
</collection>