<collection xmlns="http://exist.sourceforge.net/NS/exist" name="/db/apps/84000-reading-room/modules" owner="admin" group="reading-room" mode="755" created="2019-08-20T09:36:11+02:00" deduplicate-blobs="false" version="2">
    <acl entries="0" version="1"/>
    <resource type="BinaryResource" name="download.xql" owner="admin" group="reading-room" mode="755" created="2019-08-20T09:36:11+02:00" modified="2019-10-24T15:23:32+02:00" filename="download.xql" mimetype="application/xquery" blob-id="a475a98241ad79414bef8689b7562e034071edc9b3d4ce95efdb1b2a11fa242c">
        <acl entries="0" version="1"/>
    </resource>
    <resource type="BinaryResource" name="contributors.xql" owner="admin" group="reading-room" mode="755" created="2019-08-20T09:36:11+02:00" modified="2020-09-21T15:42:02+02:00" filename="contributors.xql" mimetype="application/xquery" blob-id="926c3231c9e4f86515327c25fc98c0a0df88556f75dde093d740d5f7257102f5">
        <acl entries="0" version="1"/>
    </resource>
    <resource type="BinaryResource" name="source.xql" owner="admin" group="reading-room" mode="755" created="2019-08-20T09:36:11+02:00" modified="2020-07-31T15:56:11+02:00" filename="source.xql" mimetype="application/xquery" blob-id="8cba55619ba805f64bb6d53cc91770a50aba45f3113433bbd40bf037504985d3">
        <acl entries="0" version="1"/>
    </resource>
    <resource type="BinaryResource" name="glossary.xql" owner="admin" group="reading-room" mode="755" created="2019-08-20T09:36:11+02:00" modified="2020-09-22T10:20:21+02:00" filename="glossary.xql" mimetype="application/xquery" blob-id="7941ffb7ff8587177050ce14d40c9a7eb2f2d271b1b3efe551be2878b451368f">
        <acl entries="0" version="1"/>
    </resource>
    <resource type="BinaryResource" name="deploy.xql" owner="admin" group="reading-room" mode="755" created="2019-08-20T09:36:11+02:00" modified="2020-05-15T12:07:35+02:00" filename="deploy.xql" mimetype="application/xquery" blob-id="0a8a26fe5bfaf3ff29b26d67a85572d17ed08fe40eb0d35323dc289c7724b1ac">
        <acl entries="0" version="1"/>
    </resource>
    <resource type="BinaryResource" name="sponsorship.xql" owner="admin" group="reading-room" mode="755" created="2019-08-20T09:36:11+02:00" modified="2019-12-04T16:41:54+01:00" filename="sponsorship.xql" mimetype="application/xquery" blob-id="2790d53253e4bf99edc31417bc7238fc2db6dbeeeb7a1613e11e39f9d2b64a0a">
        <acl entries="0" version="1"/>
    </resource>
    <resource type="BinaryResource" name="translations.xql" owner="admin" group="reading-room" mode="755" created="2019-08-20T09:36:11+02:00" modified="2020-09-21T15:20:16+02:00" filename="translations.xql" mimetype="application/xquery" blob-id="11d2e647fec91d16c15f1a2165eb48c80782e3b3bc76fdabe69b623206f21845">
        <acl entries="0" version="1"/>
    </resource>
    <resource type="BinaryResource" name="install.xql" owner="admin" group="reading-room" mode="755" created="2019-08-20T09:36:11+02:00" modified="2019-10-01T10:32:51+02:00" filename="install.xql" mimetype="application/xquery" blob-id="f1161080803449aed0f969a614169adc9179543849f56c5f36b6992ff65c28b3">
        <acl entries="0" version="1"/>
    </resource>
    <resource type="BinaryResource" name="log.xql" owner="admin" group="reading-room" mode="755" created="2019-08-20T09:36:11+02:00" modified="2019-10-03T13:42:29+02:00" filename="log.xql" mimetype="application/xquery" blob-id="f8c1cee11ea1f0c2d8763c38bf32584427b04cc55b6c91201d80c318ac2df754">
        <acl entries="0" version="1"/>
    </resource>
    <resource type="BinaryResource" name="section.xql" owner="admin" group="reading-room" mode="755" created="2019-08-20T09:36:11+02:00" modified="2020-09-25T13:56:16+02:00" filename="section.xql" mimetype="application/xquery" blob-id="72450c9d57de6ed357f049b2f5b353b6eb7656ae2e8191c76e2a6458fa87981b">
        <acl entries="0" version="1"/>
    </resource>
    <resource type="BinaryResource" name="common.xql" owner="admin" group="reading-room" mode="755" created="2019-08-20T09:36:11+02:00" modified="2020-09-24T15:09:19+02:00" filename="common.xql" mimetype="application/xquery" blob-id="578a9c428a7d0fe1a0fa677e2fd5c4f2b77dd8ca222bde7313012c0b74e612b6">
        <acl entries="0" version="1"/>
    </resource>
    <resource type="BinaryResource" name="tei-content.xql" owner="admin" group="reading-room" mode="755" created="2019-08-20T09:36:11+02:00" modified="2020-09-23T17:43:59+02:00" filename="tei-content.xql" mimetype="application/xquery" blob-id="bc66655eba81502409ac66499c0e5901379d05e622d616ce400ded4d520cbff0">
        <acl entries="0" version="1"/>
    </resource>
    <resource type="BinaryResource" name="entities.xql" owner="admin" group="reading-room" mode="755" created="2020-02-24T14:34:22+01:00" modified="2020-07-13T15:05:50+02:00" filename="entities.xql" mimetype="application/xquery" blob-id="690d981970dfdfa0500a5c8f269d379916e4a32dc7ab21fba817c5766a941a60">
        <acl entries="0" version="1"/>
    </resource>
    <resource type="BinaryResource" name="search.xql" owner="admin" group="reading-room" mode="755" created="2019-08-20T09:36:11+02:00" modified="2020-09-25T11:52:39+02:00" filename="search.xql" mimetype="application/xquery" blob-id="2ccebdda4afb37c768001cea701403e9ddefdaf8a10b1d6f2454c6b966867627">
        <acl entries="0" version="1"/>
    </resource>
    <resource type="BinaryResource" name="translation.xql" owner="admin" group="reading-room" mode="755" created="2019-08-20T09:36:11+02:00" modified="2020-09-25T11:27:01+02:00" filename="translation.xql" mimetype="application/xquery" blob-id="9c52ecb82f6db02aa29fa41fdc0f65347e5be5fd5c0308674591063fb20205e6">
        <acl entries="0" version="1"/>
    </resource>
    <resource type="BinaryResource" name="store.xql" owner="admin" group="reading-room" mode="755" created="2019-08-20T09:36:11+02:00" modified="2020-08-27T17:36:30+02:00" filename="store.xql" mimetype="application/xquery" blob-id="43fa13c5ba7b70899fffe1126af48c46af26330432d1e5189dbb4559835c2d6e">
        <acl entries="0" version="1"/>
    </resource>
    <resource type="BinaryResource" name="sponsors.xql" owner="admin" group="reading-room" mode="755" created="2019-08-20T09:36:11+02:00" modified="2020-09-08T10:30:01+02:00" filename="sponsors.xql" mimetype="application/xquery" blob-id="1d137400736a01acc5775897d0c77247c7d87b18d40271448489393cc506f5fc">
        <acl entries="0" version="1"/>
    </resource>
    <resource type="BinaryResource" name="knowledgebase.xql" owner="admin" group="reading-room" mode="755" created="2020-08-17T16:43:11+02:00" modified="2020-09-01T12:33:41+02:00" filename="knowledgebase.xql" mimetype="application/xquery" blob-id="90c458ff790465c403d4066a137dea133b0cc978a717e815809351697748fee3">
        <acl entries="0" version="1"/>
    </resource>
</collection>