<collection xmlns="http://exist.sourceforge.net/NS/exist" name="/db/apps/84000-reading-room/modules" owner="admin" group="reading-room" mode="755" created="2019-08-20T09:36:11+02:00" deduplicate-blobs="false" version="2">
    <acl entries="0" version="1"/>
    <resource type="BinaryResource" name="knowledgebase.xql" owner="admin" group="reading-room" mode="755" created="2020-08-17T16:43:11+02:00" modified="2023-07-24T11:48:32+02:00" filename="knowledgebase.xql" mimetype="application/xquery" blob-id="ee6768116caa0312888e35b3d47edf0055a2d66e2f70ca334bf31c2f6c7ae13e">
        <acl entries="0" version="1"/>
    </resource>
    <resource type="BinaryResource" name="tei-content.xql" owner="admin" group="reading-room" mode="755" created="2019-08-20T09:36:11+02:00" modified="2023-07-24T14:23:58+02:00" filename="tei-content.xql" mimetype="application/xquery" blob-id="c4f5467850e24cb8c2549713b408c461129d92e17a41367c9226f70309b5b944">
        <acl entries="0" version="1"/>
    </resource>
    <resource type="BinaryResource" name="contributors.xql" owner="admin" group="reading-room" mode="755" created="2019-08-20T09:36:11+02:00" modified="2023-07-11T13:58:53+02:00" filename="contributors.xql" mimetype="application/xquery" blob-id="f886acb58f88c07bb7e5566bf84369bdb1572515ea483d06787eb30c3cbfef7f">
        <acl entries="0" version="1"/>
    </resource>
    <resource type="BinaryResource" name="sponsorship.xql" owner="admin" group="reading-room" mode="755" created="2019-08-20T09:36:11+02:00" modified="2023-06-30T13:08:03+02:00" filename="sponsorship.xql" mimetype="application/xquery" blob-id="b0bb448fe0e7f9189b1357c5b202cf76cb07559ae4665a9f8337e58741445ea0">
        <acl entries="0" version="1"/>
    </resource>
    <resource type="BinaryResource" name="entities.xql" owner="admin" group="reading-room" mode="755" created="2020-02-24T14:34:22+01:00" modified="2023-07-26T17:24:45+02:00" filename="entities.xql" mimetype="application/xquery" blob-id="5049ffdf67514dce7360bb9888d7bf6f5d86bdcdd8d2d4e8039da39fabf310f8">
        <acl entries="0" version="1"/>
    </resource>
    <resource type="BinaryResource" name="sponsors.xql" owner="admin" group="reading-room" mode="755" created="2019-08-20T09:36:11+02:00" modified="2023-07-06T09:51:20+02:00" filename="sponsors.xql" mimetype="application/xquery" blob-id="7349ba5320efb634e47bc6a5d912495b1965cebcbbd897383b48a1c5a4a11115">
        <acl entries="0" version="1"/>
    </resource>
    <resource type="BinaryResource" name="deploy.xql" owner="admin" group="reading-room" mode="755" created="2019-08-20T09:36:11+02:00" modified="2023-05-16T09:18:26+02:00" filename="deploy.xql" mimetype="application/xquery" blob-id="c742eaae77200e73e697d4dae6553bb16f67918b1c6261f7c3c7ea6a2fb093df">
        <acl entries="0" version="1"/>
    </resource>
    <resource type="BinaryResource" name="glossary.xql" owner="admin" group="reading-room" mode="755" created="2021-10-21T12:08:09+02:00" modified="2023-07-27T12:00:17+02:00" filename="glossary.xql" mimetype="application/xquery" blob-id="19df1691d2d62f0f58d9757ec86cd983b4632977e9a0ad0c617c52e868a67ba1">
        <acl entries="0" version="1"/>
    </resource>
    <resource type="BinaryResource" name="section.xql" owner="admin" group="reading-room" mode="755" created="2019-08-20T09:36:11+02:00" modified="2023-07-27T13:41:42+02:00" filename="section.xql" mimetype="application/xquery" blob-id="ccf964a68af0d2547569b70a9454c33e7a957d0413bb9e2c1ab52bf66c24aaae">
        <acl entries="0" version="1"/>
    </resource>
    <resource type="BinaryResource" name="translations.xql" owner="admin" group="reading-room" mode="755" created="2019-08-20T09:36:11+02:00" modified="2023-07-27T13:42:42+02:00" filename="translations.xql" mimetype="application/xquery" blob-id="e88dbd0f54b5cf9e06db1ba09dedf1a1bf6baac67c380de4aae2e2dc3b8ebcaf">
        <acl entries="0" version="1"/>
    </resource>
    <resource type="BinaryResource" name="source.xql" owner="admin" group="reading-room" mode="755" created="2019-08-20T09:36:11+02:00" modified="2023-06-28T09:16:01+02:00" filename="source.xql" mimetype="application/xquery" blob-id="50a670454836048d3253b1f53e7df95c7d143448b43234fc56cc76a10632cb57">
        <acl entries="0" version="1"/>
    </resource>
    <resource type="BinaryResource" name="install.xql" owner="admin" group="reading-room" mode="755" created="2019-08-20T09:36:11+02:00" modified="2021-11-03T18:36:39+01:00" filename="install.xql" mimetype="application/xquery" blob-id="55602fc5ebd09cffe1b577588673dba8f882cf8792a7fea516a0bfd58d1b165d">
        <acl entries="0" version="1"/>
    </resource>
    <resource type="BinaryResource" name="search.xql" owner="admin" group="reading-room" mode="755" created="2019-08-20T09:36:11+02:00" modified="2023-07-27T17:28:07+02:00" filename="search.xql" mimetype="application/xquery" blob-id="a3584ba87b480ed15bde63fb454dc3493ba10c9776f5bb41219b36bbd5441d7d">
        <acl entries="0" version="1"/>
    </resource>
    <resource type="BinaryResource" name="log.xql" owner="admin" group="reading-room" mode="755" created="2019-08-20T09:36:11+02:00" modified="2022-12-16T13:22:20+01:00" filename="log.xql" mimetype="application/xquery" blob-id="8e84ccb4b6612e27182e83a6c5d20183aaf929171e376e5b9979559646fee834">
        <acl entries="0" version="1"/>
    </resource>
    <resource type="BinaryResource" name="levenshtein.xql" owner="admin" group="dba" mode="664" created="2022-07-05T14:43:52+02:00" modified="2022-07-05T14:48:03+02:00" filename="levenshtein.xql" mimetype="application/xquery" blob-id="71543b719f78379f8bf9f56e7ebd79fca353e1ddbd523be18e549f4521805d85">
        <acl entries="0" version="1"/>
    </resource>
    <resource type="BinaryResource" name="translation.xql" owner="admin" group="reading-room" mode="755" created="2019-08-20T09:36:11+02:00" modified="2023-07-31T16:23:01+02:00" filename="translation.xql" mimetype="application/xquery" blob-id="1f4e68290a1d132345c47462b6201d1e3dfe5a4179eb41bf6714927bafaccd78">
        <acl entries="0" version="1"/>
    </resource>
    <resource type="BinaryResource" name="common.xql" owner="admin" group="reading-room" mode="755" created="2019-08-20T09:36:11+02:00" modified="2023-07-31T16:26:47+02:00" filename="common.xql" mimetype="application/xquery" blob-id="7cc01b18fd52dae569f874b269a8784991b4263f21b8207dc1b5cef84df4d203">
        <acl entries="0" version="1"/>
    </resource>
    <resource type="BinaryResource" name="download.xql" owner="admin" group="reading-room" mode="755" created="2019-08-20T09:36:11+02:00" modified="2023-06-23T13:36:57+02:00" filename="download.xql" mimetype="application/xquery" blob-id="7e37f0adcefb54aebc05ce2220ebd7b01abe1aff73ab3f0246fd0ca0ea3cfff4">
        <acl entries="0" version="1"/>
    </resource>
    <resource type="BinaryResource" name="store.xql" owner="admin" group="reading-room" mode="755" created="2019-08-20T09:36:11+02:00" modified="2023-06-23T13:29:56+02:00" filename="store.xql" mimetype="application/xquery" blob-id="fe97851377bd991a9818a0b3de5aa05043b917f4e277290697ac02876cb595a7">
        <acl entries="0" version="1"/>
    </resource>
</collection>