<collection xmlns="http://exist.sourceforge.net/NS/exist" name="/db/apps/84000-reading-room/modules" owner="admin" group="reading-room" mode="755" created="2019-08-20T09:36:11+02:00" deduplicate-blobs="false" version="2">
    <acl entries="0" version="1"/>
    <resource type="BinaryResource" name="section.xql" owner="admin" group="reading-room" mode="755" created="2019-08-20T09:36:11+02:00" modified="2022-02-14T11:43:22+01:00" filename="section.xql" mimetype="application/xquery" blob-id="c309c56bd66b620501cb467418ccfc50c73c1cfa12fd910ff147c4f63a7d6ade">
        <acl entries="0" version="1"/>
    </resource>
    <resource type="BinaryResource" name="source.xql" owner="admin" group="reading-room" mode="755" created="2019-08-20T09:36:11+02:00" modified="2022-06-29T10:35:34+02:00" filename="source.xql" mimetype="application/xquery" blob-id="947524645e9b7dac67732e3ec79ec2184ebecf55de951fd2096fb8a1159d1df5">
        <acl entries="0" version="1"/>
    </resource>
    <resource type="BinaryResource" name="sponsors.xql" owner="admin" group="reading-room" mode="755" created="2019-08-20T09:36:11+02:00" modified="2022-01-03T12:08:28+01:00" filename="sponsors.xql" mimetype="application/xquery" blob-id="165379cf3b59756b4f9d75d352a5ec6e08280567e3ad3a5669be2473a4cc24d2">
        <acl entries="0" version="1"/>
    </resource>
    <resource type="BinaryResource" name="tei-content.xql" owner="admin" group="reading-room" mode="755" created="2019-08-20T09:36:11+02:00" modified="2022-07-20T09:57:09+02:00" filename="tei-content.xql" mimetype="application/xquery" blob-id="9e94ffa5b15f72df821abf298c4cbb762ab35a2082c938fa539811d9de1969e3">
        <acl entries="0" version="1"/>
    </resource>
    <resource type="BinaryResource" name="store.xql" owner="admin" group="reading-room" mode="755" created="2019-08-20T09:36:11+02:00" modified="2022-03-22T12:36:01+01:00" filename="store.xql" mimetype="application/xquery" blob-id="aa5be5db9711da8e5f502c21bf981242f1ea365a2f4fceb07cbe63aa2634aa2b">
        <acl entries="0" version="1"/>
    </resource>
    <resource type="BinaryResource" name="knowledgebase.xql" owner="admin" group="reading-room" mode="755" created="2020-08-17T16:43:11+02:00" modified="2022-09-16T11:48:37+02:00" filename="knowledgebase.xql" mimetype="application/xquery" blob-id="3e5e789f498ed08dcf83a7a8025f7fb5402b0e0c4d7b3c19883b0c8fe2eb1bb1">
        <acl entries="0" version="1"/>
    </resource>
    <resource type="BinaryResource" name="contributors.xql" owner="admin" group="reading-room" mode="755" created="2019-08-20T09:36:11+02:00" modified="2021-09-27T11:01:38+02:00" filename="contributors.xql" mimetype="application/xquery" blob-id="0452ad2a5e4c79a3b89cca8b40fa8557bc54288c48f3fdca3bcde05705796124">
        <acl entries="0" version="1"/>
    </resource>
    <resource type="BinaryResource" name="common.xql" owner="admin" group="reading-room" mode="755" created="2019-08-20T09:36:11+02:00" modified="2022-07-08T13:41:23+02:00" filename="common.xql" mimetype="application/xquery" blob-id="59c13cae46811d17b12a91cd891b2ee66f425307c0662093acf5a3b879ef37e6">
        <acl entries="0" version="1"/>
    </resource>
    <resource type="BinaryResource" name="install.xql" owner="admin" group="reading-room" mode="755" created="2019-08-20T09:36:11+02:00" modified="2021-11-03T18:36:39+01:00" filename="install.xql" mimetype="application/xquery" blob-id="55602fc5ebd09cffe1b577588673dba8f882cf8792a7fea516a0bfd58d1b165d">
        <acl entries="0" version="1"/>
    </resource>
    <resource type="BinaryResource" name="deploy.xql" owner="admin" group="reading-room" mode="755" created="2019-08-20T09:36:11+02:00" modified="2022-04-08T15:48:40+02:00" filename="deploy.xql" mimetype="application/xquery" blob-id="6c4ad84c6e7d0b087b88aeadd6b6e7ca0c770ef4ca038bd8cb76229016c1d94c">
        <acl entries="0" version="1"/>
    </resource>
    <resource type="BinaryResource" name="translations.xql" owner="admin" group="reading-room" mode="755" created="2019-08-20T09:36:11+02:00" modified="2022-09-21T11:27:36+02:00" filename="translations.xql" mimetype="application/xquery" blob-id="abb1b75bf0fd27b67a5d1f9eca9400a0c9a3178b98389feb35034eed8be15363">
        <acl entries="0" version="1"/>
    </resource>
    <resource type="BinaryResource" name="translation.xql" owner="admin" group="reading-room" mode="755" created="2019-08-20T09:36:11+02:00" modified="2022-10-07T14:27:58+02:00" filename="translation.xql" mimetype="application/xquery" blob-id="2bacbab82058d5f1aa5141c0e990812bf382e1ba1b9796ebdcbe7a229e80bce4">
        <acl entries="0" version="1"/>
    </resource>
    <resource type="BinaryResource" name="entities.xql" owner="admin" group="reading-room" mode="755" created="2020-02-24T14:34:22+01:00" modified="2022-09-21T12:51:59+02:00" filename="entities.xql" mimetype="application/xquery" blob-id="445a0030db431f48d5f9f367e4470b212acb090bda049711fc7a67689849231b">
        <acl entries="0" version="1"/>
    </resource>
    <resource type="BinaryResource" name="glossary.xql" owner="admin" group="reading-room" mode="755" created="2021-10-21T12:08:09+02:00" modified="2022-09-21T21:06:19+02:00" filename="glossary.xql" mimetype="application/xquery" blob-id="63a1b821b63a8a479d890064d384037f434488701e59403a7a72e5a6d560ec6e">
        <acl entries="0" version="1"/>
    </resource>
    <resource type="BinaryResource" name="download.xql" owner="admin" group="reading-room" mode="755" created="2019-08-20T09:36:11+02:00" modified="2021-08-27T11:10:35+02:00" filename="download.xql" mimetype="application/xquery" blob-id="a697093aad9a11ab9e408e244d72e372736efd6a4533d5c3eae29c9855a211ee">
        <acl entries="0" version="1"/>
    </resource>
    <resource type="BinaryResource" name="levenshtein.xql" owner="admin" group="dba" mode="664" created="2022-07-05T14:43:52+02:00" modified="2022-07-05T14:48:03+02:00" filename="levenshtein.xql" mimetype="application/xquery" blob-id="71543b719f78379f8bf9f56e7ebd79fca353e1ddbd523be18e549f4521805d85">
        <acl entries="0" version="1"/>
    </resource>
    <resource type="BinaryResource" name="log.xql" owner="admin" group="reading-room" mode="755" created="2019-08-20T09:36:11+02:00" modified="2021-07-29T15:25:56+02:00" filename="log.xql" mimetype="application/xquery" blob-id="b39987db81cd0aef3646399fd765343f94bdec4db989443faa95033e2f021e90">
        <acl entries="0" version="1"/>
    </resource>
    <resource type="BinaryResource" name="sponsorship.xql" owner="admin" group="reading-room" mode="755" created="2019-08-20T09:36:11+02:00" modified="2021-07-29T15:26:07+02:00" filename="sponsorship.xql" mimetype="application/xquery" blob-id="4458d369c0c587092dba6df8b8aff0e3b40fd86468c31080f7a1f61ead786180">
        <acl entries="0" version="1"/>
    </resource>
    <resource type="BinaryResource" name="search.xql" owner="admin" group="reading-room" mode="755" created="2019-08-20T09:36:11+02:00" modified="2022-09-30T09:16:12+02:00" filename="search.xql" mimetype="application/xquery" blob-id="301c7c691994b1156f496bc8e722dc4cab92049ec6ffa9ec94b9274c1e281798">
        <acl entries="0" version="1"/>
    </resource>
</collection>