<collection xmlns="http://exist.sourceforge.net/NS/exist" name="/db/apps/84000-reading-room/modules" owner="admin" group="reading-room" mode="755" created="2019-08-20T09:36:11+02:00" deduplicate-blobs="false" version="2">
    <acl entries="0" version="1"/>
    <resource type="BinaryResource" name="knowledgebase.xql" owner="admin" group="reading-room" mode="755" created="2020-08-17T16:43:11+02:00" modified="2024-08-09T09:50:18+02:00" filename="knowledgebase.xql" mimetype="application/xquery" blob-id="8838f7c49de1f522d37319fdff58d9901a97f02fe9107447064420e8182ede76">
        <acl entries="0" version="1"/>
    </resource>
    <resource type="BinaryResource" name="glossary.xql" owner="admin" group="reading-room" mode="755" created="2021-10-21T12:08:09+02:00" modified="2024-09-08T07:50:37+02:00" filename="glossary.xql" mimetype="application/xquery" blob-id="5bb9e51a9c441e2d23bb6af734d0fff9c35d8a0005e9eca0a956e04ad120cb86">
        <acl entries="0" version="1"/>
    </resource>
    <resource type="BinaryResource" name="tei-content.xql" owner="admin" group="reading-room" mode="755" created="2019-08-20T09:36:11+02:00" modified="2024-09-27T18:14:55+02:00" filename="tei-content.xql" mimetype="application/xquery" blob-id="6c5993bfed9ad500af486f9588b4ede149c6cd11e80d117f1b9509257a7810e4">
        <acl entries="0" version="1"/>
    </resource>
    <resource type="BinaryResource" name="search.xql" owner="admin" group="reading-room" mode="755" created="2019-08-20T09:36:11+02:00" modified="2024-09-04T16:20:15+02:00" filename="search.xql" mimetype="application/xquery" blob-id="74f67aa1cc8f9fa32d07661b0067e056e46800e633a923dea313ea748d7305fb">
        <acl entries="0" version="1"/>
    </resource>
    <resource type="BinaryResource" name="entities.xql" owner="admin" group="reading-room" mode="755" created="2020-02-24T14:34:22+01:00" modified="2024-09-04T17:02:59+02:00" filename="entities.xql" mimetype="application/xquery" blob-id="5d6d580a968193e9738a067894c340a1eeb4062f5aaf30273e6ca19fb51adfd6">
        <acl entries="0" version="1"/>
    </resource>
    <resource type="BinaryResource" name="devanagari.xql" owner="admin" group="reading-room" mode="755" created="2024-02-29T09:26:32+01:00" modified="2024-03-15T13:54:36+01:00" filename="devanagari.xql" mimetype="application/xquery" blob-id="552f751465eed2833e46d027690db193f195d0848faf4cbf77b9d0a83ac632ee">
        <acl entries="0" version="1"/>
    </resource>
    <resource type="BinaryResource" name="contributors.xql" owner="admin" group="reading-room" mode="755" created="2019-08-20T09:36:11+02:00" modified="2024-09-04T17:19:41+02:00" filename="contributors.xql" mimetype="application/xquery" blob-id="b58e5be0bcf1db1811201bc0882561d9c7720bdaf30e7bd918c6751da0cb1c19">
        <acl entries="0" version="1"/>
    </resource>
    <resource type="BinaryResource" name="sponsors.xql" owner="admin" group="reading-room" mode="755" created="2019-08-20T09:36:11+02:00" modified="2024-04-15T09:03:24+02:00" filename="sponsors.xql" mimetype="application/xquery" blob-id="9754fda3181599799dfaecefb9eb795202f99f49a7e67ba96db35ae4f243f13a">
        <acl entries="0" version="1"/>
    </resource>
    <resource type="BinaryResource" name="machine-translation.xql" owner="admin" group="reading-room" mode="755" created="2023-09-14T12:30:54+02:00" modified="2023-11-16T19:14:42+01:00" filename="machine-translation.xql" mimetype="application/xquery" blob-id="ec76f9e73f51441f29ffbeeaeea43b507efbe8fdc683c75cb180f738f64b2d58">
        <acl entries="0" version="1"/>
    </resource>
    <resource type="BinaryResource" name="source.xql" owner="admin" group="reading-room" mode="755" created="2019-08-20T09:36:11+02:00" modified="2024-10-09T09:05:33+02:00" filename="source.xql" mimetype="application/xquery" blob-id="c99f2b017be3c153a67646724aa202d1c1c0961b8a31ad9fad14407a6ab1aa75">
        <acl entries="0" version="1"/>
    </resource>
    <resource type="BinaryResource" name="translations.xql" owner="admin" group="reading-room" mode="755" created="2019-08-20T09:36:11+02:00" modified="2024-06-27T10:08:13+02:00" filename="translations.xql" mimetype="application/xquery" blob-id="b511336880f6d752bd816e6b12cd9a7cae2ad7db634d3250114b6c2a7d32c37a">
        <acl entries="0" version="1"/>
    </resource>
    <resource type="BinaryResource" name="sponsorship.xql" owner="admin" group="reading-room" mode="755" created="2019-08-20T09:36:11+02:00" modified="2023-06-30T13:08:03+02:00" filename="sponsorship.xql" mimetype="application/xquery" blob-id="b0bb448fe0e7f9189b1357c5b202cf76cb07559ae4665a9f8337e58741445ea0">
        <acl entries="0" version="1"/>
    </resource>
    <resource type="BinaryResource" name="log.xql" owner="admin" group="reading-room" mode="755" created="2019-08-20T09:36:11+02:00" modified="2023-10-16T16:47:57+02:00" filename="log.xql" mimetype="application/xquery" blob-id="000ab254564e1dd8357123251ba3e4a911b20ce2a29382fd4751d579f3094ccc">
        <acl entries="0" version="1"/>
    </resource>
    <resource type="BinaryResource" name="section.xql" owner="admin" group="reading-room" mode="755" created="2019-08-20T09:36:11+02:00" modified="2024-06-28T12:09:05+02:00" filename="section.xql" mimetype="application/xquery" blob-id="190a1b61d37d58120239358d6ff44d88ea1aff79181134019e20ffe1adefe27e">
        <acl entries="0" version="1"/>
    </resource>
    <resource type="BinaryResource" name="install.xql" owner="admin" group="reading-room" mode="755" created="2019-08-20T09:36:11+02:00" modified="2021-11-03T18:36:39+01:00" filename="install.xql" mimetype="application/xquery" blob-id="55602fc5ebd09cffe1b577588673dba8f882cf8792a7fea516a0bfd58d1b165d">
        <acl entries="0" version="1"/>
    </resource>
    <resource type="BinaryResource" name="levenshtein.xql" owner="admin" group="reading-room" mode="755" created="2022-07-05T14:43:52+02:00" modified="2022-07-05T14:48:03+02:00" filename="levenshtein.xql" mimetype="application/xquery" blob-id="71543b719f78379f8bf9f56e7ebd79fca353e1ddbd523be18e549f4521805d85">
        <acl entries="0" version="1"/>
    </resource>
    <resource type="BinaryResource" name="deploy.xql" owner="admin" group="reading-room" mode="755" created="2019-08-20T09:36:11+02:00" modified="2024-09-02T13:13:15+02:00" filename="deploy.xql" mimetype="application/xquery" blob-id="9823145a9e761bb121c5f0c30f287a9d68ca0e8a449ef4e87b080330a4997a26">
        <acl entries="0" version="1"/>
    </resource>
    <resource type="BinaryResource" name="store.xql" owner="admin" group="reading-room" mode="755" created="2019-08-20T09:36:11+02:00" modified="2024-10-02T14:53:55+02:00" filename="store.xql" mimetype="application/xquery" blob-id="9e9d22541dff04a695e9cb43d94b4f824b04d39d45bc0ea6f14bcb9c6ed4e58f">
        <acl entries="0" version="1"/>
    </resource>
    <resource type="BinaryResource" name="translation.xql" owner="admin" group="reading-room" mode="755" created="2019-08-20T09:36:11+02:00" modified="2024-10-04T09:08:05+02:00" filename="translation.xql" mimetype="application/xquery" blob-id="e44fb83fc33356acfe9d45e65b969435dd01be4a2e47adfbf283fd320e95d8b0">
        <acl entries="0" version="1"/>
    </resource>
    <resource type="BinaryResource" name="common.xql" owner="admin" group="reading-room" mode="755" created="2019-08-20T09:36:11+02:00" modified="2024-08-02T16:48:59+02:00" filename="common.xql" mimetype="application/xquery" blob-id="3bf3bb1c5c11413dfa8150b227721368fd7c9f71e963d1a344d4340815f3ac5a">
        <acl entries="0" version="1"/>
    </resource>
</collection>