<collection xmlns="http://exist.sourceforge.net/NS/exist" name="/db/apps/84000-reading-room/modules" owner="admin" group="reading-room" mode="755" created="2019-08-20T09:36:11-04:00" deduplicate-blobs="false" version="2">
    <acl entries="0" version="1"/>
    <resource type="BinaryResource" name="tei-content.xql" owner="admin" group="reading-room" mode="755" created="2019-08-20T09:36:11-04:00" modified="2019-11-08T09:53:03-05:00" filename="tei-content.xql" mimetype="application/xquery" blob-id="51ee21d9c78543dafc9d2e0c784a5dd6382e91f6c982a6de8ef1d0bd0b6a9750">
        <acl entries="0" version="1"/>
    </resource>
    <resource type="BinaryResource" name="download.xql" owner="admin" group="reading-room" mode="755" created="2019-08-20T09:36:11-04:00" modified="2019-10-24T15:23:32-04:00" filename="download.xql" mimetype="application/xquery" blob-id="a475a98241ad79414bef8689b7562e034071edc9b3d4ce95efdb1b2a11fa242c">
        <acl entries="0" version="1"/>
    </resource>
    <resource type="BinaryResource" name="source.xql" owner="admin" group="reading-room" mode="755" created="2019-08-20T09:36:11-04:00" modified="2019-09-30T12:59:26-04:00" filename="source.xql" mimetype="application/xquery" blob-id="268aa283f98176593f342db374d0eae0a9066f812beffcc80a89f9213a84747e">
        <acl entries="0" version="1"/>
    </resource>
    <resource type="BinaryResource" name="common.xql" owner="admin" group="reading-room" mode="755" created="2019-08-20T09:36:11-04:00" modified="2019-11-12T14:05:08-05:00" filename="common.xql" mimetype="application/xquery" blob-id="3fce557c96176a7eafc47f8df6950532a82ce99a3b9534582abdd25643ce21f8">
        <acl entries="0" version="1"/>
    </resource>
    <resource type="BinaryResource" name="deploy.xql" owner="admin" group="reading-room" mode="755" created="2019-08-20T09:36:11-04:00" modified="2019-10-24T12:22:39-04:00" filename="deploy.xql" mimetype="application/xquery" blob-id="5131bf92b2473831728dcb3f67f081ac47b52ac72eba709b472df05328a97724">
        <acl entries="0" version="1"/>
    </resource>
    <resource type="BinaryResource" name="contributors.xql" owner="admin" group="reading-room" mode="755" created="2019-08-20T09:36:11-04:00" modified="2019-11-12T12:37:06-05:00" filename="contributors.xql" mimetype="application/xquery" blob-id="1aa512a4291d785c9035ea527c66fcd5011bb4efd35bb1e66748544cf2bdf461">
        <acl entries="0" version="1"/>
    </resource>
    <resource type="BinaryResource" name="store.xql" owner="admin" group="reading-room" mode="755" created="2019-08-20T09:36:11-04:00" modified="2019-11-06T14:48:10-05:00" filename="store.xql" mimetype="application/xquery" blob-id="58af84a4c5f2024588693f9066757c921d61bbe49724f01d43f85b6bbf44799a">
        <acl entries="0" version="1"/>
    </resource>
    <resource type="BinaryResource" name="sponsorship.xql" owner="admin" group="reading-room" mode="755" created="2019-08-20T09:36:11-04:00" modified="2019-09-17T15:01:25-04:00" filename="sponsorship.xql" mimetype="application/xquery" blob-id="8de65dda08f6a71b420a7269aaf2015e6651ea4f9ea844bad0e52d5b31ac9d47">
        <acl entries="0" version="1"/>
    </resource>
    <resource type="BinaryResource" name="search.xql" owner="admin" group="reading-room" mode="755" created="2019-08-20T09:36:11-04:00" modified="2019-11-12T12:37:11-05:00" filename="search.xql" mimetype="application/xquery" blob-id="ac95f1632d7342150def274c87239d03d406ad36dcb99a6468ee7cc21eeb4de3">
        <acl entries="0" version="1"/>
    </resource>
    <resource type="BinaryResource" name="install.xql" owner="admin" group="reading-room" mode="755" created="2019-08-20T09:36:11-04:00" modified="2019-10-01T10:32:51-04:00" filename="install.xql" mimetype="application/xquery" blob-id="f1161080803449aed0f969a614169adc9179543849f56c5f36b6992ff65c28b3">
        <acl entries="0" version="1"/>
    </resource>
    <resource type="BinaryResource" name="log.xql" owner="admin" group="reading-room" mode="755" created="2019-08-20T09:36:11-04:00" modified="2019-10-03T13:42:29-04:00" filename="log.xql" mimetype="application/xquery" blob-id="f8c1cee11ea1f0c2d8763c38bf32584427b04cc55b6c91201d80c318ac2df754">
        <acl entries="0" version="1"/>
    </resource>
    <resource type="BinaryResource" name="translation-status.xql" owner="admin" group="reading-room" mode="755" created="2019-08-20T09:36:11-04:00" modified="2019-10-01T15:09:19-04:00" filename="translation-status.xql" mimetype="application/xquery" blob-id="0140ca12992fe066395d62e955289c7fee494689d1040f2fb193869938a02502">
        <acl entries="0" version="1"/>
    </resource>
    <resource type="BinaryResource" name="section.xql" owner="admin" group="reading-room" mode="755" created="2019-08-20T09:36:11-04:00" modified="2019-10-02T09:49:46-04:00" filename="section.xql" mimetype="application/xquery" blob-id="57edfa05d0df341061a9dc81cd0f2aef77861405443f058d312d3e99117ceae4">
        <acl entries="0" version="1"/>
    </resource>
    <resource type="BinaryResource" name="sponsors.xql" owner="admin" group="reading-room" mode="755" created="2019-08-20T09:36:11-04:00" modified="2019-11-12T12:36:54-05:00" filename="sponsors.xql" mimetype="application/xquery" blob-id="409fded96f4c7589f3338e055eb46078231acb839c8e80f7e923f6f122c81287">
        <acl entries="0" version="1"/>
    </resource>
    <resource type="BinaryResource" name="translations.xql" owner="admin" group="reading-room" mode="755" created="2019-08-20T09:36:11-04:00" modified="2019-10-02T10:02:30-04:00" filename="translations.xql" mimetype="application/xquery" blob-id="c3eedca39db00da41b3e8acdcc52b62ec4d38201781703334e35396a4eb143ad">
        <acl entries="0" version="1"/>
    </resource>
    <resource type="BinaryResource" name="translation.xql" owner="admin" group="reading-room" mode="755" created="2019-08-20T09:36:11-04:00" modified="2019-11-12T12:36:38-05:00" filename="translation.xql" mimetype="application/xquery" blob-id="25c7f18eeacfd200c4c9b47ea9a8fabee58ee13af6f3477883e9072f0e497ae3">
        <acl entries="0" version="1"/>
    </resource>
    <resource type="BinaryResource" name="glossary.xql" owner="admin" group="reading-room" mode="755" created="2019-08-20T09:36:11-04:00" modified="2019-09-18T11:12:17-04:00" filename="glossary.xql" mimetype="application/xquery" blob-id="1cd08477017c492ef24b59845d9ad6130330aa42341d03a82875c0ae652b49ac">
        <acl entries="0" version="1"/>
    </resource>
</collection>