<collection xmlns="http://exist.sourceforge.net/NS/exist" name="/db/apps/84000-reading-room/modules" owner="admin" group="reading-room" mode="755" created="2019-08-20T09:36:11+02:00" deduplicate-blobs="false" version="2">
    <acl entries="0" version="1"/>
    <resource type="BinaryResource" name="section.xql" owner="admin" group="reading-room" mode="755" created="2019-08-20T09:36:11+02:00" modified="2022-02-14T11:43:22+01:00" filename="section.xql" mimetype="application/xquery" blob-id="c309c56bd66b620501cb467418ccfc50c73c1cfa12fd910ff147c4f63a7d6ade">
        <acl entries="0" version="1"/>
    </resource>
    <resource type="BinaryResource" name="source.xql" owner="admin" group="reading-room" mode="755" created="2019-08-20T09:36:11+02:00" modified="2022-06-29T10:35:34+02:00" filename="source.xql" mimetype="application/xquery" blob-id="947524645e9b7dac67732e3ec79ec2184ebecf55de951fd2096fb8a1159d1df5">
        <acl entries="0" version="1"/>
    </resource>
    <resource type="BinaryResource" name="sponsors.xql" owner="admin" group="reading-room" mode="755" created="2019-08-20T09:36:11+02:00" modified="2022-01-03T12:08:28+01:00" filename="sponsors.xql" mimetype="application/xquery" blob-id="165379cf3b59756b4f9d75d352a5ec6e08280567e3ad3a5669be2473a4cc24d2">
        <acl entries="0" version="1"/>
    </resource>
    <resource type="BinaryResource" name="knowledgebase.xql" owner="admin" group="reading-room" mode="755" created="2020-08-17T16:43:11+02:00" modified="2022-10-20T13:42:59+02:00" filename="knowledgebase.xql" mimetype="application/xquery" blob-id="1ec0d303d925bf9c2724f117fb047a3635cf93732b556ec86d2fe6aa04e51309">
        <acl entries="0" version="1"/>
    </resource>
    <resource type="BinaryResource" name="contributors.xql" owner="admin" group="reading-room" mode="755" created="2019-08-20T09:36:11+02:00" modified="2021-09-27T11:01:38+02:00" filename="contributors.xql" mimetype="application/xquery" blob-id="0452ad2a5e4c79a3b89cca8b40fa8557bc54288c48f3fdca3bcde05705796124">
        <acl entries="0" version="1"/>
    </resource>
    <resource type="BinaryResource" name="install.xql" owner="admin" group="reading-room" mode="755" created="2019-08-20T09:36:11+02:00" modified="2021-11-03T18:36:39+01:00" filename="install.xql" mimetype="application/xquery" blob-id="55602fc5ebd09cffe1b577588673dba8f882cf8792a7fea516a0bfd58d1b165d">
        <acl entries="0" version="1"/>
    </resource>
    <resource type="BinaryResource" name="deploy.xql" owner="admin" group="reading-room" mode="755" created="2019-08-20T09:36:11+02:00" modified="2022-04-08T15:48:40+02:00" filename="deploy.xql" mimetype="application/xquery" blob-id="6c4ad84c6e7d0b087b88aeadd6b6e7ca0c770ef4ca038bd8cb76229016c1d94c">
        <acl entries="0" version="1"/>
    </resource>
    <resource type="BinaryResource" name="tei-content.xql" owner="admin" group="reading-room" mode="755" created="2019-08-20T09:36:11+02:00" modified="2022-12-05T15:14:20+01:00" filename="tei-content.xql" mimetype="application/xquery" blob-id="d7523a7c052d34d49918ac9247e1cd0314c3ac9a122325419aa8f5cd08cea9b7">
        <acl entries="0" version="1"/>
    </resource>
    <resource type="BinaryResource" name="glossary.xql" owner="admin" group="reading-room" mode="755" created="2021-10-21T12:08:09+02:00" modified="2022-12-05T16:06:30+01:00" filename="glossary.xql" mimetype="application/xquery" blob-id="0bb4825c64ada2ac6b45bbaa95d4a69528ede32ccba226aa4ac7c2e19e7fa543">
        <acl entries="0" version="1"/>
    </resource>
    <resource type="BinaryResource" name="download.xql" owner="admin" group="reading-room" mode="755" created="2019-08-20T09:36:11+02:00" modified="2021-08-27T11:10:35+02:00" filename="download.xql" mimetype="application/xquery" blob-id="a697093aad9a11ab9e408e244d72e372736efd6a4533d5c3eae29c9855a211ee">
        <acl entries="0" version="1"/>
    </resource>
    <resource type="BinaryResource" name="levenshtein.xql" owner="admin" group="dba" mode="664" created="2022-07-05T14:43:52+02:00" modified="2022-07-05T14:48:03+02:00" filename="levenshtein.xql" mimetype="application/xquery" blob-id="71543b719f78379f8bf9f56e7ebd79fca353e1ddbd523be18e549f4521805d85">
        <acl entries="0" version="1"/>
    </resource>
    <resource type="BinaryResource" name="log.xql" owner="admin" group="reading-room" mode="755" created="2019-08-20T09:36:11+02:00" modified="2021-07-29T15:25:56+02:00" filename="log.xql" mimetype="application/xquery" blob-id="b39987db81cd0aef3646399fd765343f94bdec4db989443faa95033e2f021e90">
        <acl entries="0" version="1"/>
    </resource>
    <resource type="BinaryResource" name="sponsorship.xql" owner="admin" group="reading-room" mode="755" created="2019-08-20T09:36:11+02:00" modified="2021-07-29T15:26:07+02:00" filename="sponsorship.xql" mimetype="application/xquery" blob-id="4458d369c0c587092dba6df8b8aff0e3b40fd86468c31080f7a1f61ead786180">
        <acl entries="0" version="1"/>
    </resource>
    <resource type="BinaryResource" name="entities.xql" owner="admin" group="reading-room" mode="755" created="2020-02-24T14:34:22+01:00" modified="2022-12-07T15:39:13+01:00" filename="entities.xql" mimetype="application/xquery" blob-id="8063422fe2310f4ad747de5283cf6d3de02b2578f68ad4315674fe5121cf4d1e">
        <acl entries="0" version="1"/>
    </resource>
    <resource type="BinaryResource" name="translation.xql" owner="admin" group="reading-room" mode="755" created="2019-08-20T09:36:11+02:00" modified="2022-12-07T15:55:32+01:00" filename="translation.xql" mimetype="application/xquery" blob-id="d6475cec1e4573aa3062b0bb4ec9d1637f279c416f662ddedb5c2847ddcc9941">
        <acl entries="0" version="1"/>
    </resource>
    <resource type="BinaryResource" name="store.xql" owner="admin" group="reading-room" mode="755" created="2019-08-20T09:36:11+02:00" modified="2022-12-08T10:38:03+01:00" filename="store.xql" mimetype="application/xquery" blob-id="b14086bcda1705a5aadb7724da884683a34bc7b730f357658df7eea9465a8b09">
        <acl entries="0" version="1"/>
    </resource>
    <resource type="BinaryResource" name="translations.xql" owner="admin" group="reading-room" mode="755" created="2019-08-20T09:36:11+02:00" modified="2022-12-08T15:21:56+01:00" filename="translations.xql" mimetype="application/xquery" blob-id="88168a0397d9bf848da7e773d1bfeabf57900345a99de3edeee13ee4baa9ff92">
        <acl entries="0" version="1"/>
    </resource>
    <resource type="BinaryResource" name="common.xql" owner="admin" group="reading-room" mode="755" created="2019-08-20T09:36:11+02:00" modified="2022-12-12T10:18:35+01:00" filename="common.xql" mimetype="application/xquery" blob-id="570d5577a7cdeb57bb12cbe58d2a38fec9015c952c8378f3438c673bf5284315">
        <acl entries="0" version="1"/>
    </resource>
    <resource type="BinaryResource" name="search.xql" owner="admin" group="reading-room" mode="755" created="2019-08-20T09:36:11+02:00" modified="2022-12-12T14:30:09+01:00" filename="search.xql" mimetype="application/xquery" blob-id="e88dc52809f6353ccc719c26a329cb8198dbf1c39ec0b738483b706d84bb23ba">
        <acl entries="0" version="1"/>
    </resource>
</collection>