<collection xmlns="http://exist.sourceforge.net/NS/exist" name="/db/apps/84000-reading-room/modules" owner="admin" group="reading-room" mode="755" created="2019-08-20T09:36:11+02:00" deduplicate-blobs="false" version="2">
    <acl entries="0" version="1"/>
    <resource type="BinaryResource" name="section.xql" owner="admin" group="reading-room" mode="755" created="2019-08-20T09:36:11+02:00" modified="2020-12-08T19:53:00+01:00" filename="section.xql" mimetype="application/xquery" blob-id="8f0d98f1030a52ebb9de07a7d20047a7aeb0c2d9ce6973659a0679b8eeb44dc3">
        <acl entries="0" version="1"/>
    </resource>
    <resource type="BinaryResource" name="source.xql" owner="admin" group="reading-room" mode="755" created="2019-08-20T09:36:11+02:00" modified="2020-07-31T15:56:11+02:00" filename="source.xql" mimetype="application/xquery" blob-id="8cba55619ba805f64bb6d53cc91770a50aba45f3113433bbd40bf037504985d3">
        <acl entries="0" version="1"/>
    </resource>
    <resource type="BinaryResource" name="translation.xql" owner="admin" group="reading-room" mode="755" created="2019-08-20T09:36:11+02:00" modified="2021-02-04T12:12:08+01:00" filename="translation.xql" mimetype="application/xquery" blob-id="f6f2c0fa83265a937533729e0d4df65877b95f3c7286ea6c920507a5f2883bac">
        <acl entries="0" version="1"/>
    </resource>
    <resource type="BinaryResource" name="tei-content.xql" owner="admin" group="reading-room" mode="755" created="2019-08-20T09:36:11+02:00" modified="2021-02-02T13:30:39+01:00" filename="tei-content.xql" mimetype="application/xquery" blob-id="35d4da527e5a2a3fbb399e238dea8559e2e2435a55f2044f39747d87cd17968a">
        <acl entries="0" version="1"/>
    </resource>
    <resource type="BinaryResource" name="sponsorship.xql" owner="admin" group="reading-room" mode="755" created="2019-08-20T09:36:11+02:00" modified="2019-12-04T16:41:54+01:00" filename="sponsorship.xql" mimetype="application/xquery" blob-id="2790d53253e4bf99edc31417bc7238fc2db6dbeeeb7a1613e11e39f9d2b64a0a">
        <acl entries="0" version="1"/>
    </resource>
    <resource type="BinaryResource" name="install.xql" owner="admin" group="reading-room" mode="755" created="2019-08-20T09:36:11+02:00" modified="2019-10-01T10:32:51+02:00" filename="install.xql" mimetype="application/xquery" blob-id="f1161080803449aed0f969a614169adc9179543849f56c5f36b6992ff65c28b3">
        <acl entries="0" version="1"/>
    </resource>
    <resource type="BinaryResource" name="deploy.xql" owner="admin" group="reading-room" mode="755" created="2019-08-20T09:36:11+02:00" modified="2021-02-08T15:35:42+01:00" filename="deploy.xql" mimetype="application/xquery" blob-id="d7650f98a369b09a48a65eba7e33a75d2dfa7ffaaf38ef11b13252282a2022ea">
        <acl entries="0" version="1"/>
    </resource>
    <resource type="BinaryResource" name="download.xql" owner="admin" group="reading-room" mode="755" created="2019-08-20T09:36:11+02:00" modified="2020-12-10T09:39:58+01:00" filename="download.xql" mimetype="application/xquery" blob-id="96f4dd04b1f6a624a4fa3080107ae9c12fc55401c6a8d92d12b229d18de4ccc1">
        <acl entries="0" version="1"/>
    </resource>
    <resource type="BinaryResource" name="common.xql" owner="admin" group="reading-room" mode="755" created="2019-08-20T09:36:11+02:00" modified="2021-02-04T11:34:40+01:00" filename="common.xql" mimetype="application/xquery" blob-id="aa7e202dcd2cb9e1c17e3a0fd07835511cd4fce784c62352642d4ad8b9242553">
        <acl entries="0" version="1"/>
    </resource>
    <resource type="BinaryResource" name="translations.xql" owner="admin" group="reading-room" mode="755" created="2019-08-20T09:36:11+02:00" modified="2020-12-01T10:48:29+01:00" filename="translations.xql" mimetype="application/xquery" blob-id="7209cfd674b7e97d14b1f61648ba39bade440d4edde3ae7f039b3f5584e0417f">
        <acl entries="0" version="1"/>
    </resource>
    <resource type="BinaryResource" name="glossary.xql" owner="admin" group="reading-room" mode="755" created="2019-08-20T09:36:11+02:00" modified="2021-01-25T13:13:29+01:00" filename="glossary.xql" mimetype="application/xquery" blob-id="ee3eeca8a2e9d46e7c82548f8f9d4e3c788507aa2c05c9b0287ee1797d8c0643">
        <acl entries="0" version="1"/>
    </resource>
    <resource type="BinaryResource" name="contributors.xql" owner="admin" group="reading-room" mode="755" created="2019-08-20T09:36:11+02:00" modified="2020-11-16T16:58:27+01:00" filename="contributors.xql" mimetype="application/xquery" blob-id="99ada731a73f05f11434dab9bbba62b5cc05694fbb9c5df0a282aebc99b4415b">
        <acl entries="0" version="1"/>
    </resource>
    <resource type="BinaryResource" name="entities.xql" owner="admin" group="reading-room" mode="755" created="2020-02-24T14:34:22+01:00" modified="2020-07-13T15:05:50+02:00" filename="entities.xql" mimetype="application/xquery" blob-id="690d981970dfdfa0500a5c8f269d379916e4a32dc7ab21fba817c5766a941a60">
        <acl entries="0" version="1"/>
    </resource>
    <resource type="BinaryResource" name="store.xql" owner="admin" group="reading-room" mode="755" created="2019-08-20T09:36:11+02:00" modified="2021-01-20T15:44:32+01:00" filename="store.xql" mimetype="application/xquery" blob-id="23b4a6ff526935325a96e02a55f89f4c557b502a892dce87ae14f54efeedd920">
        <acl entries="0" version="1"/>
    </resource>
    <resource type="BinaryResource" name="sponsors.xql" owner="admin" group="reading-room" mode="755" created="2019-08-20T09:36:11+02:00" modified="2020-09-08T10:30:01+02:00" filename="sponsors.xql" mimetype="application/xquery" blob-id="1d137400736a01acc5775897d0c77247c7d87b18d40271448489393cc506f5fc">
        <acl entries="0" version="1"/>
    </resource>
    <resource type="BinaryResource" name="knowledgebase.xql" owner="admin" group="reading-room" mode="755" created="2020-08-17T16:43:11+02:00" modified="2020-09-01T12:33:41+02:00" filename="knowledgebase.xql" mimetype="application/xquery" blob-id="90c458ff790465c403d4066a137dea133b0cc978a717e815809351697748fee3">
        <acl entries="0" version="1"/>
    </resource>
    <resource type="BinaryResource" name="log.xql" owner="admin" group="reading-room" mode="755" created="2019-08-20T09:36:11+02:00" modified="2020-12-14T10:34:50+01:00" filename="log.xql" mimetype="application/xquery" blob-id="01f3d82ff98ff7792410ae1a960fd1e27cebfa977650593bde4ffc59b541c934">
        <acl entries="0" version="1"/>
    </resource>
    <resource type="BinaryResource" name="search.xql" owner="admin" group="reading-room" mode="755" created="2019-08-20T09:36:11+02:00" modified="2021-02-01T16:27:54+01:00" filename="search.xql" mimetype="application/xquery" blob-id="f374dd42ac4ed903bcfcbb412f36c85345f3af2e8ea5dc55bc1646cd9cde58ed">
        <acl entries="0" version="1"/>
    </resource>
</collection>