<collection xmlns="http://exist.sourceforge.net/NS/exist" name="/db/apps/84000-reading-room/modules" owner="admin" group="reading-room" mode="755" created="2019-08-20T15:36:11+02:00" deduplicate-blobs="false" version="2">
    <acl entries="0" version="1"/>
    <resource type="BinaryResource" name="install.xql" owner="admin" group="reading-room" mode="755" created="2019-08-20T15:36:11+02:00" modified="2019-08-20T15:36:11+02:00" filename="install.xql" mimetype="application/xquery" blob-id="9848475d0ec761bb82e9299ef89d89e317af6dc86ec3542af631bf37f7a708f0">
        <acl entries="0" version="1"/>
    </resource>
    <resource type="BinaryResource" name="log.xql" owner="admin" group="reading-room" mode="755" created="2019-08-20T15:36:11+02:00" modified="2019-08-20T15:36:11+02:00" filename="log.xql" mimetype="application/xquery" blob-id="704fc474377058868f1c8484dcd731e10c8f2c739efe15ec4de929a169c11f19">
        <acl entries="0" version="1"/>
    </resource>
    <resource type="BinaryResource" name="contributors.xql" owner="admin" group="reading-room" mode="755" created="2019-08-20T15:36:11+02:00" modified="2019-08-20T15:36:11+02:00" filename="contributors.xql" mimetype="application/xquery" blob-id="16acc9fbf8e04c61311a9608847b4e75abd0d5eebb075c184cedcd57f5d85c13">
        <acl entries="0" version="1"/>
    </resource>
    <resource type="BinaryResource" name="glossary.xql" owner="admin" group="reading-room" mode="755" created="2019-08-20T15:36:11+02:00" modified="2019-08-21T09:15:10+02:00" filename="glossary.xql" mimetype="application/xquery" blob-id="7b5092ff72f8322bb485be02372cbc1cd80f6ec58df85fb2ac985b5513b11a83">
        <acl entries="0" version="1"/>
    </resource>
    <resource type="BinaryResource" name="translations.xql" owner="admin" group="reading-room" mode="755" created="2019-08-20T15:36:11+02:00" modified="2019-08-20T15:36:11+02:00" filename="translations.xql" mimetype="application/xquery" blob-id="764afb27231c84051e95a6416265fda85e26b923ada65c94f4b59fac74a20d7d">
        <acl entries="0" version="1"/>
    </resource>
    <resource type="BinaryResource" name="tei-content.xql" owner="admin" group="reading-room" mode="755" created="2019-08-20T15:36:11+02:00" modified="2019-08-20T15:36:11+02:00" filename="tei-content.xql" mimetype="application/xquery" blob-id="cd0ddb42b367bfe68a26dd0df3c07512a07469c64cff8876803dbeac7975397a">
        <acl entries="0" version="1"/>
    </resource>
    <resource type="BinaryResource" name="source.xql" owner="admin" group="reading-room" mode="755" created="2019-08-20T15:36:11+02:00" modified="2019-08-20T15:36:11+02:00" filename="source.xql" mimetype="application/xquery" blob-id="1c0bab2f092a04af5767d4374dc1e168bbe9dfe8be026a1c2eb9690364de4701">
        <acl entries="0" version="1"/>
    </resource>
    <resource type="BinaryResource" name="common.xql" owner="admin" group="reading-room" mode="755" created="2019-08-20T15:36:11+02:00" modified="2019-08-20T15:36:11+02:00" filename="common.xql" mimetype="application/xquery" blob-id="9092b58f0c7b0c6c4d45e3eb5ce719c4fb977a181c2ab7f09287396f1f670c51">
        <acl entries="0" version="1"/>
    </resource>
    <resource type="BinaryResource" name="store.xql" owner="admin" group="reading-room" mode="755" created="2019-08-20T15:36:11+02:00" modified="2019-08-20T15:36:11+02:00" filename="store.xql" mimetype="application/xquery" blob-id="ed45e637d77422ccc59f267faf3df354ae47688ed9f6e0faafb98a666beaac7b">
        <acl entries="0" version="1"/>
    </resource>
    <resource type="BinaryResource" name="translation-status.xql" owner="admin" group="reading-room" mode="755" created="2019-08-20T15:36:11+02:00" modified="2019-08-20T15:36:11+02:00" filename="translation-status.xql" mimetype="application/xquery" blob-id="df1d6f8c0c88d47e6be57e62ab82eb33cf86a8164bd0b1666ccc3933f2d91dbe">
        <acl entries="0" version="1"/>
    </resource>
    <resource type="BinaryResource" name="download.xql" owner="admin" group="reading-room" mode="755" created="2019-08-20T15:36:11+02:00" modified="2019-08-20T15:36:11+02:00" filename="download.xql" mimetype="application/xquery" blob-id="4bab132ec46fd41c54780a0243f7ef84d2cf2874c125a0c9bd53f73456e02348">
        <acl entries="0" version="1"/>
    </resource>
    <resource type="BinaryResource" name="sponsors.xql" owner="admin" group="reading-room" mode="755" created="2019-08-20T15:36:11+02:00" modified="2019-08-26T16:43:49+02:00" filename="sponsors.xql" mimetype="application/xquery" blob-id="6fa800796078b4c591d570df47207bc7cdde73a97c1d724df72d3b354ffae33d">
        <acl entries="0" version="1"/>
    </resource>
    <resource type="BinaryResource" name="sponsorship.xql" owner="admin" group="reading-room" mode="755" created="2019-08-20T15:36:11+02:00" modified="2019-08-20T15:36:11+02:00" filename="sponsorship.xql" mimetype="application/xquery" blob-id="a7be7c3a1e454aac47076fc90ee02743184078be52d0d9c3350bfd772a9bba5c">
        <acl entries="0" version="1"/>
    </resource>
    <resource type="BinaryResource" name="translation.xql" owner="admin" group="reading-room" mode="755" created="2019-08-20T15:36:11+02:00" modified="2019-08-20T15:36:11+02:00" filename="translation.xql" mimetype="application/xquery" blob-id="898de82b536ef8713900e466135999b24292834178ed5da504234e63c679f348">
        <acl entries="0" version="1"/>
    </resource>
    <resource type="BinaryResource" name="search.xql" owner="admin" group="reading-room" mode="755" created="2019-08-20T15:36:11+02:00" modified="2019-08-26T16:37:11+02:00" filename="search.xql" mimetype="application/xquery" blob-id="b5907d37a716b18aa550a879e189cff5896fc718ea72f59ffaf8c4726b01718e">
        <acl entries="0" version="1"/>
    </resource>
    <resource type="BinaryResource" name="deploy.xql" owner="admin" group="reading-room" mode="755" created="2019-08-20T15:36:11+02:00" modified="2019-08-26T19:36:28+02:00" filename="deploy.xql" mimetype="application/xquery" blob-id="05df662838fd12391ede53b7eabd7c7bf352d5477e45fb7092952890dbed1271">
        <acl entries="0" version="1"/>
    </resource>
    <resource type="BinaryResource" name="section.xql" owner="admin" group="reading-room" mode="755" created="2019-08-20T15:36:11+02:00" modified="2019-08-20T16:37:33+02:00" filename="section.xql" mimetype="application/xquery" blob-id="346a6034516c463dace87b073330362aab5cf2dc8157f54deb0c482987887233">
        <acl entries="0" version="1"/>
    </resource>
</collection>