<collection xmlns="http://exist.sourceforge.net/NS/exist" name="/db/apps/84000-reading-room/modules" owner="admin" group="reading-room" mode="755" created="2018-10-28T10:46:26+01:00" deduplicate-blobs="false" version="2">
    <acl entries="0" version="1"/>
    <resource type="BinaryResource" name="sponsorship.xql" owner="admin" group="reading-room" mode="755" created="2019-06-04T16:20:22+02:00" modified="2019-06-19T15:56:57+02:00" filename="sponsorship.xql" mimetype="application/xquery" blob-id="a7be7c3a1e454aac47076fc90ee02743184078be52d0d9c3350bfd772a9bba5c">
        <acl entries="0" version="1"/>
    </resource>
    <resource type="BinaryResource" name="search.xql" owner="admin" group="reading-room" mode="755" created="2017-03-16T07:58:41+01:00" modified="2019-08-06T15:19:32+02:00" filename="search.xql" mimetype="application/xquery" blob-id="9b33979db7883106b606c20a8e80b18796121a0c23b7b5f4743fbf3cccc9eee3">
        <acl entries="0" version="1"/>
    </resource>
    <resource type="BinaryResource" name="log.xql" owner="admin" group="reading-room" mode="755" created="2017-03-20T11:15:12+01:00" modified="2019-05-30T17:36:55+02:00" filename="log.xql" mimetype="application/xquery" blob-id="704fc474377058868f1c8484dcd731e10c8f2c739efe15ec4de929a169c11f19">
        <acl entries="0" version="1"/>
    </resource>
    <resource type="BinaryResource" name="deploy.xql" owner="admin" group="reading-room" mode="755" created="2019-02-27T11:13:36+01:00" modified="2019-06-18T15:31:15+02:00" filename="deploy.xql" mimetype="application/xquery" blob-id="62bc3ca483d05ba7cb39d25701f814bf6d145431563ef432dde96cc985fb2b31">
        <acl entries="0" version="1"/>
    </resource>
    <resource type="BinaryResource" name="contributors.xql" owner="admin" group="reading-room" mode="755" created="2018-11-21T18:00:25+01:00" modified="2019-08-01T14:56:32+02:00" filename="contributors.xql" mimetype="application/xquery" blob-id="16acc9fbf8e04c61311a9608847b4e75abd0d5eebb075c184cedcd57f5d85c13">
        <acl entries="0" version="1"/>
    </resource>
    <resource type="BinaryResource" name="sponsors.xql" owner="admin" group="reading-room" mode="755" created="2018-08-30T13:02:01+02:00" modified="2019-08-01T14:51:29+02:00" filename="sponsors.xql" mimetype="application/xquery" blob-id="eb765619a43cb670f3c75f66c4cb0bf8db499331d81055b175b911ff1236a4c0">
        <acl entries="0" version="1"/>
    </resource>
    <resource type="BinaryResource" name="glossary.xql" owner="admin" group="reading-room" mode="755" created="2017-04-20T17:12:08+02:00" modified="2019-07-04T21:38:30+02:00" filename="glossary.xql" mimetype="application/xquery" blob-id="5c70900e6e8caaea610c12cbe1e98d8c2d56cd8713dfd692304a5c49025a5645">
        <acl entries="0" version="1"/>
    </resource>
    <resource type="BinaryResource" name="translation-status.xql" owner="admin" group="reading-room" mode="755" created="2018-11-26T15:19:45+01:00" modified="2019-07-03T13:38:26+02:00" filename="translation-status.xql" mimetype="application/xquery" blob-id="df1d6f8c0c88d47e6be57e62ab82eb33cf86a8164bd0b1666ccc3933f2d91dbe">
        <acl entries="0" version="1"/>
    </resource>
    <resource type="BinaryResource" name="translations.xql" owner="admin" group="reading-room" mode="755" created="2017-04-06T12:12:13+02:00" modified="2019-08-01T17:29:58+02:00" filename="translations.xql" mimetype="application/xquery" blob-id="764afb27231c84051e95a6416265fda85e26b923ada65c94f4b59fac74a20d7d">
        <acl entries="0" version="1"/>
    </resource>
    <resource type="BinaryResource" name="store.xql" owner="admin" group="reading-room" mode="755" created="2019-02-27T14:32:28+01:00" modified="2019-02-27T14:33:10+01:00" filename="store.xql" mimetype="application/xquery" blob-id="c186e41a9f2761765a9f3e3bd428ec38e26c1464aef7323f4faf1be13e172acd">
        <acl entries="0" version="1"/>
    </resource>
    <resource type="BinaryResource" name="translation.xql" owner="admin" group="reading-room" mode="755" created="2017-04-18T11:11:40+02:00" modified="2019-08-02T11:25:19+02:00" filename="translation.xql" mimetype="application/xquery" blob-id="898de82b536ef8713900e466135999b24292834178ed5da504234e63c679f348">
        <acl entries="0" version="1"/>
    </resource>
    <resource type="BinaryResource" name="download.xql" owner="admin" group="reading-room" mode="755" created="2018-09-07T11:46:46+02:00" modified="2018-12-21T11:30:38+01:00" filename="download.xql" mimetype="application/xquery" blob-id="48e05293c37c454603bc349491f374411b9e385955f916c2990c5ab023c3bdaf">
        <acl entries="0" version="1"/>
    </resource>
    <resource type="BinaryResource" name="source.xql" owner="admin" group="reading-room" mode="755" created="2018-02-08T11:45:34+01:00" modified="2019-03-21T11:12:44+01:00" filename="source.xql" mimetype="application/xquery" blob-id="99410ddb990befce8c634bad4b8ebe9498e4ce62ee8f1951e168b44271b7b3db">
        <acl entries="0" version="1"/>
    </resource>
    <resource type="BinaryResource" name="common.xql" owner="admin" group="reading-room" mode="755" created="2017-04-13T11:45:20+02:00" modified="2019-08-05T16:31:05+02:00" filename="common.xql" mimetype="application/xquery" blob-id="9092b58f0c7b0c6c4d45e3eb5ce719c4fb977a181c2ab7f09287396f1f670c51">
        <acl entries="0" version="1"/>
    </resource>
    <resource type="BinaryResource" name="section.xql" owner="admin" group="reading-room" mode="755" created="2017-04-07T12:20:54+02:00" modified="2019-06-26T11:19:03+02:00" filename="section.xql" mimetype="application/xquery" blob-id="346a6034516c463dace87b073330362aab5cf2dc8157f54deb0c482987887233">
        <acl entries="0" version="1"/>
    </resource>
    <resource type="BinaryResource" name="tei-content.xql" owner="admin" group="reading-room" mode="755" created="2018-06-18T16:01:53+02:00" modified="2019-06-07T11:47:08+02:00" filename="tei-content.xql" mimetype="application/xquery" blob-id="cd0ddb42b367bfe68a26dd0df3c07512a07469c64cff8876803dbeac7975397a">
        <acl entries="0" version="1"/>
    </resource>
</collection>