<collection xmlns="http://exist.sourceforge.net/NS/exist" name="/db/apps/84000-reading-room/modules" owner="admin" group="reading-room" mode="755" created="2019-08-20T09:36:11+02:00" deduplicate-blobs="false" version="2">
    <acl entries="0" version="1"/>
    <resource type="BinaryResource" name="source.xql" owner="admin" group="reading-room" mode="755" created="2019-08-20T09:36:11+02:00" modified="2020-03-18T12:33:34+01:00" filename="source.xql" mimetype="application/xquery" blob-id="d5175d81bb6c0a8af025bdc604217c3d77a9f9516dc70b563439a2d00aaa8302">
        <acl entries="0" version="1"/>
    </resource>
    <resource type="BinaryResource" name="download.xql" owner="admin" group="reading-room" mode="755" created="2019-08-20T09:36:11+02:00" modified="2019-10-24T15:23:32+02:00" filename="download.xql" mimetype="application/xquery" blob-id="a475a98241ad79414bef8689b7562e034071edc9b3d4ce95efdb1b2a11fa242c">
        <acl entries="0" version="1"/>
    </resource>
    <resource type="BinaryResource" name="deploy.xql" owner="admin" group="reading-room" mode="755" created="2019-08-20T09:36:11+02:00" modified="2019-12-11T14:39:00+01:00" filename="deploy.xql" mimetype="application/xquery" blob-id="5a393aeee8ed50cc3d609b5898eb0d3621ee84ba560d7338591853b1a7060d58">
        <acl entries="0" version="1"/>
    </resource>
    <resource type="BinaryResource" name="sponsors.xql" owner="admin" group="reading-room" mode="755" created="2019-08-20T09:36:11+02:00" modified="2019-11-20T15:30:25+01:00" filename="sponsors.xql" mimetype="application/xquery" blob-id="1d137400736a01acc5775897d0c77247c7d87b18d40271448489393cc506f5fc">
        <acl entries="0" version="1"/>
    </resource>
    <resource type="BinaryResource" name="search.xql" owner="admin" group="reading-room" mode="755" created="2019-08-20T09:36:11+02:00" modified="2020-03-18T09:33:29+01:00" filename="search.xql" mimetype="application/xquery" blob-id="a3a27e7054da4720fabff7ec9aee05d8a6e365e5e4be3ce0c07109984da3fdf6">
        <acl entries="0" version="1"/>
    </resource>
    <resource type="BinaryResource" name="entities.xql" owner="admin" group="reading-room" mode="755" created="2020-02-24T14:34:22+01:00" modified="2020-02-26T14:42:57+01:00" filename="entities.xql" mimetype="application/xquery" blob-id="0b8f9cb9d3dbe41d63dbece91589d10b00cfe02ec946775641351476007a0f05">
        <acl entries="0" version="1"/>
    </resource>
    <resource type="BinaryResource" name="contributors.xql" owner="admin" group="reading-room" mode="755" created="2019-08-20T09:36:11+02:00" modified="2019-11-15T13:33:36+01:00" filename="contributors.xql" mimetype="application/xquery" blob-id="1b778b16274d7873ca4e03fcd76aea43c5a84155eee6e769421a61a3f5258e3b">
        <acl entries="0" version="1"/>
    </resource>
    <resource type="BinaryResource" name="tei-content.xql" owner="admin" group="reading-room" mode="755" created="2019-08-20T09:36:11+02:00" modified="2020-03-19T17:39:39+01:00" filename="tei-content.xql" mimetype="application/xquery" blob-id="32c5e0d455850dd375e47fcf090046109ff7d3d5418407406520ee87ee4df12f">
        <acl entries="0" version="1"/>
    </resource>
    <resource type="BinaryResource" name="sponsorship.xql" owner="admin" group="reading-room" mode="755" created="2019-08-20T09:36:11+02:00" modified="2019-12-04T16:41:54+01:00" filename="sponsorship.xql" mimetype="application/xquery" blob-id="2790d53253e4bf99edc31417bc7238fc2db6dbeeeb7a1613e11e39f9d2b64a0a">
        <acl entries="0" version="1"/>
    </resource>
    <resource type="BinaryResource" name="section.xql" owner="admin" group="reading-room" mode="755" created="2019-08-20T09:36:11+02:00" modified="2020-03-13T12:23:54+01:00" filename="section.xql" mimetype="application/xquery" blob-id="4371d917035a3b0ee66d41b3a7456bd4ea0da52ca73527171e5badfe575c01dd">
        <acl entries="0" version="1"/>
    </resource>
    <resource type="BinaryResource" name="install.xql" owner="admin" group="reading-room" mode="755" created="2019-08-20T09:36:11+02:00" modified="2019-10-01T10:32:51+02:00" filename="install.xql" mimetype="application/xquery" blob-id="f1161080803449aed0f969a614169adc9179543849f56c5f36b6992ff65c28b3">
        <acl entries="0" version="1"/>
    </resource>
    <resource type="BinaryResource" name="translations.xql" owner="admin" group="reading-room" mode="755" created="2019-08-20T09:36:11+02:00" modified="2020-03-20T16:44:42+01:00" filename="translations.xql" mimetype="application/xquery" blob-id="84469a4e662505036ab1b987998ffbeaf08ccd71519749b94d299e0f321b1863">
        <acl entries="0" version="1"/>
    </resource>
    <resource type="BinaryResource" name="log.xql" owner="admin" group="reading-room" mode="755" created="2019-08-20T09:36:11+02:00" modified="2019-10-03T13:42:29+02:00" filename="log.xql" mimetype="application/xquery" blob-id="f8c1cee11ea1f0c2d8763c38bf32584427b04cc55b6c91201d80c318ac2df754">
        <acl entries="0" version="1"/>
    </resource>
    <resource type="BinaryResource" name="store.xql" owner="admin" group="reading-room" mode="755" created="2019-08-20T09:36:11+02:00" modified="2019-12-20T13:13:28+01:00" filename="store.xql" mimetype="application/xquery" blob-id="78b980d86bc8eb1587a40e33c1f3bf921693b0e46b4e5b019f8177747fad02b4">
        <acl entries="0" version="1"/>
    </resource>
    <resource type="BinaryResource" name="translation.xql" owner="admin" group="reading-room" mode="755" created="2019-08-20T09:36:11+02:00" modified="2020-03-19T16:33:22+01:00" filename="translation.xql" mimetype="application/xquery" blob-id="ec6fe5a080af23fcf85070c4081ebcd24060bab4b2732e5d48fe56c639eb2910">
        <acl entries="0" version="1"/>
    </resource>
    <resource type="BinaryResource" name="common.xql" owner="admin" group="reading-room" mode="755" created="2019-08-20T09:36:11+02:00" modified="2020-03-18T17:27:45+01:00" filename="common.xql" mimetype="application/xquery" blob-id="9f8f1b18b122fede9b09d4efd4726706ae1ef2a623695e30dfab5b9173a29c0e">
        <acl entries="0" version="1"/>
    </resource>
    <resource type="BinaryResource" name="glossary.xql" owner="admin" group="reading-room" mode="755" created="2019-08-20T09:36:11+02:00" modified="2020-03-18T17:24:56+01:00" filename="glossary.xql" mimetype="application/xquery" blob-id="ea6ee3cb252012ba58dc6538d3963d5ac72cc5a22743c7cc71bc1131b37e78ae">
        <acl entries="0" version="1"/>
    </resource>
</collection>