<collection xmlns="http://exist.sourceforge.net/NS/exist" name="/db/apps/84000-reading-room/modules" owner="admin" group="reading-room" mode="755" created="2018-10-28T10:46:26+01:00" version="1">
    <acl entries="0" version="1"/>
    <resource type="BinaryResource" name="translation-status.xql" owner="admin" group="reading-room" mode="755" created="2018-11-26T15:19:45+01:00" modified="2019-02-21T14:06:09+01:00" filename="translation-status.xql" mimetype="application/xquery">
        <acl entries="0" version="1"/>
    </resource>
    <resource type="BinaryResource" name="tei-content.xql" owner="admin" group="reading-room" mode="755" created="2018-06-18T16:01:53+02:00" modified="2019-02-13T13:32:04+01:00" filename="tei-content.xql" mimetype="application/xquery">
        <acl entries="0" version="1"/>
    </resource>
    <resource type="BinaryResource" name="log.xql" owner="admin" group="reading-room" mode="755" created="2017-03-20T11:15:12+01:00" modified="2018-12-04T10:39:34+01:00" filename="log.xql" mimetype="application/xquery">
        <acl entries="0" version="1"/>
    </resource>
    <resource type="BinaryResource" name="search.xql" owner="admin" group="reading-room" mode="755" created="2017-03-16T07:58:41+01:00" modified="2018-12-10T17:09:44+01:00" filename="search.xql" mimetype="application/xquery">
        <acl entries="0" version="1"/>
    </resource>
    <resource type="BinaryResource" name="glossary.xql" owner="admin" group="reading-room" mode="755" created="2017-04-20T17:12:08+02:00" modified="2019-02-13T10:55:21+01:00" filename="glossary.xql" mimetype="application/xquery">
        <acl entries="0" version="1"/>
    </resource>
    <resource type="BinaryResource" name="source.xql" owner="admin" group="reading-room" mode="755" created="2018-02-08T11:45:34+01:00" modified="2018-12-04T10:57:48+01:00" filename="source.xql" mimetype="application/xquery">
        <acl entries="0" version="1"/>
    </resource>
    <resource type="BinaryResource" name="translation.xql" owner="admin" group="reading-room" mode="755" created="2017-04-18T11:11:40+02:00" modified="2019-02-20T09:51:57+01:00" filename="translation.xql" mimetype="application/xquery">
        <acl entries="0" version="1"/>
    </resource>
    <resource type="BinaryResource" name="translations.xql" owner="admin" group="reading-room" mode="755" created="2017-04-06T12:12:13+02:00" modified="2019-02-18T14:08:43+01:00" filename="translations.xql" mimetype="application/xquery">
        <acl entries="0" version="1"/>
    </resource>
    <resource type="BinaryResource" name="section.xql" owner="admin" group="reading-room" mode="755" created="2017-04-07T12:20:54+02:00" modified="2019-02-08T17:40:25+01:00" filename="section.xql" mimetype="application/xquery">
        <acl entries="0" version="1"/>
    </resource>
    <resource type="BinaryResource" name="sponsors.xql" owner="admin" group="reading-room" mode="755" created="2018-08-30T13:02:01+02:00" modified="2019-02-12T13:53:38+01:00" filename="sponsors.xql" mimetype="application/xquery">
        <acl entries="0" version="1"/>
    </resource>
    <resource type="BinaryResource" name="download.xql" owner="admin" group="reading-room" mode="755" created="2018-09-07T11:46:46+02:00" modified="2018-12-21T11:30:38+01:00" filename="download.xql" mimetype="application/xquery">
        <acl entries="0" version="1"/>
    </resource>
    <resource type="BinaryResource" name="contributors.xql" owner="admin" group="reading-room" mode="755" created="2018-11-21T18:00:25+01:00" modified="2019-02-12T13:53:43+01:00" filename="contributors.xql" mimetype="application/xquery">
        <acl entries="0" version="1"/>
    </resource>
    <resource type="BinaryResource" name="common.xql" owner="admin" group="reading-room" mode="755" created="2017-04-13T11:45:20+02:00" modified="2019-02-18T12:34:52+01:00" filename="common.xql" mimetype="application/xquery">
        <acl entries="0" version="1"/>
    </resource>
</collection>