<collection xmlns="http://exist.sourceforge.net/NS/exist" name="/db/apps/84000-reading-room/modules" owner="admin" group="reading-room" mode="755" created="2018-10-28T10:46:26+01:00" deduplicate-blobs="false" version="2">
    <acl entries="0" version="1"/>
    <resource type="BinaryResource" name="translations.xql" owner="admin" group="reading-room" mode="755" created="2017-04-06T12:12:13+02:00" modified="2019-06-19T16:20:44+02:00" filename="translations.xql" mimetype="application/xquery" blob-id="5dbaf31223508af7b6c3464e5ac1b715c5a953bf527164d1d0c32e98b6778a05">
        <acl entries="0" version="1"/>
    </resource>
    <resource type="BinaryResource" name="sponsorship.xql" owner="admin" group="reading-room" mode="755" created="2019-06-04T16:20:22+02:00" modified="2019-06-19T15:56:57+02:00" filename="sponsorship.xql" mimetype="application/xquery" blob-id="a7be7c3a1e454aac47076fc90ee02743184078be52d0d9c3350bfd772a9bba5c">
        <acl entries="0" version="1"/>
    </resource>
    <resource type="BinaryResource" name="glossary.xql" owner="admin" group="reading-room" mode="755" created="2017-04-20T17:12:08+02:00" modified="2019-06-25T15:02:15+02:00" filename="glossary.xql" mimetype="application/xquery" blob-id="2581ccb2b8f8c95eb3fa232d1c2394d96d6e1e57ab57a6dca8da96620ce83a98">
        <acl entries="0" version="1"/>
    </resource>
    <resource type="BinaryResource" name="common.xql" owner="admin" group="reading-room" mode="755" created="2017-04-13T11:45:20+02:00" modified="2019-06-24T16:58:24+02:00" filename="common.xql" mimetype="application/xquery" blob-id="3cb5abd0260cc7486180841bb21432d5f8dc618d993734d17d3d4ddcb47265ed">
        <acl entries="0" version="1"/>
    </resource>
    <resource type="BinaryResource" name="log.xql" owner="admin" group="reading-room" mode="755" created="2017-03-20T11:15:12+01:00" modified="2019-05-30T17:36:55+02:00" filename="log.xql" mimetype="application/xquery" blob-id="704fc474377058868f1c8484dcd731e10c8f2c739efe15ec4de929a169c11f19">
        <acl entries="0" version="1"/>
    </resource>
    <resource type="BinaryResource" name="translation.xql" owner="admin" group="reading-room" mode="755" created="2017-04-18T11:11:40+02:00" modified="2019-06-25T15:02:37+02:00" filename="translation.xql" mimetype="application/xquery" blob-id="3661e91c84a8cd59291e831e0bf86d26c376bd6379f0a9d2437a69be74d037f2">
        <acl entries="0" version="1"/>
    </resource>
    <resource type="BinaryResource" name="deploy.xql" owner="admin" group="reading-room" mode="755" created="2019-02-27T11:13:36+01:00" modified="2019-06-18T15:31:15+02:00" filename="deploy.xql" mimetype="application/xquery" blob-id="62bc3ca483d05ba7cb39d25701f814bf6d145431563ef432dde96cc985fb2b31">
        <acl entries="0" version="1"/>
    </resource>
    <resource type="BinaryResource" name="sponsors.xql" owner="admin" group="reading-room" mode="755" created="2018-08-30T13:02:01+02:00" modified="2019-06-19T15:52:47+02:00" filename="sponsors.xql" mimetype="application/xquery" blob-id="228e7715965560e912f6518d944b5e03d7bb50a5150bcd3404ee0ff72e9960e5">
        <acl entries="0" version="1"/>
    </resource>
    <resource type="BinaryResource" name="contributors.xql" owner="admin" group="reading-room" mode="755" created="2018-11-21T18:00:25+01:00" modified="2019-06-19T15:52:41+02:00" filename="contributors.xql" mimetype="application/xquery" blob-id="030a88208fef6e167c03c36ae983837fd4b5d362bd44f2f2bb7942d036b7fd01">
        <acl entries="0" version="1"/>
    </resource>
    <resource type="BinaryResource" name="translation-status.xql" owner="admin" group="reading-room" mode="755" created="2018-11-26T15:19:45+01:00" modified="2019-06-18T10:08:53+02:00" filename="translation-status.xql" mimetype="application/xquery" blob-id="548e4ab58719842a9c8c00d2e489719b7ec7eaa953ca4cf62ece643bafc2907b">
        <acl entries="0" version="1"/>
    </resource>
    <resource type="BinaryResource" name="search.xql" owner="admin" group="reading-room" mode="755" created="2017-03-16T07:58:41+01:00" modified="2019-05-13T13:30:52+02:00" filename="search.xql" mimetype="application/xquery" blob-id="cb1868ba30082f4f88e10d136d0177594c0f864d3b2a6b2754a4d20cae741dc4">
        <acl entries="0" version="1"/>
    </resource>
    <resource type="BinaryResource" name="store.xql" owner="admin" group="reading-room" mode="755" created="2019-02-27T14:32:28+01:00" modified="2019-02-27T14:33:10+01:00" filename="store.xql" mimetype="application/xquery" blob-id="c186e41a9f2761765a9f3e3bd428ec38e26c1464aef7323f4faf1be13e172acd">
        <acl entries="0" version="1"/>
    </resource>
    <resource type="BinaryResource" name="download.xql" owner="admin" group="reading-room" mode="755" created="2018-09-07T11:46:46+02:00" modified="2018-12-21T11:30:38+01:00" filename="download.xql" mimetype="application/xquery" blob-id="48e05293c37c454603bc349491f374411b9e385955f916c2990c5ab023c3bdaf">
        <acl entries="0" version="1"/>
    </resource>
    <resource type="BinaryResource" name="source.xql" owner="admin" group="reading-room" mode="755" created="2018-02-08T11:45:34+01:00" modified="2019-03-21T11:12:44+01:00" filename="source.xql" mimetype="application/xquery" blob-id="99410ddb990befce8c634bad4b8ebe9498e4ce62ee8f1951e168b44271b7b3db">
        <acl entries="0" version="1"/>
    </resource>
    <resource type="BinaryResource" name="tei-content.xql" owner="admin" group="reading-room" mode="755" created="2018-06-18T16:01:53+02:00" modified="2019-06-07T11:47:08+02:00" filename="tei-content.xql" mimetype="application/xquery" blob-id="cd0ddb42b367bfe68a26dd0df3c07512a07469c64cff8876803dbeac7975397a">
        <acl entries="0" version="1"/>
    </resource>
    <resource type="BinaryResource" name="section.xql" owner="admin" group="reading-room" mode="755" created="2017-04-07T12:20:54+02:00" modified="2019-06-18T10:19:32+02:00" filename="section.xql" mimetype="application/xquery" blob-id="952b4c382b9b3222b6b316686c95bf20bd15e1387cc52d795186ba174335b521">
        <acl entries="0" version="1"/>
    </resource>
</collection>