<collection xmlns="http://exist.sourceforge.net/NS/exist" name="/db/apps/84000-reading-room/modules" owner="admin" group="reading-room" mode="755" created="2018-10-28T10:46:26+01:00" deduplicate-blobs="false" version="2">
    <acl entries="0" version="1"/>
    <resource type="BinaryResource" name="common.xql" owner="admin" group="reading-room" mode="755" created="2017-04-13T11:45:20+02:00" modified="2019-05-15T13:50:52+02:00" filename="common.xql" mimetype="application/xquery" blob-id="0c2e81fae864904292b013b7afbdd124652e4bec7f1132c3e4d6c93125868cc2">
        <acl entries="0" version="1"/>
    </resource>
    <resource type="BinaryResource" name="section.xql" owner="admin" group="reading-room" mode="755" created="2017-04-07T12:20:54+02:00" modified="2019-05-21T15:27:58+02:00" filename="section.xql" mimetype="application/xquery" blob-id="1aeee4cd83493cdcdf4a82db4024c5474dce1bfcb9ce430bc6bdf0d577f7373f">
        <acl entries="0" version="1"/>
    </resource>
    <resource type="BinaryResource" name="tei-content.xql" owner="admin" group="reading-room" mode="755" created="2018-06-18T16:01:53+02:00" modified="2019-05-20T17:56:24+02:00" filename="tei-content.xql" mimetype="application/xquery" blob-id="2892c30e945a42a570b80350fb70a02d795350e0dc17910b95307666c4735fff">
        <acl entries="0" version="1"/>
    </resource>
    <resource type="BinaryResource" name="log.xql" owner="admin" group="reading-room" mode="755" created="2017-03-20T11:15:12+01:00" modified="2018-12-04T10:39:34+01:00" filename="log.xql" mimetype="application/xquery" blob-id="c508b737c2b3cbc6a60b2a0886c4324ac9a1924589872002fe8d0dc464b5fc34">
        <acl entries="0" version="1"/>
    </resource>
    <resource type="BinaryResource" name="sponsors.xql" owner="admin" group="reading-room" mode="755" created="2018-08-30T13:02:01+02:00" modified="2019-02-12T13:53:38+01:00" filename="sponsors.xql" mimetype="application/xquery" blob-id="04115a3e4c568521f2103b27c9be99e6940ef567870fb47b0473793f658a1f1d">
        <acl entries="0" version="1"/>
    </resource>
    <resource type="BinaryResource" name="download.xql" owner="admin" group="reading-room" mode="755" created="2018-09-07T11:46:46+02:00" modified="2018-12-21T11:30:38+01:00" filename="download.xql" mimetype="application/xquery" blob-id="48e05293c37c454603bc349491f374411b9e385955f916c2990c5ab023c3bdaf">
        <acl entries="0" version="1"/>
    </resource>
    <resource type="BinaryResource" name="store.xql" owner="admin" group="reading-room" mode="755" created="2019-02-27T14:32:28+01:00" modified="2019-02-27T14:33:10+01:00" filename="store.xql" mimetype="application/xquery" blob-id="c186e41a9f2761765a9f3e3bd428ec38e26c1464aef7323f4faf1be13e172acd">
        <acl entries="0" version="1"/>
    </resource>
    <resource type="BinaryResource" name="translation.xql" owner="admin" group="reading-room" mode="755" created="2017-04-18T11:11:40+02:00" modified="2019-04-24T15:33:43+02:00" filename="translation.xql" mimetype="application/xquery" blob-id="acfe9f960a4cbf00a9ccb6433946f5e7a1a91b8a40a00db5a104fbb0aa504523">
        <acl entries="0" version="1"/>
    </resource>
    <resource type="BinaryResource" name="search.xql" owner="admin" group="reading-room" mode="755" created="2017-03-16T07:58:41+01:00" modified="2019-05-13T13:30:52+02:00" filename="search.xql" mimetype="application/xquery" blob-id="cb1868ba30082f4f88e10d136d0177594c0f864d3b2a6b2754a4d20cae741dc4">
        <acl entries="0" version="1"/>
    </resource>
    <resource type="BinaryResource" name="translation-status.xql" owner="admin" group="reading-room" mode="755" created="2018-11-26T15:19:45+01:00" modified="2019-02-27T11:05:52+01:00" filename="translation-status.xql" mimetype="application/xquery" blob-id="65bd7c2ba069ed775e7e80696a703ca45fd3c629e3be9c4efa8aaadae8327c27">
        <acl entries="0" version="1"/>
    </resource>
    <resource type="BinaryResource" name="deploy.xql" owner="admin" group="reading-room" mode="755" created="2019-02-27T11:13:36+01:00" modified="2019-03-04T17:02:07+01:00" filename="deploy.xql" mimetype="application/xquery" blob-id="739ca90ba59c03d175bd1d0fd00c05c5a329036a1308b2034e36366a6e9b0059">
        <acl entries="0" version="1"/>
    </resource>
    <resource type="BinaryResource" name="glossary.xql" owner="admin" group="reading-room" mode="755" created="2017-04-20T17:12:08+02:00" modified="2019-05-19T07:33:27+02:00" filename="glossary.xql" mimetype="application/xquery" blob-id="9f10ba0c12db55bf2ca22bc91a175c00d1f1661e84e7494a7bc7e022b9b0b63f">
        <acl entries="0" version="1"/>
    </resource>
    <resource type="BinaryResource" name="translations.xql" owner="admin" group="reading-room" mode="755" created="2017-04-06T12:12:13+02:00" modified="2019-05-10T13:49:22+02:00" filename="translations.xql" mimetype="application/xquery" blob-id="e051b8b45fc63f5968381f8812fb7e5b5da3597fb7b8b8e73b2e248d9f99e31d">
        <acl entries="0" version="1"/>
    </resource>
    <resource type="BinaryResource" name="contributors.xql" owner="admin" group="reading-room" mode="755" created="2018-11-21T18:00:25+01:00" modified="2019-05-03T10:41:24+02:00" filename="contributors.xql" mimetype="application/xquery" blob-id="feb24151d36f761f97a9cb9544e95f4ccf4a7b7b4af0922b0ab738272c9df8c2">
        <acl entries="0" version="1"/>
    </resource>
    <resource type="BinaryResource" name="source.xql" owner="admin" group="reading-room" mode="755" created="2018-02-08T11:45:34+01:00" modified="2019-03-21T11:12:44+01:00" filename="source.xql" mimetype="application/xquery" blob-id="99410ddb990befce8c634bad4b8ebe9498e4ce62ee8f1951e168b44271b7b3db">
        <acl entries="0" version="1"/>
    </resource>
</collection>