<collection xmlns="http://exist.sourceforge.net/NS/exist" name="/db/apps/84000-reading-room/modules" owner="admin" group="reading-room" mode="755" created="2019-08-20T09:36:11+02:00" deduplicate-blobs="false" version="2">
    <acl entries="0" version="1"/>
    <resource type="BinaryResource" name="translation.xql" owner="admin" group="reading-room" mode="755" created="2019-08-20T09:36:11+02:00" modified="2020-04-09T08:58:08+02:00" filename="translation.xql" mimetype="application/xquery" blob-id="77dc48743d5585eb008a2dbfb70d519959020477d5cf453766df9f2bdc8fe670">
        <acl entries="0" version="1"/>
    </resource>
    <resource type="BinaryResource" name="glossary.xql" owner="admin" group="reading-room" mode="755" created="2019-08-20T09:36:11+02:00" modified="2020-04-14T09:08:52+02:00" filename="glossary.xql" mimetype="application/xquery" blob-id="b74b785edcf7d884435b5e4b2b8357637f77237908ed692dde06029876f63f96">
        <acl entries="0" version="1"/>
    </resource>
    <resource type="BinaryResource" name="download.xql" owner="admin" group="reading-room" mode="755" created="2019-08-20T09:36:11+02:00" modified="2019-10-24T15:23:32+02:00" filename="download.xql" mimetype="application/xquery" blob-id="a475a98241ad79414bef8689b7562e034071edc9b3d4ce95efdb1b2a11fa242c">
        <acl entries="0" version="1"/>
    </resource>
    <resource type="BinaryResource" name="deploy.xql" owner="admin" group="reading-room" mode="755" created="2019-08-20T09:36:11+02:00" modified="2019-12-11T14:39:00+01:00" filename="deploy.xql" mimetype="application/xquery" blob-id="5a393aeee8ed50cc3d609b5898eb0d3621ee84ba560d7338591853b1a7060d58">
        <acl entries="0" version="1"/>
    </resource>
    <resource type="BinaryResource" name="sponsors.xql" owner="admin" group="reading-room" mode="755" created="2019-08-20T09:36:11+02:00" modified="2019-11-20T15:30:25+01:00" filename="sponsors.xql" mimetype="application/xquery" blob-id="1d137400736a01acc5775897d0c77247c7d87b18d40271448489393cc506f5fc">
        <acl entries="0" version="1"/>
    </resource>
    <resource type="BinaryResource" name="common.xql" owner="admin" group="reading-room" mode="755" created="2019-08-20T09:36:11+02:00" modified="2020-04-09T09:38:05+02:00" filename="common.xql" mimetype="application/xquery" blob-id="868fab19cba148af4d17bd38b464e326b312d626365ec8556ffe3922a42f2a24">
        <acl entries="0" version="1"/>
    </resource>
    <resource type="BinaryResource" name="entities.xql" owner="admin" group="reading-room" mode="755" created="2020-02-24T14:34:22+01:00" modified="2020-02-26T14:42:57+01:00" filename="entities.xql" mimetype="application/xquery" blob-id="0b8f9cb9d3dbe41d63dbece91589d10b00cfe02ec946775641351476007a0f05">
        <acl entries="0" version="1"/>
    </resource>
    <resource type="BinaryResource" name="search.xql" owner="admin" group="reading-room" mode="755" created="2019-08-20T09:36:11+02:00" modified="2020-03-18T09:33:29+01:00" filename="search.xql" mimetype="application/xquery" blob-id="a3a27e7054da4720fabff7ec9aee05d8a6e365e5e4be3ce0c07109984da3fdf6">
        <acl entries="0" version="1"/>
    </resource>
    <resource type="BinaryResource" name="sponsorship.xql" owner="admin" group="reading-room" mode="755" created="2019-08-20T09:36:11+02:00" modified="2019-12-04T16:41:54+01:00" filename="sponsorship.xql" mimetype="application/xquery" blob-id="2790d53253e4bf99edc31417bc7238fc2db6dbeeeb7a1613e11e39f9d2b64a0a">
        <acl entries="0" version="1"/>
    </resource>
    <resource type="BinaryResource" name="section.xql" owner="admin" group="reading-room" mode="755" created="2019-08-20T09:36:11+02:00" modified="2020-03-13T12:23:54+01:00" filename="section.xql" mimetype="application/xquery" blob-id="4371d917035a3b0ee66d41b3a7456bd4ea0da52ca73527171e5badfe575c01dd">
        <acl entries="0" version="1"/>
    </resource>
    <resource type="BinaryResource" name="install.xql" owner="admin" group="reading-room" mode="755" created="2019-08-20T09:36:11+02:00" modified="2019-10-01T10:32:51+02:00" filename="install.xql" mimetype="application/xquery" blob-id="f1161080803449aed0f969a614169adc9179543849f56c5f36b6992ff65c28b3">
        <acl entries="0" version="1"/>
    </resource>
    <resource type="BinaryResource" name="log.xql" owner="admin" group="reading-room" mode="755" created="2019-08-20T09:36:11+02:00" modified="2019-10-03T13:42:29+02:00" filename="log.xql" mimetype="application/xquery" blob-id="f8c1cee11ea1f0c2d8763c38bf32584427b04cc55b6c91201d80c318ac2df754">
        <acl entries="0" version="1"/>
    </resource>
    <resource type="BinaryResource" name="contributors.xql" owner="admin" group="reading-room" mode="755" created="2019-08-20T09:36:11+02:00" modified="2020-04-20T15:22:09+02:00" filename="contributors.xql" mimetype="application/xquery" blob-id="b12a1133d42a10283b5ba2948f107dc446f3d3a83c137b1abbe7bc7cd047ad9c">
        <acl entries="0" version="1"/>
    </resource>
    <resource type="BinaryResource" name="tei-content.xql" owner="admin" group="reading-room" mode="755" created="2019-08-20T09:36:11+02:00" modified="2020-04-08T19:05:17+02:00" filename="tei-content.xql" mimetype="application/xquery" blob-id="b12ad9cf619f047947926030119e02271e5585f241ddf4b7c7e5ab018af64e03">
        <acl entries="0" version="1"/>
    </resource>
    <resource type="BinaryResource" name="store.xql" owner="admin" group="reading-room" mode="755" created="2019-08-20T09:36:11+02:00" modified="2019-12-20T13:13:28+01:00" filename="store.xql" mimetype="application/xquery" blob-id="78b980d86bc8eb1587a40e33c1f3bf921693b0e46b4e5b019f8177747fad02b4">
        <acl entries="0" version="1"/>
    </resource>
    <resource type="BinaryResource" name="source.xql" owner="admin" group="reading-room" mode="755" created="2019-08-20T09:36:11+02:00" modified="2020-04-02T16:16:55+02:00" filename="source.xql" mimetype="application/xquery" blob-id="d5175d81bb6c0a8af025bdc604217c3d77a9f9516dc70b563439a2d00aaa8302">
        <acl entries="0" version="1"/>
    </resource>
    <resource type="BinaryResource" name="translations.xql" owner="admin" group="reading-room" mode="755" created="2019-08-20T09:36:11+02:00" modified="2020-04-22T12:55:12+02:00" filename="translations.xql" mimetype="application/xquery" blob-id="a41cc074880ea3f0ab95c7fccbc6eddd4d5db78755948c424f5a59ec3617ab59">
        <acl entries="0" version="1"/>
    </resource>
</collection>