<collection xmlns="http://exist.sourceforge.net/NS/exist" name="/db/apps/84000-reading-room/modules" owner="admin" group="reading-room" mode="755" created="2019-08-20T09:36:11+02:00" deduplicate-blobs="false" version="2">
    <acl entries="0" version="1"/>
    <resource type="BinaryResource" name="store.xql" owner="admin" group="reading-room" mode="755" created="2019-08-20T09:36:11+02:00" modified="2021-08-30T14:55:29+02:00" filename="store.xql" mimetype="application/xquery" blob-id="00bfb6580c25f514a1858a6073ce2ccdb3f2637a949951fea6cb03a21fc83340">
        <acl entries="0" version="1"/>
    </resource>
    <resource type="BinaryResource" name="knowledgebase.xql" owner="admin" group="reading-room" mode="755" created="2020-08-17T16:43:11+02:00" modified="2021-10-28T17:36:14+02:00" filename="knowledgebase.xql" mimetype="application/xquery" blob-id="0f76936d44850b5754d4de6191d5086cfa40b37e37e446d7edf51568d822a745">
        <acl entries="0" version="1"/>
    </resource>
    <resource type="BinaryResource" name="entities.xql" owner="admin" group="reading-room" mode="755" created="2020-02-24T14:34:22+01:00" modified="2021-10-28T17:36:27+02:00" filename="entities.xql" mimetype="application/xquery" blob-id="8cc12f5a6c4dfb3f80aa2d6312fb71d8041b851034e23d4bb90449357f6955f9">
        <acl entries="0" version="1"/>
    </resource>
    <resource type="BinaryResource" name="section.xql" owner="admin" group="reading-room" mode="755" created="2019-08-20T09:36:11+02:00" modified="2021-10-05T15:45:34+02:00" filename="section.xql" mimetype="application/xquery" blob-id="54252cdab922b495f77a3aaebe2ee6b7e1422d75a6e6c328c367f6b5271c987e">
        <acl entries="0" version="1"/>
    </resource>
    <resource type="BinaryResource" name="contributors.xql" owner="admin" group="reading-room" mode="755" created="2019-08-20T09:36:11+02:00" modified="2021-09-27T11:01:38+02:00" filename="contributors.xql" mimetype="application/xquery" blob-id="0452ad2a5e4c79a3b89cca8b40fa8557bc54288c48f3fdca3bcde05705796124">
        <acl entries="0" version="1"/>
    </resource>
    <resource type="BinaryResource" name="glossary.xql" owner="admin" group="reading-room" mode="755" created="2021-10-21T12:08:09+02:00" modified="2021-10-25T17:00:29+02:00" filename="glossary.xql" mimetype="application/xquery" blob-id="49db5f559475e1d782312cf9d3582c09a23db071c715cb3337d2e2d7d79fe2a6">
        <acl entries="0" version="1"/>
    </resource>
    <resource type="BinaryResource" name="translations.xql" owner="admin" group="reading-room" mode="755" created="2019-08-20T09:36:11+02:00" modified="2021-10-07T13:31:31+02:00" filename="translations.xql" mimetype="application/xquery" blob-id="2fdfceb19e35ed84b3fd19d1778a85103318f0443a1b999ec00af07821b86649">
        <acl entries="0" version="1"/>
    </resource>
    <resource type="BinaryResource" name="install.xql" owner="admin" group="reading-room" mode="755" created="2019-08-20T09:36:11+02:00" modified="2021-09-01T11:30:45+02:00" filename="install.xql" mimetype="application/xquery" blob-id="55602fc5ebd09cffe1b577588673dba8f882cf8792a7fea516a0bfd58d1b165d">
        <acl entries="0" version="1"/>
    </resource>
    <resource type="BinaryResource" name="translation.xql" owner="admin" group="reading-room" mode="755" created="2019-08-20T09:36:11+02:00" modified="2021-10-26T11:02:13+02:00" filename="translation.xql" mimetype="application/xquery" blob-id="a58ecc149956d5d27e1affd00075462fdbbda0327799d3617ac4c7491fed7198">
        <acl entries="0" version="1"/>
    </resource>
    <resource type="BinaryResource" name="common.xql" owner="admin" group="reading-room" mode="755" created="2019-08-20T09:36:11+02:00" modified="2021-10-08T13:21:41+02:00" filename="common.xql" mimetype="application/xquery" blob-id="81702a2e9a3f8b839b492a082d70df688b5e7574c64f778f5faa13d3e894075d">
        <acl entries="0" version="1"/>
    </resource>
    <resource type="BinaryResource" name="source.xql" owner="admin" group="reading-room" mode="755" created="2019-08-20T09:36:11+02:00" modified="2021-09-01T12:44:55+02:00" filename="source.xql" mimetype="application/xquery" blob-id="c5dc60f4577e1b54792f7ab8747d68ccd34c6d86850c1933d813be7d7cb90002">
        <acl entries="0" version="1"/>
    </resource>
    <resource type="BinaryResource" name="download.xql" owner="admin" group="reading-room" mode="755" created="2019-08-20T09:36:11+02:00" modified="2021-08-27T11:10:35+02:00" filename="download.xql" mimetype="application/xquery" blob-id="a697093aad9a11ab9e408e244d72e372736efd6a4533d5c3eae29c9855a211ee">
        <acl entries="0" version="1"/>
    </resource>
    <resource type="BinaryResource" name="log.xql" owner="admin" group="reading-room" mode="755" created="2019-08-20T09:36:11+02:00" modified="2021-07-29T15:25:56+02:00" filename="log.xql" mimetype="application/xquery" blob-id="b39987db81cd0aef3646399fd765343f94bdec4db989443faa95033e2f021e90">
        <acl entries="0" version="1"/>
    </resource>
    <resource type="BinaryResource" name="sponsorship.xql" owner="admin" group="reading-room" mode="755" created="2019-08-20T09:36:11+02:00" modified="2021-07-29T15:26:07+02:00" filename="sponsorship.xql" mimetype="application/xquery" blob-id="4458d369c0c587092dba6df8b8aff0e3b40fd86468c31080f7a1f61ead786180">
        <acl entries="0" version="1"/>
    </resource>
    <resource type="BinaryResource" name="sponsors.xql" owner="admin" group="reading-room" mode="755" created="2019-08-20T09:36:11+02:00" modified="2021-10-21T12:06:26+02:00" filename="sponsors.xql" mimetype="application/xquery" blob-id="165379cf3b59756b4f9d75d352a5ec6e08280567e3ad3a5669be2473a4cc24d2">
        <acl entries="0" version="1"/>
    </resource>
    <resource type="BinaryResource" name="search.xql" owner="admin" group="reading-room" mode="755" created="2019-08-20T09:36:11+02:00" modified="2021-10-26T16:04:01+02:00" filename="search.xql" mimetype="application/xquery" blob-id="524a5e8d1c48c540284b2798a11df3f629480ebb97fc6c2f134a006cf177fe44">
        <acl entries="0" version="1"/>
    </resource>
    <resource type="BinaryResource" name="deploy.xql" owner="admin" group="reading-room" mode="755" created="2019-08-20T09:36:11+02:00" modified="2021-09-06T17:36:49+02:00" filename="deploy.xql" mimetype="application/xquery" blob-id="c65f918e3f6e522bbd167b914f1fc12c99c452e31f14d753cabfc7acabdfa59b">
        <acl entries="0" version="1"/>
    </resource>
    <resource type="BinaryResource" name="tei-content.xql" owner="admin" group="reading-room" mode="755" created="2019-08-20T09:36:11+02:00" modified="2021-10-27T10:08:52+02:00" filename="tei-content.xql" mimetype="application/xquery" blob-id="c5e9eaa366d9abdd19de67cdd920968d4ce67211ae941ac5232a8fe7ff1adee2">
        <acl entries="0" version="1"/>
    </resource>
</collection>