<collection xmlns="http://exist.sourceforge.net/NS/exist" name="/db/apps/84000-reading-room/modules" owner="admin" group="reading-room" mode="755" created="2019-08-20T09:36:11+02:00" deduplicate-blobs="false" version="2">
    <acl entries="0" version="1"/>
    <resource type="BinaryResource" name="store.xql" owner="admin" group="reading-room" mode="755" created="2019-08-20T09:36:11+02:00" modified="2021-03-19T13:55:16+01:00" filename="store.xql" mimetype="application/xquery" blob-id="4913469995017976258dd81e0e80058f9871a9db5c3469a5bb3daba14667ccb4">
        <acl entries="0" version="1"/>
    </resource>
    <resource type="BinaryResource" name="section.xql" owner="admin" group="reading-room" mode="755" created="2019-08-20T09:36:11+02:00" modified="2020-12-08T19:53:00+01:00" filename="section.xql" mimetype="application/xquery" blob-id="8f0d98f1030a52ebb9de07a7d20047a7aeb0c2d9ce6973659a0679b8eeb44dc3">
        <acl entries="0" version="1"/>
    </resource>
    <resource type="BinaryResource" name="glossary.xql" owner="admin" group="reading-room" mode="755" created="2019-08-20T09:36:11+02:00" modified="2021-03-05T17:15:58+01:00" filename="glossary.xql" mimetype="application/xquery" blob-id="f6c29c852ffd46b499df23996e71f435616eb69eb366041317c31916ba51215d">
        <acl entries="0" version="1"/>
    </resource>
    <resource type="BinaryResource" name="entities.xql" owner="admin" group="reading-room" mode="755" created="2020-02-24T14:34:22+01:00" modified="2021-03-05T17:15:42+01:00" filename="entities.xql" mimetype="application/xquery" blob-id="02367b922d39319f337233fadd6fa591920a57b159f27494df394a957f6db540">
        <acl entries="0" version="1"/>
    </resource>
    <resource type="BinaryResource" name="translations.xql" owner="admin" group="reading-room" mode="755" created="2019-08-20T09:36:11+02:00" modified="2021-03-17T17:24:59+01:00" filename="translations.xql" mimetype="application/xquery" blob-id="bd0095f401188883a8cdffe6751e94e38685dbdb5fa9e6994fe07534f3f625e0">
        <acl entries="0" version="1"/>
    </resource>
    <resource type="BinaryResource" name="translation.xql" owner="admin" group="reading-room" mode="755" created="2019-08-20T09:36:11+02:00" modified="2021-03-19T13:10:52+01:00" filename="translation.xql" mimetype="application/xquery" blob-id="87eb903db084e631d2864dfcf89ef30e53ada277aaddbfacaa8274aa36e0fb96">
        <acl entries="0" version="1"/>
    </resource>
    <resource type="BinaryResource" name="tei-content.xql" owner="admin" group="reading-room" mode="755" created="2019-08-20T09:36:11+02:00" modified="2021-03-16T11:11:03+01:00" filename="tei-content.xql" mimetype="application/xquery" blob-id="0aade05d8751378b169eaad68da76d4fc228aabf736c7ce71a71b20619e02477">
        <acl entries="0" version="1"/>
    </resource>
    <resource type="BinaryResource" name="sponsors.xql" owner="admin" group="reading-room" mode="755" created="2019-08-20T09:36:11+02:00" modified="2021-03-12T12:57:30+01:00" filename="sponsors.xql" mimetype="application/xquery" blob-id="74127c33edf75e725f3f7f58fcef2f90f1a6e356d4fdcb084715abfd232f0dcf">
        <acl entries="0" version="1"/>
    </resource>
    <resource type="BinaryResource" name="contributors.xql" owner="admin" group="reading-room" mode="755" created="2019-08-20T09:36:11+02:00" modified="2021-03-12T12:54:53+01:00" filename="contributors.xql" mimetype="application/xquery" blob-id="93058c4f3684bd4bdbc6e91d770c678000bdecc27f9f5134c2cdc09e2074b87e">
        <acl entries="0" version="1"/>
    </resource>
    <resource type="BinaryResource" name="sponsorship.xql" owner="admin" group="reading-room" mode="755" created="2019-08-20T09:36:11+02:00" modified="2019-12-04T16:41:54+01:00" filename="sponsorship.xql" mimetype="application/xquery" blob-id="2790d53253e4bf99edc31417bc7238fc2db6dbeeeb7a1613e11e39f9d2b64a0a">
        <acl entries="0" version="1"/>
    </resource>
    <resource type="BinaryResource" name="deploy.xql" owner="admin" group="reading-room" mode="755" created="2019-08-20T09:36:11+02:00" modified="2021-02-08T17:27:17+01:00" filename="deploy.xql" mimetype="application/xquery" blob-id="3db799a1f72e0539ca0c4fb76ddbf018c6fd352f75d7e2eb101271f6a4d4da31">
        <acl entries="0" version="1"/>
    </resource>
    <resource type="BinaryResource" name="install.xql" owner="admin" group="reading-room" mode="755" created="2019-08-20T09:36:11+02:00" modified="2019-10-01T10:32:51+02:00" filename="install.xql" mimetype="application/xquery" blob-id="f1161080803449aed0f969a614169adc9179543849f56c5f36b6992ff65c28b3">
        <acl entries="0" version="1"/>
    </resource>
    <resource type="BinaryResource" name="source.xql" owner="admin" group="reading-room" mode="755" created="2019-08-20T09:36:11+02:00" modified="2021-02-17T14:20:36+01:00" filename="source.xql" mimetype="application/xquery" blob-id="ba6e2f004d513c37adacdaf40d9f291a22003a616991db0d311502aaa173df06">
        <acl entries="0" version="1"/>
    </resource>
    <resource type="BinaryResource" name="common.xql" owner="admin" group="reading-room" mode="755" created="2019-08-20T09:36:11+02:00" modified="2021-02-04T11:34:40+01:00" filename="common.xql" mimetype="application/xquery" blob-id="aa7e202dcd2cb9e1c17e3a0fd07835511cd4fce784c62352642d4ad8b9242553">
        <acl entries="0" version="1"/>
    </resource>
    <resource type="BinaryResource" name="download.xql" owner="admin" group="reading-room" mode="755" created="2019-08-20T09:36:11+02:00" modified="2021-03-17T16:59:06+01:00" filename="download.xql" mimetype="application/xquery" blob-id="b38b684e5c5291601c7d53d52b63b80a0459f9f942b8850ecfcba34283bbd804">
        <acl entries="0" version="1"/>
    </resource>
    <resource type="BinaryResource" name="knowledgebase.xql" owner="admin" group="reading-room" mode="755" created="2020-08-17T16:43:11+02:00" modified="2020-09-01T12:33:41+02:00" filename="knowledgebase.xql" mimetype="application/xquery" blob-id="90c458ff790465c403d4066a137dea133b0cc978a717e815809351697748fee3">
        <acl entries="0" version="1"/>
    </resource>
    <resource type="BinaryResource" name="log.xql" owner="admin" group="reading-room" mode="755" created="2019-08-20T09:36:11+02:00" modified="2020-12-14T10:34:50+01:00" filename="log.xql" mimetype="application/xquery" blob-id="01f3d82ff98ff7792410ae1a960fd1e27cebfa977650593bde4ffc59b541c934">
        <acl entries="0" version="1"/>
    </resource>
    <resource type="BinaryResource" name="search.xql" owner="admin" group="reading-room" mode="755" created="2019-08-20T09:36:11+02:00" modified="2021-02-01T16:27:54+01:00" filename="search.xql" mimetype="application/xquery" blob-id="f374dd42ac4ed903bcfcbb412f36c85345f3af2e8ea5dc55bc1646cd9cde58ed">
        <acl entries="0" version="1"/>
    </resource>
</collection>