<collection xmlns="http://exist.sourceforge.net/NS/exist" name="/db/apps/84000-operations" owner="admin" group="dba" mode="755" created="2018-05-08T11:53:09+02:00" deduplicate-blobs="false" version="2">
    <acl entries="0" version="1"/>
    <resource type="BinaryResource" name="pre-install.xql" owner="admin" group="dba" mode="644" created="2018-05-08T11:53:27+02:00" modified="2018-05-08T11:53:27+02:00" filename="pre-install.xql" mimetype="application/xquery" blob-id="607a1dc453e4ab1eb2d10cc1cb9236744218a7841ccbeb68067cdfbba83dad8f">
        <acl entries="0" version="1"/>
    </resource>
    <resource type="BinaryResource" name="controller.xql" owner="admin" group="dba" mode="755" created="2018-05-08T12:18:03+02:00" modified="2019-02-20T15:01:00+01:00" filename="controller.xql" mimetype="application/xquery" blob-id="d96c98da67b50cb1c8a4ba4cbf7f1a4c367003e0a6b8386b7c2c800c421ab171">
        <acl entries="0" version="1"/>
    </resource>
    <resource type="XMLResource" name="repo.xml" owner="admin" group="operations" mode="750" created="2018-05-08T11:53:27+02:00" modified="2018-12-03T14:45:52+01:00" filename="repo.xml" mimetype="application/xml">
        <acl entries="0" version="1"/>
    </resource>
    <resource type="XMLResource" name="expath-pkg.xml" owner="admin" group="operations" mode="750" created="2018-05-08T11:53:27+02:00" modified="2019-05-10T14:04:14+02:00" filename="expath-pkg.xml" mimetype="application/xml">
        <acl entries="0" version="1"/>
    </resource>
    <subcollection name="modules" filename="modules"/>
    <subcollection name="views" filename="views"/>
    <subcollection name="models" filename="models"/>
</collection>