<collection xmlns="http://exist.sourceforge.net/NS/exist" name="/db/apps/84000-operations" owner="admin" group="dba" mode="755" created="2018-05-08T11:53:09+02:00" version="1">
    <acl entries="0" version="1"/>
    <resource type="XMLResource" name="expath-pkg.xml" owner="admin" group="operations" mode="750" created="2018-05-08T11:53:27+02:00" modified="2019-01-24T14:34:06+01:00" filename="expath-pkg.xml" mimetype="application/xml">
        <acl entries="0" version="1"/>
    </resource>
    <resource type="BinaryResource" name="pre-install.xql" owner="admin" group="dba" mode="644" created="2018-05-08T11:53:27+02:00" modified="2018-05-08T11:53:27+02:00" filename="pre-install.xql" mimetype="application/xquery">
        <acl entries="0" version="1"/>
    </resource>
    <resource type="XMLResource" name="repo.xml" owner="admin" group="operations" mode="750" created="2018-05-08T11:53:27+02:00" modified="2018-12-03T14:45:52+01:00" filename="repo.xml" mimetype="text/xml">
        <acl entries="0" version="1"/>
    </resource>
    <resource type="BinaryResource" name="controller.xql" owner="admin" group="dba" mode="755" created="2018-05-08T12:18:03+02:00" modified="2018-12-03T14:47:12+01:00" filename="controller.xql" mimetype="application/xquery">
        <acl entries="0" version="1"/>
    </resource>
    <subcollection name="modules" filename="modules"/>
    <subcollection name="views" filename="views"/>
    <subcollection name="models" filename="models"/>
</collection>