<collection xmlns="http://exist.sourceforge.net/NS/exist" name="/db/apps/84000-operations" owner="admin" group="operations" mode="755" created="2019-08-13T15:12:22+02:00" deduplicate-blobs="false" version="2">
    <acl entries="0" version="1"/>
    <resource type="XMLResource" name="expath-pkg.xml" owner="admin" group="operations" mode="644" created="2019-08-13T15:12:22+02:00" modified="2024-06-07T16:12:56+02:00" filename="expath-pkg.xml" mimetype="application/xml">
        <acl entries="0" version="1"/>
    </resource>
    <resource type="XMLResource" name="repo.xml" owner="admin" group="operations" mode="644" created="2019-08-13T15:12:37+02:00" modified="2019-08-26T11:28:49+02:00" filename="repo.xml" mimetype="application/xml">
        <acl entries="0" version="1"/>
    </resource>
    <resource type="BinaryResource" name="controller.xql" owner="admin" group="operations" mode="755" created="2019-08-13T15:12:22+02:00" modified="2024-06-21T10:04:35+02:00" filename="controller.xql" mimetype="application/xquery" blob-id="0b650de7e1820ec2ca5910d458f0c03f600168f96cb89aa344da5b767e9eb050">
        <acl entries="0" version="1"/>
    </resource>
    <resource type="BinaryResource" name="README.md" owner="admin" group="operations" mode="644" created="2019-08-13T15:12:22+02:00" modified="2019-08-13T15:12:22+02:00" filename="README.md" mimetype="text/markdown" blob-id="bb90081fc03a2a69b0f52637c71df7d8f95344f2f9c597ef8ae9b0ef59a56efb">
        <acl entries="0" version="1"/>
    </resource>
    <resource type="BinaryResource" name="post-install.xql" owner="admin" group="operations" mode="700" created="2019-08-13T15:12:22+02:00" modified="2019-08-13T15:12:22+02:00" filename="post-install.xql" mimetype="application/xquery" blob-id="3e3615750e04621f4ccc6bcb969c16f62cb0117f0f5dd10162ce1f94634aa0fa">
        <acl entries="0" version="1"/>
    </resource>
    <subcollection name="views" filename="views"/>
    <subcollection name="config" filename="config"/>
    <subcollection name="modules" filename="modules"/>
    <subcollection name="models" filename="models"/>
    <subcollection name="scripts" filename="scripts"/>
</collection>