<meta xmlns="http://exist-db.org/xquery/repo">
    <description>84000 Operations</description>
    <author>84000 Translating the words of the Buddha</author>
    <website>http://84000.co</website>
    <status>stable</status>
    <license>GNU-LGPL</license>
    <copyright>true</copyright>
    <type>application</type>
    <target>84000-operations</target>
    <prepare/>
    <finish>post-install.xql</finish>
    <permissions user="admin" group="operations" mode="rw-r--r--"/>
    <deployed>2019-08-13T15:12:37.644+02:00</deployed>
</meta>