<collection xmlns="http://exist.sourceforge.net/NS/exist" name="/db/apps/84000-operations/modules" owner="admin" group="operations" mode="755" created="2019-08-13T15:12:22+02:00" deduplicate-blobs="false" version="2">
    <acl entries="0" version="1"/>
    <resource type="BinaryResource" name="update-entity.xql" owner="admin" group="operations" mode="750" created="2021-04-26T17:04:24+02:00" modified="2021-07-05T19:00:57+02:00" filename="update-entity.xql" mimetype="application/xquery" blob-id="1e4a7d3518482eda14c8df24930e51c2a5532d1b677c9c917acb367179e62b78">
        <acl entries="0" version="1"/>
    </resource>
    <resource type="BinaryResource" name="local.xql" owner="admin" group="operations" mode="755" created="2019-08-13T15:12:22+02:00" modified="2021-07-02T19:20:05+02:00" filename="local.xql" mimetype="application/xquery" blob-id="f4060a2277698cacc7856c734c2244b3925e45a3e6dc766e6fec6598642d94c4">
        <acl entries="0" version="1"/>
    </resource>
    <resource type="BinaryResource" name="file-upload.xql" owner="admin" group="operations" mode="754" created="2019-08-13T15:12:23+02:00" modified="2021-01-05T19:53:22+01:00" filename="file-upload.xql" mimetype="application/xquery" blob-id="d296742f0f25facacdc97daf1c508f95d66422543ee77c1405e294496a078ccb">
        <acl entries="0" version="1"/>
    </resource>
    <resource type="BinaryResource" name="translation-status.xql" owner="admin" group="reading-room" mode="755" created="2019-08-20T09:36:11+02:00" modified="2021-01-22T15:55:54+01:00" filename="translation-status.xql" mimetype="application/xquery" blob-id="35155b6e9edd644f117eeb2ea5b727c42eba5c124223058fe9774402ded37897">
        <acl entries="0" version="1"/>
    </resource>
    <resource type="BinaryResource" name="update-tei.xql" owner="admin" group="operations" mode="750" created="2019-08-13T15:12:22+02:00" modified="2021-07-08T10:36:22+02:00" filename="update-tei.xql" mimetype="application/xquery" blob-id="4c7d542cb1074667bb528fa43ec1f43b92cce1c092f4d69b25dc1d63d1421b23">
        <acl entries="0" version="1"/>
    </resource>
</collection>