<collection xmlns="http://exist.sourceforge.net/NS/exist" name="/db/apps/84000-operations/modules" owner="admin" group="operations" mode="755" created="2019-08-13T15:12:22+02:00" deduplicate-blobs="false" version="2">
    <acl entries="0" version="1"/>
    <resource type="BinaryResource" name="translation-status.xql" owner="admin" group="reading-room" mode="755" created="2019-08-20T09:36:11+02:00" modified="2020-04-08T18:47:42+02:00" filename="translation-status.xql" mimetype="application/xquery" blob-id="af25cdb0791fac96f23814875f76152641646bb58e37e0593e1b60f03f3b5357">
        <acl entries="0" version="1"/>
    </resource>
    <resource type="BinaryResource" name="update-translation.xql" owner="admin" group="operations" mode="755" created="2019-08-13T15:12:22+02:00" modified="2019-11-08T09:46:10+01:00" filename="update-translation.xql" mimetype="application/xquery" blob-id="de8003380048b4bc63c729273b0251101a82aadcceadcf7e2e15af387275f208">
        <acl entries="0" version="1"/>
    </resource>
    <resource type="BinaryResource" name="local.xql" owner="admin" group="operations" mode="755" created="2019-08-13T15:12:22+02:00" modified="2019-11-26T10:50:01+01:00" filename="local.xql" mimetype="application/xquery" blob-id="5fc531abbf0b776555adc27c453511802cbd3c1be345677d300daecd1ac16802">
        <acl entries="0" version="1"/>
    </resource>
    <resource type="BinaryResource" name="file-upload.xql" owner="admin" group="operations" mode="755" created="2019-08-13T15:12:23+02:00" modified="2020-03-20T16:23:48+01:00" filename="file-upload.xql" mimetype="application/xquery" blob-id="bc91fa53618590869a64671d5c011bc10dfac5b647644f84387357cabed0e5f7">
        <acl entries="0" version="1"/>
    </resource>
</collection>