<collection xmlns="http://exist.sourceforge.net/NS/exist" name="/db/apps/84000-operations/modules" owner="admin" group="operations" mode="755" created="2019-08-13T15:12:22+02:00" deduplicate-blobs="false" version="2">
    <acl entries="0" version="1"/>
    <resource type="BinaryResource" name="file-upload.xql" owner="admin" group="operations" mode="754" created="2019-08-13T15:12:23+02:00" modified="2023-03-28T16:02:42+02:00" filename="file-upload.xql" mimetype="application/xquery" blob-id="cc9f1288958007baa9f27a5f7301da55e0639d4917e12f569d8d8a95f3477cb3">
        <acl entries="0" version="1"/>
    </resource>
    <resource type="BinaryResource" name="local.xql" owner="admin" group="operations" mode="754" created="2019-08-13T15:12:22+02:00" modified="2023-07-25T11:09:37+02:00" filename="local.xql" mimetype="application/xquery" blob-id="3dec60203fb59fbeca1d23ece8baabc849ae8e2f5d25230d72159e9e023a23d5">
        <acl entries="0" version="1"/>
    </resource>
    <resource type="BinaryResource" name="update-entity.xql" owner="admin" group="operations" mode="750" created="2021-04-26T17:04:24+02:00" modified="2023-09-20T10:32:32+02:00" filename="update-entity.xql" mimetype="application/xquery" blob-id="5c2e77378fee8b833046420c57cd14ddc58a17aa2110a431c5dad1c82b4c03c4">
        <acl entries="0" version="1"/>
    </resource>
    <resource type="BinaryResource" name="translation-status.xql" owner="admin" group="operations" mode="754" created="2019-08-20T09:36:11+02:00" modified="2023-09-22T13:31:30+02:00" filename="translation-status.xql" mimetype="application/xquery" blob-id="652da8a2cb3ab1e2cd7c6414a1af22c497508889a571bbded4e067cc779f1ebe">
        <acl entries="0" version="1"/>
    </resource>
    <resource type="BinaryResource" name="update-tei.xql" owner="admin" group="operations" mode="750" created="2019-08-13T15:12:22+02:00" modified="2023-09-22T13:41:58+02:00" filename="update-tei.xql" mimetype="application/xquery" blob-id="321a70a447ccb1ebdf3867e88cc7efed90e864df9c70038b0f15c93ffab67213">
        <acl entries="0" version="1"/>
    </resource>
    <resource type="BinaryResource" name="update-tm.xql" owner="admin" group="operations" mode="750" created="2022-05-05T11:42:07+02:00" modified="2023-07-14T15:19:50+02:00" filename="update-tm.xql" mimetype="application/xquery" blob-id="6904d42760062b440a6c3e1eb561a8d8428583cf1e8feb52517761a087220a10">
        <acl entries="0" version="1"/>
    </resource>
</collection>