<collection xmlns="http://exist.sourceforge.net/NS/exist" name="/db/apps/84000-operations/modules" owner="admin" group="operations" mode="755" created="2019-08-13T15:12:22+02:00" deduplicate-blobs="false" version="2">
    <acl entries="0" version="1"/>
    <resource type="BinaryResource" name="file-upload.xql" owner="admin" group="operations" mode="754" created="2019-08-13T15:12:23+02:00" modified="2023-03-28T16:02:42+02:00" filename="file-upload.xql" mimetype="application/xquery" blob-id="cc9f1288958007baa9f27a5f7301da55e0639d4917e12f569d8d8a95f3477cb3">
        <acl entries="0" version="1"/>
    </resource>
    <resource type="BinaryResource" name="translation-status.xql" owner="admin" group="operations" mode="754" created="2019-08-20T09:36:11+02:00" modified="2023-07-24T13:15:44+02:00" filename="translation-status.xql" mimetype="application/xquery" blob-id="5e0cfb226cc0ffd8bf48ad00a5b736386e6baace04ee7e3a9235d6831220cf2a">
        <acl entries="0" version="1"/>
    </resource>
    <resource type="BinaryResource" name="update-entity.xql" owner="admin" group="operations" mode="750" created="2021-04-26T17:04:24+02:00" modified="2023-07-24T15:12:18+02:00" filename="update-entity.xql" mimetype="application/xquery" blob-id="1e1863cdf8e588f107c865048e79f88788a4d5ba189e8d1918bbc4e8db819af1">
        <acl entries="0" version="1"/>
    </resource>
    <resource type="BinaryResource" name="local.xql" owner="admin" group="operations" mode="754" created="2019-08-13T15:12:22+02:00" modified="2023-07-25T11:09:37+02:00" filename="local.xql" mimetype="application/xquery" blob-id="3dec60203fb59fbeca1d23ece8baabc849ae8e2f5d25230d72159e9e023a23d5">
        <acl entries="0" version="1"/>
    </resource>
    <resource type="BinaryResource" name="update-tei.xql" owner="admin" group="operations" mode="750" created="2019-08-13T15:12:22+02:00" modified="2023-07-26T18:14:35+02:00" filename="update-tei.xql" mimetype="application/xquery" blob-id="73be36b1319694b97d63dc9c36b51a6e8a2c9029c9ff9157de7d7210d63624aa">
        <acl entries="0" version="1"/>
    </resource>
    <resource type="BinaryResource" name="update-tm.xql" owner="admin" group="operations" mode="750" created="2022-05-05T11:42:07+02:00" modified="2023-07-14T15:19:50+02:00" filename="update-tm.xql" mimetype="application/xquery" blob-id="6904d42760062b440a6c3e1eb561a8d8428583cf1e8feb52517761a087220a10">
        <acl entries="0" version="1"/>
    </resource>
</collection>