<collection xmlns="http://exist.sourceforge.net/NS/exist" name="/db/apps/84000-operations/modules" owner="admin" group="operations" mode="755" created="2019-08-13T15:12:22+02:00" deduplicate-blobs="false" version="2">
    <acl entries="0" version="1"/>
    <resource type="BinaryResource" name="file-upload.xql" owner="admin" group="operations" mode="754" created="2019-08-13T15:12:23+02:00" modified="2023-03-28T16:02:42+02:00" filename="file-upload.xql" mimetype="application/xquery" blob-id="cc9f1288958007baa9f27a5f7301da55e0639d4917e12f569d8d8a95f3477cb3">
        <acl entries="0" version="1"/>
    </resource>
    <resource type="BinaryResource" name="translation-status.xql" owner="admin" group="operations" mode="754" created="2019-08-20T09:36:11+02:00" modified="2023-11-22T14:00:12+01:00" filename="translation-status.xql" mimetype="application/xquery" blob-id="853ab6b9c5598a517c4d395d2a57bc3f20f90efa3ef6033dd9fbfa4950d052d0">
        <acl entries="0" version="1"/>
    </resource>
    <resource type="BinaryResource" name="local.xql" owner="admin" group="operations" mode="754" created="2019-08-13T15:12:22+02:00" modified="2023-07-25T11:09:37+02:00" filename="local.xql" mimetype="application/xquery" blob-id="3dec60203fb59fbeca1d23ece8baabc849ae8e2f5d25230d72159e9e023a23d5">
        <acl entries="0" version="1"/>
    </resource>
    <resource type="BinaryResource" name="update-tm.xql" owner="admin" group="operations" mode="750" created="2022-05-05T11:42:07+02:00" modified="2023-11-29T10:19:38+01:00" filename="update-tm.xql" mimetype="application/xquery" blob-id="0b91b917478987d6badbe6f1d9d61e1ad4cb95757a11e0b25cfb7ae613c96ce6">
        <acl entries="0" version="1"/>
    </resource>
    <resource type="BinaryResource" name="update-tei.xql" owner="admin" group="operations" mode="750" created="2019-08-13T15:12:22+02:00" modified="2023-11-16T10:06:57+01:00" filename="update-tei.xql" mimetype="application/xquery" blob-id="17c4a2c6f3d3a0845da4d7a44bb655ec38f467c9c5a89aa24470a693a736481e">
        <acl entries="0" version="1"/>
    </resource>
    <resource type="BinaryResource" name="update-entity.xql" owner="admin" group="operations" mode="750" created="2021-04-26T17:04:24+02:00" modified="2023-10-23T05:38:07+02:00" filename="update-entity.xql" mimetype="application/xquery" blob-id="ed7b2a2ea7c64928b3d063171e944379b121f5b32768b61ce5ab0e244c8a035b">
        <acl entries="0" version="1"/>
    </resource>
</collection>