<collection xmlns="http://exist.sourceforge.net/NS/exist" name="/db/apps/84000-operations/modules" owner="admin" group="operations" mode="755" created="2019-08-13T15:12:22+02:00" deduplicate-blobs="false" version="2">
    <acl entries="0" version="1"/>
    <resource type="BinaryResource" name="update-entity.xql" owner="admin" group="operations" mode="750" created="2021-04-26T17:04:24+02:00" modified="2024-12-19T10:07:01+01:00" filename="update-entity.xql" mimetype="application/xquery" blob-id="43e959b926b5613cfd5ff0307fd82019dceb5363c6611a26d8d36ef38f2ab8c3">
        <acl entries="0" version="1"/>
    </resource>
    <resource type="BinaryResource" name="update-tei.xql" owner="admin" group="operations" mode="750" created="2019-08-13T15:12:22+02:00" modified="2024-12-19T12:03:45+01:00" filename="update-tei.xql" mimetype="application/xquery" blob-id="06c995d1f42648ed69f6cfb2fe85c7d9aa07275433b6d78a56b9f342383aaba4">
        <acl entries="0" version="1"/>
    </resource>
    <resource type="BinaryResource" name="webflow-api.xql" owner="admin" group="operations" mode="750" created="2024-05-08T15:31:35+02:00" modified="2025-01-03T14:47:03+01:00" filename="webflow-api.xql" mimetype="application/xquery" blob-id="60f6dfadb96ebbdedba3a9689cd878924eee8b3bcef3821c2a275f104d12745e">
        <acl entries="0" version="1"/>
    </resource>
    <resource type="BinaryResource" name="translation-status.xql" owner="admin" group="operations" mode="754" created="2019-08-20T09:36:11+02:00" modified="2024-10-15T13:46:19+02:00" filename="translation-status.xql" mimetype="application/xquery" blob-id="e03966733a66ad2d32621717bbbc92c8b1172adf6f185f5aed3439316d2f89cc">
        <acl entries="0" version="1"/>
    </resource>
    <resource type="BinaryResource" name="file-upload.xql" owner="admin" group="operations" mode="754" created="2019-08-13T15:12:23+02:00" modified="2024-01-24T10:34:26+01:00" filename="file-upload.xql" mimetype="application/xquery" blob-id="e80f3542cb60bc4a21a2029a8a61a11d3786091d4250713584c24af658196448">
        <acl entries="0" version="1"/>
    </resource>
    <resource type="BinaryResource" name="update-tm.xql" owner="admin" group="operations" mode="750" created="2022-05-05T11:42:07+02:00" modified="2023-11-29T10:19:38+01:00" filename="update-tm.xql" mimetype="application/xquery" blob-id="0b91b917478987d6badbe6f1d9d61e1ad4cb95757a11e0b25cfb7ae613c96ce6">
        <acl entries="0" version="1"/>
    </resource>
    <resource type="BinaryResource" name="helper.xql" owner="admin" group="operations" mode="754" created="2019-08-13T15:12:22+02:00" modified="2024-07-05T17:14:58+02:00" filename="helper.xql" mimetype="application/xquery" blob-id="95612cfbe97aea217dd281d50e5d389946a23b75f612762fafbb7bf93d61887b">
        <acl entries="0" version="1"/>
    </resource>
</collection>