<collection xmlns="http://exist.sourceforge.net/NS/exist" name="/db/apps/84000-operations/modules" owner="admin" group="operations" mode="755" created="2019-08-13T15:12:22+02:00" deduplicate-blobs="false" version="2">
    <acl entries="0" version="1"/>
    <resource type="BinaryResource" name="webflow-api.xql" owner="admin" group="operations" mode="750" created="2024-05-08T15:31:35+02:00" modified="2024-09-30T15:17:31+02:00" filename="webflow-api.xql" mimetype="application/xquery" blob-id="1539d660bff80bc1ae1ab9403e695ffb994face2db9ab0183350ef449a562f77">
        <acl entries="0" version="1"/>
    </resource>
    <resource type="BinaryResource" name="update-entity.xql" owner="admin" group="operations" mode="750" created="2021-04-26T17:04:24+02:00" modified="2024-06-06T19:55:58+02:00" filename="update-entity.xql" mimetype="application/xquery" blob-id="a4944658ee6ac8ee0db3597c463a6bcf3156ef16f246fcb77e3aa91084f82760">
        <acl entries="0" version="1"/>
    </resource>
    <resource type="BinaryResource" name="file-upload.xql" owner="admin" group="operations" mode="754" created="2019-08-13T15:12:23+02:00" modified="2024-01-24T10:34:26+01:00" filename="file-upload.xql" mimetype="application/xquery" blob-id="e80f3542cb60bc4a21a2029a8a61a11d3786091d4250713584c24af658196448">
        <acl entries="0" version="1"/>
    </resource>
    <resource type="BinaryResource" name="translation-status.xql" owner="admin" group="operations" mode="754" created="2019-08-20T09:36:11+02:00" modified="2024-01-24T10:41:10+01:00" filename="translation-status.xql" mimetype="application/xquery" blob-id="ab99ef832cfde1d999ca85f29be6ae026043954b4d67a832331ecadb9a0db0f4">
        <acl entries="0" version="1"/>
    </resource>
    <resource type="BinaryResource" name="update-tm.xql" owner="admin" group="operations" mode="750" created="2022-05-05T11:42:07+02:00" modified="2023-11-29T10:19:38+01:00" filename="update-tm.xql" mimetype="application/xquery" blob-id="0b91b917478987d6badbe6f1d9d61e1ad4cb95757a11e0b25cfb7ae613c96ce6">
        <acl entries="0" version="1"/>
    </resource>
    <resource type="BinaryResource" name="helper.xql" owner="admin" group="operations" mode="754" created="2019-08-13T15:12:22+02:00" modified="2024-07-05T17:14:58+02:00" filename="helper.xql" mimetype="application/xquery" blob-id="95612cfbe97aea217dd281d50e5d389946a23b75f612762fafbb7bf93d61887b">
        <acl entries="0" version="1"/>
    </resource>
    <resource type="BinaryResource" name="update-tei.xql" owner="admin" group="operations" mode="750" created="2019-08-13T15:12:22+02:00" modified="2024-09-24T15:05:20+02:00" filename="update-tei.xql" mimetype="application/xquery" blob-id="a3c50c74405315972747b001a8df19fd70946b22c45450fa76271fa00d1d70b5">
        <acl entries="0" version="1"/>
    </resource>
</collection>