<collection xmlns="http://exist.sourceforge.net/NS/exist" name="/db/apps/84000-operations/modules" owner="admin" group="operations" mode="755" created="2019-08-13T15:12:22+02:00" deduplicate-blobs="false" version="2">
    <acl entries="0" version="1"/>
    <resource type="BinaryResource" name="translation-status.xql" owner="admin" group="operations" mode="754" created="2019-08-20T09:36:11+02:00" modified="2022-05-05T11:43:54+02:00" filename="translation-status.xql" mimetype="application/xquery" blob-id="508f77113e6099697a5ea70b6fde8ff111a5433c684de5f0991bdae5cf708e2c">
        <acl entries="0" version="1"/>
    </resource>
    <resource type="BinaryResource" name="file-upload.xql" owner="admin" group="operations" mode="754" created="2019-08-13T15:12:23+02:00" modified="2022-05-05T11:44:34+02:00" filename="file-upload.xql" mimetype="application/xquery" blob-id="5c4c47d41cde93a1cc59882003199743b48ab2a83e77116c42f16a00fb426445">
        <acl entries="0" version="1"/>
    </resource>
    <resource type="BinaryResource" name="update-entity.xql" owner="admin" group="operations" mode="750" created="2021-04-26T17:04:24+02:00" modified="2022-05-05T11:53:36+02:00" filename="update-entity.xql" mimetype="application/xquery" blob-id="2861517325250e87623189ef2a7aa032ddaafab84f5c0597b0569a742ff1c1c6">
        <acl entries="0" version="1"/>
    </resource>
    <resource type="BinaryResource" name="local.xql" owner="admin" group="operations" mode="754" created="2019-08-13T15:12:22+02:00" modified="2022-02-18T15:23:13+01:00" filename="local.xql" mimetype="application/xquery" blob-id="c212b9dd85c27f7e32b1949fa51e02ce01280a7f88020c5e11d7d15a744d3de1">
        <acl entries="0" version="1"/>
    </resource>
    <resource type="BinaryResource" name="update-tei.xql" owner="admin" group="operations" mode="750" created="2019-08-13T15:12:22+02:00" modified="2022-06-10T15:47:22+02:00" filename="update-tei.xql" mimetype="application/xquery" blob-id="9245a9a7a17d9a3986a35fded1afd6126d51e7450dc6af603a08d06fe97696ea">
        <acl entries="0" version="1"/>
    </resource>
    <resource type="BinaryResource" name="update-tm.xql" owner="admin" group="dba" mode="664" created="2022-05-05T11:42:07+02:00" modified="2022-06-10T16:33:51+02:00" filename="update-tm.xql" mimetype="application/xquery" blob-id="d466a4c3ccadaf56c21608923a510e6a284d752cc822b2444c7e84f36d1e8b3a">
        <acl entries="0" version="1"/>
    </resource>
</collection>