<collection xmlns="http://exist.sourceforge.net/NS/exist" name="/db/apps/84000-operations/modules" owner="admin" group="operations" mode="755" created="2019-08-13T15:12:22+02:00" deduplicate-blobs="false" version="2">
    <acl entries="0" version="1"/>
    <resource type="BinaryResource" name="update-entity.xql" owner="admin" group="operations" mode="750" created="2021-04-26T17:04:24+02:00" modified="2022-10-20T13:01:56+02:00" filename="update-entity.xql" mimetype="application/xquery" blob-id="7bba83488535eef423e345b04fc8fc549141fdada2fefc6201d8d7c0d51645ae">
        <acl entries="0" version="1"/>
    </resource>
    <resource type="BinaryResource" name="update-tei.xql" owner="admin" group="operations" mode="750" created="2019-08-13T15:12:22+02:00" modified="2022-12-22T16:58:07+01:00" filename="update-tei.xql" mimetype="application/xquery" blob-id="9b145d4e3ac925fa8fd9f7be9a5ea0d456a9707cf754164c7fa6a03d34aa39e2">
        <acl entries="0" version="1"/>
    </resource>
    <resource type="BinaryResource" name="translation-status.xql" owner="admin" group="operations" mode="754" created="2019-08-20T09:36:11+02:00" modified="2022-05-05T11:43:54+02:00" filename="translation-status.xql" mimetype="application/xquery" blob-id="508f77113e6099697a5ea70b6fde8ff111a5433c684de5f0991bdae5cf708e2c">
        <acl entries="0" version="1"/>
    </resource>
    <resource type="BinaryResource" name="file-upload.xql" owner="admin" group="operations" mode="754" created="2019-08-13T15:12:23+02:00" modified="2022-05-05T11:44:34+02:00" filename="file-upload.xql" mimetype="application/xquery" blob-id="5c4c47d41cde93a1cc59882003199743b48ab2a83e77116c42f16a00fb426445">
        <acl entries="0" version="1"/>
    </resource>
    <resource type="BinaryResource" name="update-tm.xql" owner="admin" group="operations" mode="750" created="2022-05-05T11:42:07+02:00" modified="2023-01-25T15:08:31+01:00" filename="update-tm.xql" mimetype="application/xquery" blob-id="2418f028ddb98033d881b5591b4d49fb9e0e371df41cc0855c09f3606097cf78">
        <acl entries="0" version="1"/>
    </resource>
    <resource type="BinaryResource" name="local.xql" owner="admin" group="operations" mode="754" created="2019-08-13T15:12:22+02:00" modified="2023-01-23T13:52:08+01:00" filename="local.xql" mimetype="application/xquery" blob-id="733522c7d754b1588add98eb738e25213cd420a9914319be531aad2cbb0f5f6b">
        <acl entries="0" version="1"/>
    </resource>
</collection>