<collection xmlns="http://exist.sourceforge.net/NS/exist" name="/db/apps/84000-operations/modules" owner="admin" group="dba" mode="755" created="2018-05-17T11:44:05+02:00" version="1">
    <acl entries="0" version="1"/>
    <resource type="BinaryResource" name="file-upload.xql" owner="admin" group="dba" mode="644" created="2019-02-20T09:19:32+01:00" modified="2019-02-21T13:51:33+01:00" filename="file-upload.xql" mimetype="application/xquery">
        <acl entries="0" version="1"/>
    </resource>
    <resource type="BinaryResource" name="update-translation.xql" owner="admin" group="dba" mode="644" created="2019-02-20T09:47:58+01:00" modified="2019-02-20T09:54:49+01:00" filename="update-translation.xql" mimetype="application/xquery">
        <acl entries="0" version="1"/>
    </resource>
    <resource type="BinaryResource" name="local.xql" owner="admin" group="dba" mode="644" created="2018-05-17T11:44:21+02:00" modified="2019-02-20T09:21:23+01:00" filename="local.xql" mimetype="application/xquery">
        <acl entries="0" version="1"/>
    </resource>
</collection>