<collection xmlns="http://exist.sourceforge.net/NS/exist" name="/db/apps/84000-operations/modules" owner="admin" group="operations" mode="755" created="2019-08-13T15:12:22+02:00" deduplicate-blobs="false" version="2">
    <acl entries="0" version="1"/>
    <resource type="BinaryResource" name="file-upload.xql" owner="admin" group="operations" mode="755" created="2019-08-13T15:12:23+02:00" modified="2020-05-20T15:09:04+02:00" filename="file-upload.xql" mimetype="application/xquery" blob-id="d296742f0f25facacdc97daf1c508f95d66422543ee77c1405e294496a078ccb">
        <acl entries="0" version="1"/>
    </resource>
    <resource type="BinaryResource" name="update-translation.xql" owner="admin" group="operations" mode="755" created="2019-08-13T15:12:22+02:00" modified="2020-12-04T15:02:11+01:00" filename="update-translation.xql" mimetype="application/xquery" blob-id="ac5992a9f741399c2690ef3bab8e0ef462419170a8e8fab33ea0a95a88ea6df0">
        <acl entries="0" version="1"/>
    </resource>
    <resource type="BinaryResource" name="local.xql" owner="admin" group="operations" mode="755" created="2019-08-13T15:12:22+02:00" modified="2020-06-08T14:44:26+02:00" filename="local.xql" mimetype="application/xquery" blob-id="5a1199c2539dd3b8313d4ca57d78de4720a7bc5bedbe2945bd589086a53e0518">
        <acl entries="0" version="1"/>
    </resource>
    <resource type="BinaryResource" name="translation-status.xql" owner="admin" group="reading-room" mode="755" created="2019-08-20T09:36:11+02:00" modified="2020-08-27T17:37:03+02:00" filename="translation-status.xql" mimetype="application/xquery" blob-id="92a8db659b92df1d4274805e1641061e76581141565edf4571e7f54643daaa49">
        <acl entries="0" version="1"/>
    </resource>
</collection>