<collection xmlns="http://exist.sourceforge.net/NS/exist" name="/db/apps/84000-operations/modules" owner="admin" group="operations" mode="755" created="2019-08-13T15:12:22+02:00" deduplicate-blobs="false" version="2">
    <acl entries="0" version="1"/>
    <resource type="BinaryResource" name="file-upload.xql" owner="admin" group="operations" mode="755" created="2019-08-13T15:12:23+02:00" modified="2019-12-20T13:08:21+01:00" filename="file-upload.xql" mimetype="application/xquery" blob-id="7b07a149a00a321d4fc0d4f79ad1b5c833544e9c35398e5a08cf323cbd5fd9b9">
        <acl entries="0" version="1"/>
    </resource>
    <resource type="BinaryResource" name="update-translation.xql" owner="admin" group="operations" mode="755" created="2019-08-13T15:12:22+02:00" modified="2019-11-08T09:46:10+01:00" filename="update-translation.xql" mimetype="application/xquery" blob-id="de8003380048b4bc63c729273b0251101a82aadcceadcf7e2e15af387275f208">
        <acl entries="0" version="1"/>
    </resource>
    <resource type="BinaryResource" name="local.xql" owner="admin" group="operations" mode="755" created="2019-08-13T15:12:22+02:00" modified="2019-11-26T10:50:01+01:00" filename="local.xql" mimetype="application/xquery" blob-id="5fc531abbf0b776555adc27c453511802cbd3c1be345677d300daecd1ac16802">
        <acl entries="0" version="1"/>
    </resource>
</collection>