<collection xmlns="http://exist.sourceforge.net/NS/exist" name="/db/apps/84000-operations/modules" owner="admin" group="operations" mode="755" created="2019-08-13T15:12:22+02:00" deduplicate-blobs="false" version="2">
    <acl entries="0" version="1"/>
    <resource type="BinaryResource" name="update-translation.xql" owner="admin" group="operations" mode="755" created="2019-08-13T15:12:22+02:00" modified="2019-11-08T09:46:10+01:00" filename="update-translation.xql" mimetype="application/xquery" blob-id="de8003380048b4bc63c729273b0251101a82aadcceadcf7e2e15af387275f208">
        <acl entries="0" version="1"/>
    </resource>
    <resource type="BinaryResource" name="file-upload.xql" owner="admin" group="operations" mode="755" created="2019-08-13T15:12:23+02:00" modified="2020-03-20T16:23:48+01:00" filename="file-upload.xql" mimetype="application/xquery" blob-id="bc91fa53618590869a64671d5c011bc10dfac5b647644f84387357cabed0e5f7">
        <acl entries="0" version="1"/>
    </resource>
    <resource type="BinaryResource" name="translation-status.xql" owner="admin" group="reading-room" mode="755" created="2019-08-20T09:36:11+02:00" modified="2020-05-12T15:43:46+02:00" filename="translation-status.xql" mimetype="application/xquery" blob-id="331e837801e89b5fa8b9d2c7f6e93615c417af126517bfc103bf505bd24a6090">
        <acl entries="0" version="1"/>
    </resource>
    <resource type="BinaryResource" name="local.xql" owner="admin" group="operations" mode="755" created="2019-08-13T15:12:22+02:00" modified="2020-05-12T16:37:41+02:00" filename="local.xql" mimetype="application/xquery" blob-id="5a1199c2539dd3b8313d4ca57d78de4720a7bc5bedbe2945bd589086a53e0518">
        <acl entries="0" version="1"/>
    </resource>
</collection>