<collection xmlns="http://exist.sourceforge.net/NS/exist" name="/db/apps/84000-operations/modules" owner="admin" group="operations" mode="755" created="2019-08-13T15:12:22+02:00" deduplicate-blobs="false" version="2">
    <acl entries="0" version="1"/>
    <resource type="BinaryResource" name="update-tei.xql" owner="admin" group="operations" mode="750" created="2019-08-13T15:12:22+02:00" modified="2023-02-10T09:10:07+01:00" filename="update-tei.xql" mimetype="application/xquery" blob-id="88672eae215024a0496db49a777951a428f53e92037cf654dff2a60f786aee5b">
        <acl entries="0" version="1"/>
    </resource>
    <resource type="BinaryResource" name="update-tm.xql" owner="admin" group="operations" mode="750" created="2022-05-05T11:42:07+02:00" modified="2023-01-25T15:08:31+01:00" filename="update-tm.xql" mimetype="application/xquery" blob-id="2418f028ddb98033d881b5591b4d49fb9e0e371df41cc0855c09f3606097cf78">
        <acl entries="0" version="1"/>
    </resource>
    <resource type="BinaryResource" name="local.xql" owner="admin" group="operations" mode="754" created="2019-08-13T15:12:22+02:00" modified="2023-02-13T14:03:06+01:00" filename="local.xql" mimetype="application/xquery" blob-id="e29fba4f2efbd6fa567d2fe23e9e0798f302f0d1948e0d76384e167c9b6cd04e">
        <acl entries="0" version="1"/>
    </resource>
    <resource type="BinaryResource" name="translation-status.xql" owner="admin" group="operations" mode="754" created="2019-08-20T09:36:11+02:00" modified="2022-05-05T11:43:54+02:00" filename="translation-status.xql" mimetype="application/xquery" blob-id="508f77113e6099697a5ea70b6fde8ff111a5433c684de5f0991bdae5cf708e2c">
        <acl entries="0" version="1"/>
    </resource>
    <resource type="BinaryResource" name="file-upload.xql" owner="admin" group="operations" mode="754" created="2019-08-13T15:12:23+02:00" modified="2022-05-05T11:44:34+02:00" filename="file-upload.xql" mimetype="application/xquery" blob-id="5c4c47d41cde93a1cc59882003199743b48ab2a83e77116c42f16a00fb426445">
        <acl entries="0" version="1"/>
    </resource>
    <resource type="BinaryResource" name="update-entity.xql" owner="admin" group="operations" mode="750" created="2021-04-26T17:04:24+02:00" modified="2023-02-28T15:35:06+01:00" filename="update-entity.xql" mimetype="application/xquery" blob-id="d968fbbdadc6f37b0ccc44225df4e02b6b232d8d73493f0719d2df5a464974ff">
        <acl entries="0" version="1"/>
    </resource>
</collection>