<collection xmlns="http://exist.sourceforge.net/NS/exist" name="/db/apps/84000-operations/modules" owner="admin" group="operations" mode="755" created="2019-08-13T15:12:22+02:00" deduplicate-blobs="false" version="2">
    <acl entries="0" version="1"/>
    <resource type="BinaryResource" name="update-entity.xql" owner="admin" group="operations" mode="750" created="2021-04-26T17:04:24+02:00" modified="2021-09-02T17:57:41+02:00" filename="update-entity.xql" mimetype="application/xquery" blob-id="d7fb188dce8c9209d2724a2e109cf01b6ac830b8d82eec4c3a3c7a4abeb85ef1">
        <acl entries="0" version="1"/>
    </resource>
    <resource type="BinaryResource" name="update-tei.xql" owner="admin" group="operations" mode="750" created="2019-08-13T15:12:22+02:00" modified="2021-08-31T10:20:19+02:00" filename="update-tei.xql" mimetype="application/xquery" blob-id="10e58a1883770ef3554ea06f5b9e8a6793bf428f2d941bad5406691d7585e6b3">
        <acl entries="0" version="1"/>
    </resource>
    <resource type="BinaryResource" name="file-upload.xql" owner="admin" group="operations" mode="754" created="2019-08-13T15:12:23+02:00" modified="2021-08-02T11:34:11+02:00" filename="file-upload.xql" mimetype="application/xquery" blob-id="1ed3ac78c674e672cfe982600e4ac29e4b96eceead89a89a5a98adc4e48ffb0b">
        <acl entries="0" version="1"/>
    </resource>
    <resource type="BinaryResource" name="local.xql" owner="admin" group="operations" mode="754" created="2019-08-13T15:12:22+02:00" modified="2021-07-02T19:20:05+02:00" filename="local.xql" mimetype="application/xquery" blob-id="f4060a2277698cacc7856c734c2244b3925e45a3e6dc766e6fec6598642d94c4">
        <acl entries="0" version="1"/>
    </resource>
    <resource type="BinaryResource" name="translation-status.xql" owner="admin" group="operations" mode="754" created="2019-08-20T09:36:11+02:00" modified="2021-09-01T08:54:54+02:00" filename="translation-status.xql" mimetype="application/xquery" blob-id="d3cf28e4724041cd34d75eba40dcf8bb3a6fee8026cd15fbf77c0ab121e4f2ca">
        <acl entries="0" version="1"/>
    </resource>
</collection>