<collection xmlns="http://exist.sourceforge.net/NS/exist" name="/db/apps/84000-operations/modules" owner="admin" group="operations" mode="755" created="2019-08-13T14:12:22+01:00" deduplicate-blobs="false" version="2">
    <acl entries="0" version="1"/>
    <resource type="BinaryResource" name="update-entity.xql" owner="admin" group="dba" mode="644" created="2021-04-26T16:04:24+01:00" modified="2021-05-02T16:12:02+01:00" filename="update-entity.xql" mimetype="application/xquery" blob-id="de50050b9999b5d338d75f78b2f6d654e0fd780f9894f35fe7c349ca6efc3241">
        <acl entries="0" version="1"/>
    </resource>
    <resource type="BinaryResource" name="local.xql" owner="admin" group="operations" mode="755" created="2019-08-13T14:12:22+01:00" modified="2020-06-08T13:44:26+01:00" filename="local.xql" mimetype="application/xquery" blob-id="5a1199c2539dd3b8313d4ca57d78de4720a7bc5bedbe2945bd589086a53e0518">
        <acl entries="0" version="1"/>
    </resource>
    <resource type="BinaryResource" name="update-translation.xql" owner="admin" group="operations" mode="755" created="2019-08-13T14:12:22+01:00" modified="2021-05-03T13:54:28+01:00" filename="update-translation.xql" mimetype="application/xquery" blob-id="b159c8a83a71b797217c7ae52a23d05d25b3dd881b16c98954d31965037da32e">
        <acl entries="0" version="1"/>
    </resource>
    <resource type="BinaryResource" name="file-upload.xql" owner="admin" group="operations" mode="755" created="2019-08-13T14:12:23+01:00" modified="2021-01-05T18:53:22Z" filename="file-upload.xql" mimetype="application/xquery" blob-id="d296742f0f25facacdc97daf1c508f95d66422543ee77c1405e294496a078ccb">
        <acl entries="0" version="1"/>
    </resource>
    <resource type="BinaryResource" name="translation-status.xql" owner="admin" group="reading-room" mode="755" created="2019-08-20T08:36:11+01:00" modified="2021-01-22T14:55:54Z" filename="translation-status.xql" mimetype="application/xquery" blob-id="35155b6e9edd644f117eeb2ea5b727c42eba5c124223058fe9774402ded37897">
        <acl entries="0" version="1"/>
    </resource>
</collection>