<collection xmlns="http://exist.sourceforge.net/NS/exist" name="/db/apps/84000-operations/modules" owner="admin" group="operations" mode="755" created="2019-08-13T15:12:22+02:00" deduplicate-blobs="false" version="2">
    <acl entries="0" version="1"/>
    <resource type="BinaryResource" name="update-translation.xql" owner="admin" group="operations" mode="755" created="2019-08-13T15:12:22+02:00" modified="2019-09-11T16:50:45+02:00" filename="update-translation.xql" mimetype="application/xquery" blob-id="7ca4146530313b1e1d29840a531ab10dd2441b5e902009e114802f597de82a31">
        <acl entries="0" version="1"/>
    </resource>
    <resource type="BinaryResource" name="local.xql" owner="admin" group="operations" mode="755" created="2019-08-13T15:12:22+02:00" modified="2019-08-13T15:12:22+02:00" filename="local.xql" mimetype="application/xquery" blob-id="5b69e7f15b8e606bdcd9b04a529ebe698820530b2f969cc809780f2dc6cc833e">
        <acl entries="0" version="1"/>
    </resource>
    <resource type="BinaryResource" name="file-upload.xql" owner="admin" group="operations" mode="755" created="2019-08-13T15:12:23+02:00" modified="2019-08-13T15:12:23+02:00" filename="file-upload.xql" mimetype="application/xquery" blob-id="67fa950ac184d1b74d08cc1139cada1f18db8f611bb7d5367813505333bcf849">
        <acl entries="0" version="1"/>
    </resource>
</collection>