<collection xmlns="http://exist.sourceforge.net/NS/exist" name="/db/apps/84000-operations/modules" owner="admin" group="operations" mode="755" created="2019-08-13T15:12:22+02:00" deduplicate-blobs="false" version="2">
    <acl entries="0" version="1"/>
    <resource type="BinaryResource" name="update-entity.xql" owner="admin" group="operations" mode="750" created="2021-04-26T17:04:24+02:00" modified="2021-11-19T13:48:26+01:00" filename="update-entity.xql" mimetype="application/xquery" blob-id="9112742b4e368ea09bcbac0d29f6bdbb1bdd708116cc260289411a14f065fe15">
        <acl entries="0" version="1"/>
    </resource>
    <resource type="BinaryResource" name="file-upload.xql" owner="admin" group="operations" mode="754" created="2019-08-13T15:12:23+02:00" modified="2021-08-02T11:34:11+02:00" filename="file-upload.xql" mimetype="application/xquery" blob-id="1ed3ac78c674e672cfe982600e4ac29e4b96eceead89a89a5a98adc4e48ffb0b">
        <acl entries="0" version="1"/>
    </resource>
    <resource type="BinaryResource" name="local.xql" owner="admin" group="operations" mode="754" created="2019-08-13T15:12:22+02:00" modified="2021-07-02T19:20:05+02:00" filename="local.xql" mimetype="application/xquery" blob-id="f4060a2277698cacc7856c734c2244b3925e45a3e6dc766e6fec6598642d94c4">
        <acl entries="0" version="1"/>
    </resource>
    <resource type="BinaryResource" name="update-tei.xql" owner="admin" group="operations" mode="750" created="2019-08-13T15:12:22+02:00" modified="2021-11-18T13:01:55+01:00" filename="update-tei.xql" mimetype="application/xquery" blob-id="5fe7b24d206bbde16df7b1d90797b6773ffd8e574c0ea501124ac9440d0054ef">
        <acl entries="0" version="1"/>
    </resource>
    <resource type="BinaryResource" name="translation-status.xql" owner="admin" group="operations" mode="754" created="2019-08-20T09:36:11+02:00" modified="2021-11-08T14:27:12+01:00" filename="translation-status.xql" mimetype="application/xquery" blob-id="e9b07615f9ac64b1a336cb825e9b333c9118a2c39c9dfcf75a77303446bcb492">
        <acl entries="0" version="1"/>
    </resource>
</collection>