<collection xmlns="http://exist.sourceforge.net/NS/exist" name="/db/apps/84000-operations/modules" owner="admin" group="dba" mode="755" created="2019-08-13T15:12:22+02:00" deduplicate-blobs="false" version="2">
    <acl entries="0" version="1"/>
    <resource type="BinaryResource" name="local.xql" owner="admin" group="dba" mode="755" created="2019-08-13T15:12:22+02:00" modified="2021-07-02T19:20:05+02:00" filename="local.xql" mimetype="application/xquery" blob-id="f4060a2277698cacc7856c734c2244b3925e45a3e6dc766e6fec6598642d94c4">
        <acl entries="0" version="1"/>
    </resource>
    <resource type="BinaryResource" name="file-upload.xql" owner="admin" group="dba" mode="754" created="2019-08-13T15:12:23+02:00" modified="2021-08-02T11:34:11+02:00" filename="file-upload.xql" mimetype="application/xquery" blob-id="1ed3ac78c674e672cfe982600e4ac29e4b96eceead89a89a5a98adc4e48ffb0b">
        <acl entries="0" version="1"/>
    </resource>
    <resource type="BinaryResource" name="translation-status.xql" owner="admin" group="dba" mode="755" created="2019-08-20T09:36:11+02:00" modified="2021-01-22T15:55:54+01:00" filename="translation-status.xql" mimetype="application/xquery" blob-id="35155b6e9edd644f117eeb2ea5b727c42eba5c124223058fe9774402ded37897">
        <acl entries="0" version="1"/>
    </resource>
    <resource type="BinaryResource" name="update-tei.xql" owner="admin" group="dba" mode="750" created="2019-08-13T15:12:22+02:00" modified="2021-07-08T10:36:22+02:00" filename="update-tei.xql" mimetype="application/xquery" blob-id="4c7d542cb1074667bb528fa43ec1f43b92cce1c092f4d69b25dc1d63d1421b23">
        <acl entries="0" version="1"/>
    </resource>
    <resource type="BinaryResource" name="update-entity.xql" owner="admin" group="dba" mode="750" created="2021-04-26T17:04:24+02:00" modified="2021-07-27T15:55:59+02:00" filename="update-entity.xql" mimetype="application/xquery" blob-id="86fe0fdc14540045d0225510aa6403a99b41443d22fdd060ef3d8bed9bfc99a6">
        <acl entries="0" version="1"/>
    </resource>
</collection>