<collection xmlns="http://exist.sourceforge.net/NS/exist" name="/db/apps/84000-operations/modules" owner="admin" group="operations" mode="755" created="2019-08-13T15:12:22+02:00" deduplicate-blobs="false" version="2">
    <acl entries="0" version="1"/>
    <resource type="BinaryResource" name="local.xql" owner="admin" group="operations" mode="755" created="2019-08-13T15:12:22+02:00" modified="2020-06-08T14:44:26+02:00" filename="local.xql" mimetype="application/xquery" blob-id="5a1199c2539dd3b8313d4ca57d78de4720a7bc5bedbe2945bd589086a53e0518">
        <acl entries="0" version="1"/>
    </resource>
    <resource type="BinaryResource" name="file-upload.xql" owner="admin" group="operations" mode="755" created="2019-08-13T15:12:23+02:00" modified="2021-01-05T19:53:22+01:00" filename="file-upload.xql" mimetype="application/xquery" blob-id="d296742f0f25facacdc97daf1c508f95d66422543ee77c1405e294496a078ccb">
        <acl entries="0" version="1"/>
    </resource>
    <resource type="BinaryResource" name="translation-status.xql" owner="admin" group="reading-room" mode="755" created="2019-08-20T09:36:11+02:00" modified="2021-01-22T15:55:54+01:00" filename="translation-status.xql" mimetype="application/xquery" blob-id="35155b6e9edd644f117eeb2ea5b727c42eba5c124223058fe9774402ded37897">
        <acl entries="0" version="1"/>
    </resource>
    <resource type="BinaryResource" name="update-translation.xql" owner="admin" group="operations" mode="755" created="2019-08-13T15:12:22+02:00" modified="2020-12-11T11:37:13+01:00" filename="update-translation.xql" mimetype="application/xquery" blob-id="f5f803442b1d6bf335d157828836cb94ae138abe0b6de5f411a90a30f3cf600f">
        <acl entries="0" version="1"/>
    </resource>
</collection>