<collection xmlns="http://exist.sourceforge.net/NS/exist" name="/db/apps/84000-operations/modules" owner="admin" group="operations" mode="755" created="2019-08-13T15:12:22+02:00" deduplicate-blobs="false" version="2">
    <acl entries="0" version="1"/>
    <resource type="BinaryResource" name="file-upload.xql" owner="admin" group="operations" mode="754" created="2019-08-13T15:12:23+02:00" modified="2023-03-28T16:02:42+02:00" filename="file-upload.xql" mimetype="application/xquery" blob-id="cc9f1288958007baa9f27a5f7301da55e0639d4917e12f569d8d8a95f3477cb3">
        <acl entries="0" version="1"/>
    </resource>
    <resource type="BinaryResource" name="update-tm.xql" owner="admin" group="operations" mode="750" created="2022-05-05T11:42:07+02:00" modified="2023-03-15T16:20:50+01:00" filename="update-tm.xql" mimetype="application/xquery" blob-id="2418f028ddb98033d881b5591b4d49fb9e0e371df41cc0855c09f3606097cf78">
        <acl entries="0" version="1"/>
    </resource>
    <resource type="BinaryResource" name="local.xql" owner="admin" group="operations" mode="754" created="2019-08-13T15:12:22+02:00" modified="2023-05-26T18:32:11+02:00" filename="local.xql" mimetype="application/xquery" blob-id="2fadae6a8a669fd362736282d82223abc9e6c8d07da5bffaceb05daa8a9ae1d1">
        <acl entries="0" version="1"/>
    </resource>
    <resource type="BinaryResource" name="translation-status.xql" owner="admin" group="operations" mode="754" created="2019-08-20T09:36:11+02:00" modified="2023-05-26T18:32:04+02:00" filename="translation-status.xql" mimetype="application/xquery" blob-id="8e7096e77163b12560fd4aa5ae546cb08929859edc45b8cf28a1069f4c5f461d">
        <acl entries="0" version="1"/>
    </resource>
    <resource type="BinaryResource" name="update-tei.xql" owner="admin" group="operations" mode="750" created="2019-08-13T15:12:22+02:00" modified="2023-07-10T20:59:34+02:00" filename="update-tei.xql" mimetype="application/xquery" blob-id="9379ff75bb2815ea455419627479d6bbc051714791c150f8b54b42ef77261a21">
        <acl entries="0" version="1"/>
    </resource>
    <resource type="BinaryResource" name="update-entity.xql" owner="admin" group="operations" mode="750" created="2021-04-26T17:04:24+02:00" modified="2023-07-10T15:20:10+02:00" filename="update-entity.xql" mimetype="application/xquery" blob-id="cc275186b89bc301750c3c2b6adbc9c55f0cf32b493eb065d087212238e49928">
        <acl entries="0" version="1"/>
    </resource>
</collection>