<collection xmlns="http://exist.sourceforge.net/NS/exist" name="/db/apps/84000-operations/modules" owner="admin" group="operations" mode="755" created="2019-08-13T15:12:22+02:00" deduplicate-blobs="false" version="2">
    <acl entries="0" version="1"/>
    <resource type="BinaryResource" name="local.xql" owner="admin" group="operations" mode="755" created="2019-08-13T15:12:22+02:00" modified="2020-06-08T14:44:26+02:00" filename="local.xql" mimetype="application/xquery" blob-id="5a1199c2539dd3b8313d4ca57d78de4720a7bc5bedbe2945bd589086a53e0518">
        <acl entries="0" version="1"/>
    </resource>
    <resource type="BinaryResource" name="file-upload.xql" owner="admin" group="operations" mode="754" created="2019-08-13T15:12:23+02:00" modified="2021-01-05T19:53:22+01:00" filename="file-upload.xql" mimetype="application/xquery" blob-id="d296742f0f25facacdc97daf1c508f95d66422543ee77c1405e294496a078ccb">
        <acl entries="0" version="1"/>
    </resource>
    <resource type="BinaryResource" name="translation-status.xql" owner="admin" group="reading-room" mode="755" created="2019-08-20T09:36:11+02:00" modified="2021-01-22T15:55:54+01:00" filename="translation-status.xql" mimetype="application/xquery" blob-id="35155b6e9edd644f117eeb2ea5b727c42eba5c124223058fe9774402ded37897">
        <acl entries="0" version="1"/>
    </resource>
    <resource type="BinaryResource" name="update-tei.xql" owner="admin" group="operations" mode="750" created="2019-08-13T15:12:22+02:00" modified="2021-06-02T18:29:35+02:00" filename="update-tei.xql" mimetype="application/xquery" blob-id="fd70c8714a06d984052cdbeaa45d70676c4ce5fcf237dfeb74fe2becadf77d4b">
        <acl entries="0" version="1"/>
    </resource>
    <resource type="BinaryResource" name="update-entity.xql" owner="admin" group="operations" mode="750" created="2021-04-26T17:04:24+02:00" modified="2021-06-07T10:11:49+02:00" filename="update-entity.xql" mimetype="application/xquery" blob-id="fdba59c7b0dea1456e3b3025f87f30353433a46292e60b4a1d46f62f230b2857">
        <acl entries="0" version="1"/>
    </resource>
</collection>