<collection xmlns="http://exist.sourceforge.net/NS/exist" name="/db/apps/84000-operations/modules" owner="admin" group="operations" mode="755" created="2019-08-13T15:12:22+02:00" deduplicate-blobs="false" version="2">
    <acl entries="0" version="1"/>
    <resource type="BinaryResource" name="webflow-api.xql" owner="admin" group="operations" mode="755" created="2024-05-08T15:31:35+02:00" modified="2025-02-20T10:01:22+01:00" filename="webflow-api.xql" mimetype="application/xquery" blob-id="5a5f0725360553516e3632f4853b47e0e82e1f37d726cb031558c6501f76cc36">
        <acl entries="0" version="1"/>
    </resource>
    <resource type="BinaryResource" name="helper.xql" owner="admin" group="operations" mode="754" created="2019-08-13T15:12:22+02:00" modified="2025-01-06T11:15:14+01:00" filename="helper.xql" mimetype="application/xquery" blob-id="5525d04f72b8bc4c5205b1b145cefd82884bb5557802667b9349a487a72c775e">
        <acl entries="0" version="1"/>
    </resource>
    <resource type="BinaryResource" name="update-tei.xql" owner="admin" group="operations" mode="750" created="2019-08-13T15:12:22+02:00" modified="2025-01-29T11:11:00+01:00" filename="update-tei.xql" mimetype="application/xquery" blob-id="87df047baf51a900de42901d336c3b0b06d7a9957b521ae5d72384c52f6d8022">
        <acl entries="0" version="1"/>
    </resource>
    <resource type="BinaryResource" name="translation-status.xql" owner="admin" group="operations" mode="754" created="2019-08-20T09:36:11+02:00" modified="2024-10-15T13:46:19+02:00" filename="translation-status.xql" mimetype="application/xquery" blob-id="e03966733a66ad2d32621717bbbc92c8b1172adf6f185f5aed3439316d2f89cc">
        <acl entries="0" version="1"/>
    </resource>
    <resource type="BinaryResource" name="update-entity.xql" owner="admin" group="operations" mode="750" created="2021-04-26T17:04:24+02:00" modified="2025-03-13T13:06:39+01:00" filename="update-entity.xql" mimetype="application/xquery" blob-id="2ce9f17900387184db80c31a90d37f1bda9e7a9bdab56bf17abc9fee790912ff">
        <acl entries="0" version="1"/>
    </resource>
    <resource type="BinaryResource" name="file-upload.xql" owner="admin" group="operations" mode="754" created="2019-08-13T15:12:23+02:00" modified="2024-01-24T10:34:26+01:00" filename="file-upload.xql" mimetype="application/xquery" blob-id="e80f3542cb60bc4a21a2029a8a61a11d3786091d4250713584c24af658196448">
        <acl entries="0" version="1"/>
    </resource>
    <resource type="BinaryResource" name="update-tm.xql" owner="admin" group="operations" mode="750" created="2022-05-05T11:42:07+02:00" modified="2023-11-29T10:19:38+01:00" filename="update-tm.xql" mimetype="application/xquery" blob-id="0b91b917478987d6badbe6f1d9d61e1ad4cb95757a11e0b25cfb7ae613c96ce6">
        <acl entries="0" version="1"/>
    </resource>
</collection>