<collection xmlns="http://exist.sourceforge.net/NS/exist" name="/db/apps/84000-operations/modules" owner="admin" group="operations" mode="755" created="2019-08-13T15:12:22+02:00" deduplicate-blobs="false" version="2">
    <acl entries="0" version="1"/>
    <resource type="BinaryResource" name="local.xql" owner="admin" group="operations" mode="754" created="2019-08-13T15:12:22+02:00" modified="2022-12-07T09:42:42+01:00" filename="local.xql" mimetype="application/xquery" blob-id="44c5734d436708b3afd1b3fe0ab5991a385ab59de74021a55f9ce2d9e361931d">
        <acl entries="0" version="1"/>
    </resource>
    <resource type="BinaryResource" name="update-entity.xql" owner="admin" group="operations" mode="750" created="2021-04-26T17:04:24+02:00" modified="2022-10-20T13:01:56+02:00" filename="update-entity.xql" mimetype="application/xquery" blob-id="7bba83488535eef423e345b04fc8fc549141fdada2fefc6201d8d7c0d51645ae">
        <acl entries="0" version="1"/>
    </resource>
    <resource type="BinaryResource" name="translation-status.xql" owner="admin" group="operations" mode="754" created="2019-08-20T09:36:11+02:00" modified="2022-05-05T11:43:54+02:00" filename="translation-status.xql" mimetype="application/xquery" blob-id="508f77113e6099697a5ea70b6fde8ff111a5433c684de5f0991bdae5cf708e2c">
        <acl entries="0" version="1"/>
    </resource>
    <resource type="BinaryResource" name="file-upload.xql" owner="admin" group="operations" mode="754" created="2019-08-13T15:12:23+02:00" modified="2022-05-05T11:44:34+02:00" filename="file-upload.xql" mimetype="application/xquery" blob-id="5c4c47d41cde93a1cc59882003199743b48ab2a83e77116c42f16a00fb426445">
        <acl entries="0" version="1"/>
    </resource>
    <resource type="BinaryResource" name="update-tei.xql" owner="admin" group="operations" mode="750" created="2019-08-13T15:12:22+02:00" modified="2022-06-27T10:42:31+02:00" filename="update-tei.xql" mimetype="application/xquery" blob-id="f00b014c627403a0fde042e3aae52d0493f904afee08a41fb0320e158e270e42">
        <acl entries="0" version="1"/>
    </resource>
    <resource type="BinaryResource" name="update-tm.xql" owner="admin" group="operations" mode="750" created="2022-05-05T11:42:07+02:00" modified="2022-11-07T14:46:46+01:00" filename="update-tm.xql" mimetype="application/xquery" blob-id="328e342334e7585e499af038c4b9d87aa0fda36b9333a1d52c88ffcdd9116ff3">
        <acl entries="0" version="1"/>
    </resource>
</collection>