<collection xmlns="http://exist.sourceforge.net/NS/exist" name="/db/apps/84000-operations/modules" owner="admin" group="operations" mode="755" created="2019-08-13T15:12:22+02:00" deduplicate-blobs="false" version="2">
    <acl entries="0" version="1"/>
    <resource type="BinaryResource" name="local.xql" owner="admin" group="operations" mode="754" created="2019-08-13T15:12:22+02:00" modified="2023-03-16T12:18:35+01:00" filename="local.xql" mimetype="application/xquery" blob-id="e97bfd44af68f84c205430934824f3862af6e2960c24c2756d2f6ba5f3015892">
        <acl entries="0" version="1"/>
    </resource>
    <resource type="BinaryResource" name="translation-status.xql" owner="admin" group="operations" mode="754" created="2019-08-20T09:36:11+02:00" modified="2022-05-05T11:43:54+02:00" filename="translation-status.xql" mimetype="application/xquery" blob-id="508f77113e6099697a5ea70b6fde8ff111a5433c684de5f0991bdae5cf708e2c">
        <acl entries="0" version="1"/>
    </resource>
    <resource type="BinaryResource" name="file-upload.xql" owner="admin" group="operations" mode="754" created="2019-08-13T15:12:23+02:00" modified="2022-05-05T11:44:34+02:00" filename="file-upload.xql" mimetype="application/xquery" blob-id="5c4c47d41cde93a1cc59882003199743b48ab2a83e77116c42f16a00fb426445">
        <acl entries="0" version="1"/>
    </resource>
    <resource type="BinaryResource" name="update-tei.xql" owner="admin" group="operations" mode="750" created="2019-08-13T15:12:22+02:00" modified="2023-03-23T11:44:47+01:00" filename="update-tei.xql" mimetype="application/xquery" blob-id="76a376973f5ec63bab0beafca041a6f7889ae3e48713aa7510ae6e85ce64af41">
        <acl entries="0" version="1"/>
    </resource>
    <resource type="BinaryResource" name="update-entity.xql" owner="admin" group="operations" mode="750" created="2021-04-26T17:04:24+02:00" modified="2023-02-28T15:35:06+01:00" filename="update-entity.xql" mimetype="application/xquery" blob-id="d968fbbdadc6f37b0ccc44225df4e02b6b232d8d73493f0719d2df5a464974ff">
        <acl entries="0" version="1"/>
    </resource>
    <resource type="BinaryResource" name="update-tm.xql" owner="admin" group="operations" mode="750" created="2022-05-05T11:42:07+02:00" modified="2023-03-15T16:20:50+01:00" filename="update-tm.xql" mimetype="application/xquery" blob-id="2418f028ddb98033d881b5591b4d49fb9e0e371df41cc0855c09f3606097cf78">
        <acl entries="0" version="1"/>
    </resource>
</collection>