<collection xmlns="http://exist.sourceforge.net/NS/exist" name="/db/apps/84000-operations/modules" owner="admin" group="operations" mode="755" created="2019-08-13T15:12:22+02:00" deduplicate-blobs="false" version="2">
    <acl entries="0" version="1"/>
    <resource type="BinaryResource" name="update-entity.xql" owner="admin" group="operations" mode="750" created="2021-04-26T17:04:24+02:00" modified="2022-02-25T14:09:45+01:00" filename="update-entity.xql" mimetype="application/xquery" blob-id="2861517325250e87623189ef2a7aa032ddaafab84f5c0597b0569a742ff1c1c6">
        <acl entries="0" version="1"/>
    </resource>
    <resource type="BinaryResource" name="file-upload.xql" owner="admin" group="operations" mode="754" created="2019-08-13T15:12:23+02:00" modified="2021-08-02T11:34:11+02:00" filename="file-upload.xql" mimetype="application/xquery" blob-id="1ed3ac78c674e672cfe982600e4ac29e4b96eceead89a89a5a98adc4e48ffb0b">
        <acl entries="0" version="1"/>
    </resource>
    <resource type="BinaryResource" name="translation-status.xql" owner="admin" group="operations" mode="754" created="2019-08-20T09:36:11+02:00" modified="2021-11-08T14:27:12+01:00" filename="translation-status.xql" mimetype="application/xquery" blob-id="e9b07615f9ac64b1a336cb825e9b333c9118a2c39c9dfcf75a77303446bcb492">
        <acl entries="0" version="1"/>
    </resource>
    <resource type="BinaryResource" name="local.xql" owner="admin" group="operations" mode="754" created="2019-08-13T15:12:22+02:00" modified="2022-02-18T15:23:13+01:00" filename="local.xql" mimetype="application/xquery" blob-id="c212b9dd85c27f7e32b1949fa51e02ce01280a7f88020c5e11d7d15a744d3de1">
        <acl entries="0" version="1"/>
    </resource>
    <resource type="BinaryResource" name="update-tei.xql" owner="admin" group="operations" mode="750" created="2019-08-13T15:12:22+02:00" modified="2022-03-28T11:04:04+02:00" filename="update-tei.xql" mimetype="application/xquery" blob-id="4d6e124d707e3006e99ecead338fb263de1da15a2be755aedbd6502f4c9cc3ec">
        <acl entries="0" version="1"/>
    </resource>
</collection>