<collection xmlns="http://exist.sourceforge.net/NS/exist" name="/db/apps/84000-operations/modules" owner="admin" group="dba" mode="755" created="2018-05-17T11:44:05+02:00" deduplicate-blobs="false" version="2">
    <acl entries="0" version="1"/>
    <resource type="BinaryResource" name="update-translation.xql" owner="admin" group="operations" mode="754" created="2019-02-20T09:47:58+01:00" modified="2019-02-20T09:54:49+01:00" filename="update-translation.xql" mimetype="application/xquery" blob-id="4ac30a81a5d6600c7fb10db1c4ee989af71771d63a20bb7d1192bbe24ffcd465">
        <acl entries="0" version="1"/>
    </resource>
    <resource type="BinaryResource" name="file-upload.xql" owner="admin" group="operations" mode="754" created="2019-02-20T09:19:32+01:00" modified="2019-02-27T08:54:23+01:00" filename="file-upload.xql" mimetype="application/xquery" blob-id="85d623b93b516934f46560c8f85677733ecd591d959ca1fa53ff1f58c59fde2f">
        <acl entries="0" version="1"/>
    </resource>
    <resource type="BinaryResource" name="local.xql" owner="admin" group="operations" mode="754" created="2018-05-17T11:44:21+02:00" modified="2019-02-20T09:21:23+01:00" filename="local.xql" mimetype="application/xquery" blob-id="5b69e7f15b8e606bdcd9b04a529ebe698820530b2f969cc809780f2dc6cc833e">
        <acl entries="0" version="1"/>
    </resource>
</collection>