<collection xmlns="http://exist.sourceforge.net/NS/exist" name="/db/apps/84000-utilities/models" owner="admin" group="utilities" mode="755" created="2019-08-13T14:31:24+02:00" deduplicate-blobs="false" version="2">
    <acl entries="0" version="1"/>
    <resource type="BinaryResource" name="translations.xq" owner="admin" group="utilities" mode="4750" created="2019-08-13T14:31:33+02:00" modified="2020-05-20T09:54:41+02:00" filename="translations.xq" mimetype="application/xquery" blob-id="4613ed6c5867566fbd9005de1f71ddbf72eb3f872abab369e4183d9eedaa8c97">
        <acl entries="0" version="1"/>
    </resource>
    <resource type="BinaryResource" name="test-translations.xq" owner="admin" group="utilities" mode="4750" created="2019-08-13T14:31:28+02:00" modified="2019-10-29T12:21:44+01:00" filename="test-translations.xq" mimetype="application/xquery" blob-id="a3d0d8641327475ca11806c2fb876d925766be08680cf60f23ab0cfb0dc4fc37">
        <acl entries="0" version="1"/>
    </resource>
    <resource type="BinaryResource" name="deployment.xq" owner="admin" group="utilities" mode="700" created="2019-08-13T14:31:25+02:00" modified="2019-11-26T11:26:14+01:00" filename="deployment.xq" mimetype="application/xquery" blob-id="0d86bc40c75a0502c02f6d10bd0e7e87f2ef7920dae5e90920c82ea27d986b5f">
        <acl entries="0" version="1"/>
    </resource>
    <resource type="BinaryResource" name="test-functions.xq" owner="admin" group="utilities" mode="750" created="2019-08-13T14:31:25+02:00" modified="2019-08-13T14:31:25+02:00" filename="test-functions.xq" mimetype="application/xquery" blob-id="5003f3a4426caecd2af4c995f2311634479e93ca1d69f898e606e33bdaad11e5">
        <acl entries="0" version="1"/>
    </resource>
    <resource type="BinaryResource" name="layout-checks.xq" owner="admin" group="utilities" mode="750" created="2019-08-13T14:31:28+02:00" modified="2019-10-29T10:39:58+01:00" filename="layout-checks.xq" mimetype="application/xquery" blob-id="968fe224acb2251ec68fff7837bc43422c7552c2952c4432396943394676b346">
        <acl entries="0" version="1"/>
    </resource>
    <resource type="BinaryResource" name="test-xslt.xq" owner="admin" group="dba" mode="644" created="2020-05-11T15:33:29+02:00" modified="2020-05-11T15:35:10+02:00" filename="test-xslt.xq" mimetype="application/xquery" blob-id="b3ea02cd30f16c4a614a1e9f9e8c02f61e999923a646853c5b728cf20fe60597">
        <acl entries="0" version="1"/>
    </resource>
    <resource type="BinaryResource" name="validate.xq" owner="admin" group="utilities" mode="750" created="2019-08-13T14:31:26+02:00" modified="2019-10-29T12:23:14+01:00" filename="validate.xq" mimetype="application/xquery" blob-id="dcf353eb3b7fda3e47a46de9d3a3460346345eac0f81ec3528ecf983631f7bae">
        <acl entries="0" version="1"/>
    </resource>
    <resource type="BinaryResource" name="test-sections.xq" owner="admin" group="utilities" mode="750" created="2019-08-13T14:31:36+02:00" modified="2020-01-07T16:14:05+01:00" filename="test-sections.xq" mimetype="application/xquery" blob-id="896537256a67a100ee2ef29ec9ac20681e2645d1c9f8c9ad796f38a5dfdade8e">
        <acl entries="0" version="1"/>
    </resource>
    <resource type="BinaryResource" name="tests.xq" owner="admin" group="utilities" mode="750" created="2019-08-13T14:31:29+02:00" modified="2019-10-29T12:22:18+01:00" filename="tests.xq" mimetype="application/xquery" blob-id="423b2cafdf3922312994c815e696c83359755f45303510d267cc36e0a6493473">
        <acl entries="0" version="1"/>
    </resource>
    <resource type="BinaryResource" name="glossary-management.xq" owner="admin" group="utilities" mode="750" created="2019-08-13T14:31:35+02:00" modified="2019-10-29T10:39:40+01:00" filename="glossary-management.xq" mimetype="application/xquery" blob-id="ff762b8f509753418a1ebe1321a62afc2d228becf7fb466774cfebfe6d6d1957">
        <acl entries="0" version="1"/>
    </resource>
    <resource type="BinaryResource" name="client-errors.xq" owner="admin" group="utilities" mode="750" created="2019-08-13T14:31:28+02:00" modified="2019-10-29T10:34:20+01:00" filename="client-errors.xq" mimetype="application/xquery" blob-id="16caf549ea743bdd8f3fb99dcd3f590a37391e5998c0814a7c8c9f7fbb731f7e">
        <acl entries="0" version="1"/>
    </resource>
    <resource type="BinaryResource" name="archive-logs.xq" owner="admin" group="utilities" mode="4755" created="2019-08-13T14:31:30+02:00" modified="2019-10-29T10:33:54+01:00" filename="archive-logs.xq" mimetype="application/xquery" blob-id="38612dd5a5ace48b37fed3b8502ebafceb2a0221bf823518f0f1eb0f53bcfc6b">
        <acl entries="0" version="1"/>
    </resource>
    <resource type="BinaryResource" name="requests.xq" owner="admin" group="utilities" mode="750" created="2019-08-13T14:31:26+02:00" modified="2019-10-29T10:43:28+01:00" filename="requests.xq" mimetype="application/xquery" blob-id="d8701b3c64ff27edb3f322ea4baef7fc14f154c70794c5dbedf856cb1913813d">
        <acl entries="0" version="1"/>
    </resource>
    <resource type="BinaryResource" name="git-push.xq" owner="admin" group="utilities" mode="4750" created="2019-12-06T12:13:54+01:00" modified="2019-12-09T12:41:29+01:00" filename="git-push.xq" mimetype="application/xquery" blob-id="a1560799d1238f09e98086b6bbe6bd26f6de18a2337f5ede9ec018e933d9d5cf">
        <acl entries="0" version="1"/>
    </resource>
    <resource type="BinaryResource" name="prototype.xq" owner="admin" group="utilities" mode="750" created="2019-08-13T14:31:32+02:00" modified="2019-08-13T14:31:32+02:00" filename="prototype.xq" mimetype="application/xquery" blob-id="d168ca1a8cfc56350ad31f2f0da5df641383ef7510326675df665aac24c03c25">
        <acl entries="0" version="1"/>
    </resource>
    <resource type="BinaryResource" name="sections.xq" owner="admin" group="utilities" mode="750" created="2019-08-13T14:31:37+02:00" modified="2020-01-07T14:41:50+01:00" filename="sections.xq" mimetype="application/xquery" blob-id="ba74b8d957157d28656c5fba270f81c5c2fe44571c9f61f7932f63852d1b31ae">
        <acl entries="0" version="1"/>
    </resource>
    <resource type="BinaryResource" name="section-texts.xq" owner="admin" group="utilities" mode="750" created="2019-08-13T14:31:33+02:00" modified="2020-01-07T15:32:08+01:00" filename="section-texts.xq" mimetype="application/xquery" blob-id="ac2eb13e782800bdf813dc5742ff7f27029e9052e57be3a8292f0cdfa151637f">
        <acl entries="0" version="1"/>
    </resource>
    <resource type="BinaryResource" name="snapshot.xq" owner="admin" group="utilities" mode="4750" created="2019-08-13T14:31:34+02:00" modified="2019-11-26T11:26:29+01:00" filename="snapshot.xq" mimetype="application/xquery" blob-id="07a8787af97c60b5395916b0914bc46a389285f1194b753228551093f57b8377">
        <acl entries="0" version="1"/>
    </resource>
    <resource type="BinaryResource" name="test-searches.xq" owner="admin" group="utilities" mode="750" created="2019-08-13T14:31:27+02:00" modified="2019-10-29T12:33:53+01:00" filename="test-searches.xq" mimetype="application/xquery" blob-id="a792f50fdbbb1487764af71744d40628700470f25318189da82d0dfac53b0ada">
        <acl entries="0" version="1"/>
    </resource>
    <resource type="BinaryResource" name="reindex.xq" owner="admin" group="utilities" mode="750" created="2019-08-13T14:31:24+02:00" modified="2020-04-08T18:17:01+02:00" filename="reindex.xq" mimetype="application/xquery" blob-id="cc1a31c0d153056bf7b253db9cf32a339317b8d0071ba2243c8d20a78f06ea4c">
        <acl entries="0" version="1"/>
    </resource>
    <resource type="BinaryResource" name="git-pull.xq" owner="admin" group="utilities" mode="4750" created="2019-12-06T15:49:38+01:00" modified="2019-12-06T16:08:03+01:00" filename="git-pull.xq" mimetype="application/xquery" blob-id="599f14dfdda045f107ce191be7898c2186d2c42b6010611741132d7670249728">
        <acl entries="0" version="1"/>
    </resource>
    <resource type="BinaryResource" name="folios.xq" owner="admin" group="utilities" mode="750" created="2019-08-13T14:31:31+02:00" modified="2020-05-18T16:27:02+02:00" filename="folios.xq" mimetype="application/xquery" blob-id="2532e9d538bd79b5290f6c4912c2c1761b310bed9bd231db72a5c5efe1b2b248">
        <acl entries="0" version="1"/>
    </resource>
</collection>