<collection xmlns="http://exist.sourceforge.net/NS/exist" name="/db/apps/84000-utilities/models" owner="admin" group="utilities" mode="755" created="2019-08-13T14:31:24+02:00" deduplicate-blobs="false" version="2">
    <acl entries="0" version="1"/>
    <resource type="BinaryResource" name="test-translations.xq" owner="admin" group="utilities" mode="4750" created="2019-08-13T14:31:28+02:00" modified="2019-10-29T12:21:44+01:00" filename="test-translations.xq" mimetype="application/xquery" blob-id="a3d0d8641327475ca11806c2fb876d925766be08680cf60f23ab0cfb0dc4fc37">
        <acl entries="0" version="1"/>
    </resource>
    <resource type="BinaryResource" name="deployment.xq" owner="admin" group="utilities" mode="700" created="2019-08-13T14:31:25+02:00" modified="2019-11-26T11:26:14+01:00" filename="deployment.xq" mimetype="application/xquery" blob-id="0d86bc40c75a0502c02f6d10bd0e7e87f2ef7920dae5e90920c82ea27d986b5f">
        <acl entries="0" version="1"/>
    </resource>
    <resource type="BinaryResource" name="test-functions.xq" owner="admin" group="utilities" mode="750" created="2019-08-13T14:31:25+02:00" modified="2019-08-13T14:31:25+02:00" filename="test-functions.xq" mimetype="application/xquery" blob-id="5003f3a4426caecd2af4c995f2311634479e93ca1d69f898e606e33bdaad11e5">
        <acl entries="0" version="1"/>
    </resource>
    <resource type="BinaryResource" name="layout-checks.xq" owner="admin" group="utilities" mode="750" created="2019-08-13T14:31:28+02:00" modified="2019-10-29T10:39:58+01:00" filename="layout-checks.xq" mimetype="application/xquery" blob-id="968fe224acb2251ec68fff7837bc43422c7552c2952c4432396943394676b346">
        <acl entries="0" version="1"/>
    </resource>
    <resource type="BinaryResource" name="validate.xq" owner="admin" group="utilities" mode="750" created="2019-08-13T14:31:26+02:00" modified="2019-10-29T12:23:14+01:00" filename="validate.xq" mimetype="application/xquery" blob-id="dcf353eb3b7fda3e47a46de9d3a3460346345eac0f81ec3528ecf983631f7bae">
        <acl entries="0" version="1"/>
    </resource>
    <resource type="BinaryResource" name="section-texts.xq" owner="admin" group="utilities" mode="750" created="2019-08-13T14:31:33+02:00" modified="2019-10-29T10:43:53+01:00" filename="section-texts.xq" mimetype="application/xquery" blob-id="ac2eb13e782800bdf813dc5742ff7f27029e9052e57be3a8292f0cdfa151637f">
        <acl entries="0" version="1"/>
    </resource>
    <resource type="BinaryResource" name="sections.xq" owner="admin" group="utilities" mode="750" created="2019-08-13T14:31:37+02:00" modified="2019-10-29T10:44:16+01:00" filename="sections.xq" mimetype="application/xquery" blob-id="3f6647ec00a4f988f0da9b28449eda652f82df9d1f107dc8e96e4482eab51917">
        <acl entries="0" version="1"/>
    </resource>
    <resource type="BinaryResource" name="reindex.xq" owner="admin" group="utilities" mode="750" created="2019-08-13T14:31:24+02:00" modified="2019-11-28T09:43:14+01:00" filename="reindex.xq" mimetype="application/xquery" blob-id="1e8ec8db3627fafdffa6d162151312edcfa2da39d0c708327dd28d022d5ad608">
        <acl entries="0" version="1"/>
    </resource>
    <resource type="BinaryResource" name="tests.xq" owner="admin" group="utilities" mode="750" created="2019-08-13T14:31:29+02:00" modified="2019-10-29T12:22:18+01:00" filename="tests.xq" mimetype="application/xquery" blob-id="423b2cafdf3922312994c815e696c83359755f45303510d267cc36e0a6493473">
        <acl entries="0" version="1"/>
    </resource>
    <resource type="BinaryResource" name="glossary-management.xq" owner="admin" group="utilities" mode="750" created="2019-08-13T14:31:35+02:00" modified="2019-10-29T10:39:40+01:00" filename="glossary-management.xq" mimetype="application/xquery" blob-id="ff762b8f509753418a1ebe1321a62afc2d228becf7fb466774cfebfe6d6d1957">
        <acl entries="0" version="1"/>
    </resource>
    <resource type="BinaryResource" name="folios.xq" owner="admin" group="utilities" mode="750" created="2019-08-13T14:31:31+02:00" modified="2019-10-29T10:34:52+01:00" filename="folios.xq" mimetype="application/xquery" blob-id="2e32fa21b338bb668283fde3ba6c508c0d451a4b90af24eca772969ef2aac74e">
        <acl entries="0" version="1"/>
    </resource>
    <resource type="BinaryResource" name="client-errors.xq" owner="admin" group="utilities" mode="750" created="2019-08-13T14:31:28+02:00" modified="2019-10-29T10:34:20+01:00" filename="client-errors.xq" mimetype="application/xquery" blob-id="16caf549ea743bdd8f3fb99dcd3f590a37391e5998c0814a7c8c9f7fbb731f7e">
        <acl entries="0" version="1"/>
    </resource>
    <resource type="BinaryResource" name="archive-logs.xq" owner="admin" group="utilities" mode="4755" created="2019-08-13T14:31:30+02:00" modified="2019-10-29T10:33:54+01:00" filename="archive-logs.xq" mimetype="application/xquery" blob-id="38612dd5a5ace48b37fed3b8502ebafceb2a0221bf823518f0f1eb0f53bcfc6b">
        <acl entries="0" version="1"/>
    </resource>
    <resource type="BinaryResource" name="requests.xq" owner="admin" group="utilities" mode="750" created="2019-08-13T14:31:26+02:00" modified="2019-10-29T10:43:28+01:00" filename="requests.xq" mimetype="application/xquery" blob-id="d8701b3c64ff27edb3f322ea4baef7fc14f154c70794c5dbedf856cb1913813d">
        <acl entries="0" version="1"/>
    </resource>
    <resource type="BinaryResource" name="test-sections.xq" owner="admin" group="utilities" mode="750" created="2019-08-13T14:31:36+02:00" modified="2019-10-29T12:11:58+01:00" filename="test-sections.xq" mimetype="application/xquery" blob-id="5dc13792164aee27e970983088527371cf1baab804ea0eb4b6a5d1dc1669726f">
        <acl entries="0" version="1"/>
    </resource>
    <resource type="BinaryResource" name="translations.xq" owner="admin" group="utilities" mode="4750" created="2019-08-13T14:31:33+02:00" modified="2019-10-29T12:22:27+01:00" filename="translations.xq" mimetype="application/xquery" blob-id="dae0c05e997e29544f66e073fecccf22dd2257d4719cb1362102807c7b2a6e4a">
        <acl entries="0" version="1"/>
    </resource>
    <resource type="BinaryResource" name="prototype.xq" owner="admin" group="utilities" mode="750" created="2019-08-13T14:31:32+02:00" modified="2019-08-13T14:31:32+02:00" filename="prototype.xq" mimetype="application/xquery" blob-id="d168ca1a8cfc56350ad31f2f0da5df641383ef7510326675df665aac24c03c25">
        <acl entries="0" version="1"/>
    </resource>
    <resource type="BinaryResource" name="snapshot.xq" owner="admin" group="utilities" mode="4750" created="2019-08-13T14:31:34+02:00" modified="2019-11-26T11:26:29+01:00" filename="snapshot.xq" mimetype="application/xquery" blob-id="07a8787af97c60b5395916b0914bc46a389285f1194b753228551093f57b8377">
        <acl entries="0" version="1"/>
    </resource>
    <resource type="BinaryResource" name="test-searches.xq" owner="admin" group="utilities" mode="750" created="2019-08-13T14:31:27+02:00" modified="2019-10-29T12:33:53+01:00" filename="test-searches.xq" mimetype="application/xquery" blob-id="a792f50fdbbb1487764af71744d40628700470f25318189da82d0dfac53b0ada">
        <acl entries="0" version="1"/>
    </resource>
</collection>