<collection xmlns="http://exist.sourceforge.net/NS/exist" name="/db/apps/84000-utilities/models" owner="admin" group="dba" mode="755" created="2018-10-28T10:47:17+01:00" deduplicate-blobs="false" version="2">
    <acl entries="0" version="1"/>
    <resource type="BinaryResource" name="snapshot.xq" owner="admin" group="utilities" mode="4750" created="2018-05-17T14:55:47+02:00" modified="2019-02-27T11:17:42+01:00" filename="snapshot.xq" mimetype="application/xquery" blob-id="097a9c4310bc629e2b2f5a9e1007a2b33b086749da3d4ab950068cec12ede68e">
        <acl entries="0" version="1"/>
    </resource>
    <resource type="BinaryResource" name="validate.xq" owner="admin" group="utilities" mode="750" created="2018-05-17T12:57:15+02:00" modified="2019-02-01T16:49:41+01:00" filename="validate.xq" mimetype="application/xquery" blob-id="8e2c22015b2fab90006f329294e6bd793cdba5e75d8c1c71b621d53a69c819d3">
        <acl entries="0" version="1"/>
    </resource>
    <resource type="BinaryResource" name="test-functions.xq" owner="admin" group="utilities" mode="750" created="2018-12-18T12:04:54+01:00" modified="2018-12-18T12:06:07+01:00" filename="test-functions.xq" mimetype="application/xquery" blob-id="5003f3a4426caecd2af4c995f2311634479e93ca1d69f898e606e33bdaad11e5">
        <acl entries="0" version="1"/>
    </resource>
    <resource type="BinaryResource" name="section-texts.xq" owner="admin" group="utilities" mode="750" created="2018-08-07T17:27:29+02:00" modified="2018-08-21T09:19:17+02:00" filename="section-texts.xq" mimetype="application/xquery" blob-id="668573d448f63aac88c3a6698ed62fd8f6764f18fa8b124359d82cb300739a88">
        <acl entries="0" version="1"/>
    </resource>
    <resource type="BinaryResource" name="test-searches.xq" owner="admin" group="utilities" mode="750" created="2019-03-18T16:51:12+01:00" modified="2019-03-26T12:14:19+01:00" filename="test-searches.xq" mimetype="application/xquery" blob-id="6a2a72101812fc062d6c1b96cc81725a8fcf77f30dce977d8b20d03701cec569">
        <acl entries="0" version="1"/>
    </resource>
    <resource type="BinaryResource" name="reindex.xq" owner="admin" group="dba" mode="644" created="2019-05-07T12:12:55+02:00" modified="2019-05-07T12:37:46+02:00" filename="reindex.xq" mimetype="application/xquery" blob-id="95b64653f42e1013dd138740a787067ab3ccbcc681b39f98487a274330b950c3">
        <acl entries="0" version="1"/>
    </resource>
    <resource type="BinaryResource" name="tests.xq" owner="admin" group="utilities" mode="750" created="2018-05-17T12:53:44+02:00" modified="2018-07-30T15:29:51+02:00" filename="tests.xq" mimetype="application/xquery" blob-id="ea4998768effbcd6552063bc0408c320a9ee9913001df839ea595573e65b3446">
        <acl entries="0" version="1"/>
    </resource>
    <resource type="BinaryResource" name="layout-checks.xq" owner="admin" group="utilities" mode="750" created="2018-05-17T13:34:38+02:00" modified="2018-07-30T15:23:44+02:00" filename="layout-checks.xq" mimetype="application/xquery" blob-id="1673f3fb70ec72f45e593464e95cb51c35e76a446f6bc02be5d6bd63c0784e73">
        <acl entries="0" version="1"/>
    </resource>
    <resource type="BinaryResource" name="folios.xq" owner="admin" group="utilities" mode="750" created="2018-08-01T16:05:03+02:00" modified="2018-09-28T11:51:38+02:00" filename="folios.xq" mimetype="application/xquery" blob-id="0a46a9867205dded16dc94a6e59d08f88593400915df2a2ee821987698bc90df">
        <acl entries="0" version="1"/>
    </resource>
    <resource type="BinaryResource" name="test-sections.xq" owner="admin" group="utilities" mode="750" created="2018-11-07T10:02:49+01:00" modified="2019-01-15T21:18:39+01:00" filename="test-sections.xq" mimetype="application/xquery" blob-id="76bcbc97ed92f57b751b01d0aae751ddc27e55e5b23acff3230817aa76e2a481">
        <acl entries="0" version="1"/>
    </resource>
    <resource type="BinaryResource" name="sections.xq" owner="admin" group="utilities" mode="750" created="2018-05-17T12:38:04+02:00" modified="2019-01-15T21:26:35+01:00" filename="sections.xq" mimetype="application/xquery" blob-id="f82ffe0a12bd07fd3826d856545b1797738aee5e7812401f2d59a6f6b0528076">
        <acl entries="0" version="1"/>
    </resource>
    <resource type="BinaryResource" name="deployment.xq" owner="admin" group="utilities" mode="750" created="2018-05-17T14:51:16+02:00" modified="2019-02-27T11:18:35+01:00" filename="deployment.xq" mimetype="application/xquery" blob-id="6d799af6bc0d0af1343eb8fede6a3b122c083dd6af288d99aae3478ebbdac7c0">
        <acl entries="0" version="1"/>
    </resource>
    <resource type="BinaryResource" name="translations.xq" owner="admin" group="utilities" mode="4750" created="2018-05-17T11:05:17+02:00" modified="2019-03-20T17:00:03+01:00" filename="translations.xq" mimetype="application/xquery" blob-id="9ef1374b5e6e9783dcb5eed33b4289e5cf411e772201d717c67181fb023a2e7b">
        <acl entries="0" version="1"/>
    </resource>
    <resource type="BinaryResource" name="test-translations.xq" owner="admin" group="utilities" mode="750" created="2018-05-17T13:05:14+02:00" modified="2019-04-11T12:49:19+02:00" filename="test-translations.xq" mimetype="application/xquery" blob-id="41924d1582bf93952061bbc6f60e74339f31b1b346406ab388f6357632fddd55">
        <acl entries="0" version="1"/>
    </resource>
    <resource type="BinaryResource" name="client-errors.xq" owner="admin" group="utilities" mode="750" created="2018-05-17T14:46:50+02:00" modified="2018-08-03T09:30:41+02:00" filename="client-errors.xq" mimetype="application/xquery" blob-id="a255f85d1da337ff6d293e5e5c2942929743e5349304ca19bfe4782feda8289b">
        <acl entries="0" version="1"/>
    </resource>
    <resource type="BinaryResource" name="requests.xq" owner="admin" group="utilities" mode="750" created="2018-05-17T14:42:48+02:00" modified="2018-08-02T19:30:58+02:00" filename="requests.xq" mimetype="application/xquery" blob-id="ac15bfa8589810428fdd60078d8157778d6b9bbe7a713c2bab20c02d16a805ac">
        <acl entries="0" version="1"/>
    </resource>
    <resource type="BinaryResource" name="archive-logs.xq" owner="admin" group="utilities" mode="4750" created="2019-05-29T12:33:06+02:00" modified="2019-05-29T12:35:50+02:00" filename="archive-logs.xq" mimetype="application/xquery" blob-id="9db437c1db41fd0b8e9a7276aa0b001d1f1be8378a034d7b8536eb9f2d2c0a1d">
        <acl entries="0" version="1"/>
    </resource>
</collection>