<collection xmlns="http://exist.sourceforge.net/NS/exist" name="/db/apps/84000-utilities/models" owner="admin" group="utilities" mode="755" created="2019-08-13T14:31:24+02:00" deduplicate-blobs="false" version="2">
    <acl entries="0" version="1"/>
    <resource type="BinaryResource" name="test-functions.xq" owner="admin" group="utilities" mode="750" created="2019-08-13T14:31:25+02:00" modified="2019-08-13T14:31:25+02:00" filename="test-functions.xq" mimetype="application/xquery" blob-id="5003f3a4426caecd2af4c995f2311634479e93ca1d69f898e606e33bdaad11e5">
        <acl entries="0" version="1"/>
    </resource>
    <resource type="BinaryResource" name="validate.xq" owner="admin" group="utilities" mode="750" created="2019-08-13T14:31:26+02:00" modified="2019-09-18T14:19:25+02:00" filename="validate.xq" mimetype="application/xquery" blob-id="6606e12da6f6064152379acf4f375c39ef95cd0b16878d49fe680f0ba9c58ff7">
        <acl entries="0" version="1"/>
    </resource>
    <resource type="BinaryResource" name="tests.xq" owner="admin" group="utilities" mode="750" created="2019-08-13T14:31:29+02:00" modified="2019-08-13T14:31:29+02:00" filename="tests.xq" mimetype="application/xquery" blob-id="ea4998768effbcd6552063bc0408c320a9ee9913001df839ea595573e65b3446">
        <acl entries="0" version="1"/>
    </resource>
    <resource type="BinaryResource" name="layout-checks.xq" owner="admin" group="utilities" mode="750" created="2019-08-13T14:31:28+02:00" modified="2019-08-13T14:31:28+02:00" filename="layout-checks.xq" mimetype="application/xquery" blob-id="1673f3fb70ec72f45e593464e95cb51c35e76a446f6bc02be5d6bd63c0784e73">
        <acl entries="0" version="1"/>
    </resource>
    <resource type="BinaryResource" name="test-searches.xq" owner="admin" group="utilities" mode="750" created="2019-08-13T14:31:27+02:00" modified="2019-08-13T14:31:27+02:00" filename="test-searches.xq" mimetype="application/xquery" blob-id="6a2a72101812fc062d6c1b96cc81725a8fcf77f30dce977d8b20d03701cec569">
        <acl entries="0" version="1"/>
    </resource>
    <resource type="BinaryResource" name="archive-logs.xq" owner="admin" group="utilities" mode="4755" created="2019-08-13T14:31:30+02:00" modified="2019-08-13T14:31:30+02:00" filename="archive-logs.xq" mimetype="application/xquery" blob-id="9db437c1db41fd0b8e9a7276aa0b001d1f1be8378a034d7b8536eb9f2d2c0a1d">
        <acl entries="0" version="1"/>
    </resource>
    <resource type="BinaryResource" name="deployment.xq" owner="admin" group="utilities" mode="700" created="2019-08-13T14:31:25+02:00" modified="2019-08-13T14:31:25+02:00" filename="deployment.xq" mimetype="application/xquery" blob-id="244e0751ea25f656f5b9934cda3060d417259df2b96b56843ed369c49fd25642">
        <acl entries="0" version="1"/>
    </resource>
    <resource type="BinaryResource" name="folios.xq" owner="admin" group="utilities" mode="750" created="2019-08-13T14:31:31+02:00" modified="2019-09-18T15:59:51+02:00" filename="folios.xq" mimetype="application/xquery" blob-id="4967d9470f240c97da1e7804113806b66c27947f6ad2a524ab25447da7a62b75">
        <acl entries="0" version="1"/>
    </resource>
    <resource type="BinaryResource" name="requests.xq" owner="admin" group="utilities" mode="750" created="2019-08-13T14:31:26+02:00" modified="2019-08-13T14:31:26+02:00" filename="requests.xq" mimetype="application/xquery" blob-id="ac15bfa8589810428fdd60078d8157778d6b9bbe7a713c2bab20c02d16a805ac">
        <acl entries="0" version="1"/>
    </resource>
    <resource type="BinaryResource" name="prototype.xq" owner="admin" group="utilities" mode="750" created="2019-08-13T14:31:32+02:00" modified="2019-08-13T14:31:32+02:00" filename="prototype.xq" mimetype="application/xquery" blob-id="d168ca1a8cfc56350ad31f2f0da5df641383ef7510326675df665aac24c03c25">
        <acl entries="0" version="1"/>
    </resource>
    <resource type="BinaryResource" name="client-errors.xq" owner="admin" group="utilities" mode="750" created="2019-08-13T14:31:28+02:00" modified="2019-08-13T14:31:28+02:00" filename="client-errors.xq" mimetype="application/xquery" blob-id="a255f85d1da337ff6d293e5e5c2942929743e5349304ca19bfe4782feda8289b">
        <acl entries="0" version="1"/>
    </resource>
    <resource type="BinaryResource" name="reindex.xq" owner="admin" group="utilities" mode="750" created="2019-08-13T14:31:24+02:00" modified="2019-09-17T10:49:15+02:00" filename="reindex.xq" mimetype="application/xquery" blob-id="664a4d4bfb249fe2b3014f8125face928b83953aa8510741b9e5ccd6e49c0097">
        <acl entries="0" version="1"/>
    </resource>
    <resource type="BinaryResource" name="translations.xq" owner="admin" group="utilities" mode="4750" created="2019-08-13T14:31:33+02:00" modified="2019-10-25T12:17:57+02:00" filename="translations.xq" mimetype="application/xquery" blob-id="6ea7073bbbd8754b812e5287d6137b3fe24aac0985f3a842fc29bd36600449b3">
        <acl entries="0" version="1"/>
    </resource>
    <resource type="BinaryResource" name="snapshot.xq" owner="admin" group="utilities" mode="4750" created="2019-08-13T14:31:34+02:00" modified="2019-09-18T14:24:22+02:00" filename="snapshot.xq" mimetype="application/xquery" blob-id="7410b6041b28bec15913faf5492f9e415d22b4420813da89ce3cdad3a10a3685">
        <acl entries="0" version="1"/>
    </resource>
    <resource type="BinaryResource" name="section-texts.xq" owner="admin" group="utilities" mode="750" created="2019-08-13T14:31:33+02:00" modified="2019-08-13T14:31:33+02:00" filename="section-texts.xq" mimetype="application/xquery" blob-id="668573d448f63aac88c3a6698ed62fd8f6764f18fa8b124359d82cb300739a88">
        <acl entries="0" version="1"/>
    </resource>
    <resource type="BinaryResource" name="test-translations.xq" owner="admin" group="utilities" mode="4750" created="2019-08-13T14:31:28+02:00" modified="2019-09-18T12:52:36+02:00" filename="test-translations.xq" mimetype="application/xquery" blob-id="178c6cb9166d9d3b874a5ab0c80132b2a480c7762279499d9e4d2c2696c54116">
        <acl entries="0" version="1"/>
    </resource>
    <resource type="BinaryResource" name="glossary-management.xq" owner="admin" group="utilities" mode="750" created="2019-08-13T14:31:35+02:00" modified="2019-08-13T14:31:35+02:00" filename="glossary-management.xq" mimetype="application/xquery" blob-id="7325fc4c8764c1ef0c455e2de3175a1caf1071d61385252224d4a69930ccfc27">
        <acl entries="0" version="1"/>
    </resource>
    <resource type="BinaryResource" name="test-sections.xq" owner="admin" group="utilities" mode="750" created="2019-08-13T14:31:36+02:00" modified="2019-08-13T14:31:36+02:00" filename="test-sections.xq" mimetype="application/xquery" blob-id="76bcbc97ed92f57b751b01d0aae751ddc27e55e5b23acff3230817aa76e2a481">
        <acl entries="0" version="1"/>
    </resource>
    <resource type="BinaryResource" name="sections.xq" owner="admin" group="utilities" mode="750" created="2019-08-13T14:31:37+02:00" modified="2019-08-20T10:43:22+02:00" filename="sections.xq" mimetype="application/xquery" blob-id="f82ffe0a12bd07fd3826d856545b1797738aee5e7812401f2d59a6f6b0528076">
        <acl entries="0" version="1"/>
    </resource>
</collection>