<collection xmlns="http://exist.sourceforge.net/NS/exist" name="/db/apps/84000-utilities/models" owner="admin" group="utilities" mode="755" created="2019-08-13T14:31:24+02:00" deduplicate-blobs="false" version="2">
    <acl entries="0" version="1"/>
    <resource type="BinaryResource" name="test-searches.xq" owner="admin" group="utilities" mode="750" created="2019-08-13T14:31:27+02:00" modified="2021-07-29T15:27:42+02:00" filename="test-searches.xq" mimetype="application/xquery" blob-id="ade98d7f0222e50ad625ddad59a6b4b19c00b2a5181c533aa29b33cf5b5edd7a">
        <acl entries="0" version="1"/>
    </resource>
    <resource type="BinaryResource" name="git-push.xq" owner="admin" group="utilities" mode="4750" created="2019-12-06T12:13:54+01:00" modified="2021-07-29T15:27:44+02:00" filename="git-push.xq" mimetype="application/xquery" blob-id="b34701eb8615a1890e8e28d4ecbbbce9f849847b3d0b281c7fcba88198cf62f1">
        <acl entries="0" version="1"/>
    </resource>
    <resource type="BinaryResource" name="reindex.xq" owner="admin" group="utilities" mode="750" created="2019-08-13T14:31:24+02:00" modified="2021-07-29T15:27:45+02:00" filename="reindex.xq" mimetype="application/xquery" blob-id="931d651dfec18c1496f1c32975e450c20e99e505076c581d513e69bf104549fa">
        <acl entries="0" version="1"/>
    </resource>
    <resource type="BinaryResource" name="client-errors.xq" owner="admin" group="utilities" mode="750" created="2019-08-13T14:31:28+02:00" modified="2021-07-29T15:27:45+02:00" filename="client-errors.xq" mimetype="application/xquery" blob-id="5b2830439272dd89799e9207452c2c4d07bbfa6cd737aee50e7f0b488de0805b">
        <acl entries="0" version="1"/>
    </resource>
    <resource type="BinaryResource" name="section-texts.xq" owner="admin" group="utilities" mode="750" created="2019-08-13T14:31:33+02:00" modified="2021-07-29T15:27:45+02:00" filename="section-texts.xq" mimetype="application/xquery" blob-id="4bb35d461cc885de4a224a85a17231ad6111978ba2fcf9e31c5c5a03ce22977e">
        <acl entries="0" version="1"/>
    </resource>
    <resource type="BinaryResource" name="prototype.xq" owner="admin" group="utilities" mode="750" created="2019-08-13T14:31:32+02:00" modified="2021-07-29T15:27:46+02:00" filename="prototype.xq" mimetype="application/xquery" blob-id="d168ca1a8cfc56350ad31f2f0da5df641383ef7510326675df665aac24c03c25">
        <acl entries="0" version="1"/>
    </resource>
    <resource type="BinaryResource" name="test-sections.xq" owner="admin" group="utilities" mode="750" created="2019-08-13T14:31:36+02:00" modified="2021-07-29T15:27:47+02:00" filename="test-sections.xq" mimetype="application/xquery" blob-id="1a56180ca7ab31ca5b6f6cf29eb862a20501fa74bdfd8d50ffae94ab48867538">
        <acl entries="0" version="1"/>
    </resource>
    <resource type="BinaryResource" name="deployment.xq" owner="admin" group="utilities" mode="700" created="2019-08-13T14:31:25+02:00" modified="2021-07-29T15:27:49+02:00" filename="deployment.xq" mimetype="application/xquery" blob-id="0dadd7dba58b560c7fc7991af937f260331519d8a6ca4bc251a7674a2e9332e3">
        <acl entries="0" version="1"/>
    </resource>
    <resource type="BinaryResource" name="requests.xq" owner="admin" group="utilities" mode="750" created="2019-08-13T14:31:26+02:00" modified="2021-07-29T15:27:49+02:00" filename="requests.xq" mimetype="application/xquery" blob-id="b7df8e1821e463cd757b42661802c115004360b65c173d50d2e13f1306eaec01">
        <acl entries="0" version="1"/>
    </resource>
    <resource type="BinaryResource" name="linked-texts.xq" owner="admin" group="utilities" mode="750" created="2021-03-26T13:54:35+01:00" modified="2021-08-30T15:05:00+02:00" filename="linked-texts.xq" mimetype="application/xquery" blob-id="9a99d0acbdd21ff124bb01ff2b88de3af1b0715a731ae27ae92e192ef8ce9149">
        <acl entries="0" version="1"/>
    </resource>
    <resource type="BinaryResource" name="knowledgebase.xq" owner="admin" group="utilities" mode="750" created="2020-08-31T09:45:25+02:00" modified="2021-07-29T15:27:49+02:00" filename="knowledgebase.xq" mimetype="application/xquery" blob-id="1756a5287a74d215e832fce56e25f3ee8b3ae856c0f975bc3e2e697ff4107a79">
        <acl entries="0" version="1"/>
    </resource>
    <resource type="BinaryResource" name="tests.xq" owner="admin" group="utilities" mode="750" created="2019-08-13T14:31:29+02:00" modified="2021-07-29T15:27:50+02:00" filename="tests.xq" mimetype="application/xquery" blob-id="0ee3e2a66402d12dd6fb83221356f5e12f56330d13e05c43dcde4eb1989069c2">
        <acl entries="0" version="1"/>
    </resource>
    <resource type="BinaryResource" name="sections.xq" owner="admin" group="utilities" mode="750" created="2019-08-13T14:31:37+02:00" modified="2021-07-29T15:27:50+02:00" filename="sections.xq" mimetype="application/xquery" blob-id="53880659b196b687927d7af16b9471e388c2e067cd35c29093ba52c888ee6d33">
        <acl entries="0" version="1"/>
    </resource>
    <resource type="BinaryResource" name="git-pull.xq" owner="admin" group="utilities" mode="4750" created="2019-12-06T15:49:38+01:00" modified="2021-07-29T15:27:51+02:00" filename="git-pull.xq" mimetype="application/xquery" blob-id="6a4d7270b564ba3b5c2eaa82cd8b09d9bf47b0dcf219bf9b2fdff3bf6df8f13b">
        <acl entries="0" version="1"/>
    </resource>
    <resource type="BinaryResource" name="archive-logs.xq" owner="admin" group="utilities" mode="4755" created="2019-08-13T14:31:30+02:00" modified="2021-10-06T09:23:22+02:00" filename="archive-logs.xq" mimetype="application/xquery" blob-id="5dbbd032b343cac8fcdcfa79c24dc7ab329163335cbc32762eec1a66a2c0c0e7">
        <acl entries="0" version="1"/>
    </resource>
    <resource type="BinaryResource" name="translations.xq" owner="admin" group="utilities" mode="4750" created="2019-08-13T14:31:33+02:00" modified="2022-03-29T11:08:36+02:00" filename="translations.xq" mimetype="application/xquery" blob-id="191956858ecb3b26e4c54997070688d68e0bdc2e4a546b78b40833ac1e69698a">
        <acl entries="0" version="1"/>
    </resource>
    <resource type="BinaryResource" name="cache-glossary-downloads.xq" owner="admin" group="utilities" mode="4755" created="2022-03-24T11:30:24+01:00" modified="2022-04-20T12:08:42+02:00" filename="cache-glossary-downloads.xq" mimetype="application/xquery" blob-id="01a16962ee215298214eca2acb7dd9a857762ba2ac60e8c05c074d1b962e39d9">
        <acl entries="0" version="1"/>
    </resource>
    <resource type="BinaryResource" name="snapshot.xq" owner="admin" group="utilities" mode="4750" created="2019-08-13T14:31:34+02:00" modified="2021-08-31T15:42:45+02:00" filename="snapshot.xq" mimetype="application/xquery" blob-id="b20ef6e9a70ad8f15384b09dc39e84b758eb6c53b0f7f963f16b00fd76935dde">
        <acl entries="0" version="1"/>
    </resource>
    <resource type="BinaryResource" name="validate.xq" owner="admin" group="utilities" mode="750" created="2019-08-13T14:31:26+02:00" modified="2021-08-31T15:44:03+02:00" filename="validate.xq" mimetype="application/xquery" blob-id="505e871dc1e94b4d41f694ce39bf3b5aeb658dd89b1c9b64c793f730fee119f4">
        <acl entries="0" version="1"/>
    </resource>
    <resource type="BinaryResource" name="folios.xq" owner="admin" group="utilities" mode="750" created="2019-08-13T14:31:31+02:00" modified="2021-08-31T15:46:19+02:00" filename="folios.xq" mimetype="application/xquery" blob-id="2fc201ca018047365be9d80df7753104c2854f9cefb14b77a6551619a7e24278">
        <acl entries="0" version="1"/>
    </resource>
    <resource type="BinaryResource" name="test-translations.xq" owner="admin" group="utilities" mode="4750" created="2019-08-13T14:31:28+02:00" modified="2021-11-18T08:32:48+01:00" filename="test-translations.xq" mimetype="application/xquery" blob-id="061a1cc34d8907c39e178341d6a2eb59e34456443612b7d9ea0dac22779ab356">
        <acl entries="0" version="1"/>
    </resource>
    <resource type="BinaryResource" name="test-functions.xq" owner="admin" group="utilities" mode="750" created="2019-08-13T14:31:25+02:00" modified="2022-04-01T15:50:15+02:00" filename="test-functions.xq" mimetype="application/xquery" blob-id="1759e6fc42cc58750e29c3f430b079a7e613d8d4e2857b2e73f7ab6c6db1fb9a">
        <acl entries="0" version="1"/>
    </resource>
    <resource type="BinaryResource" name="cross-references.xq" owner="admin" group="utilities" mode="750" created="2021-01-11T12:09:59+01:00" modified="2021-07-29T15:27:39+02:00" filename="cross-references.xq" mimetype="application/xquery" blob-id="a2f93b6db81d8a9afb63ac2f1542c45838976c66f334a481f2bfc415e071e7c3">
        <acl entries="0" version="1"/>
    </resource>
    <resource type="BinaryResource" name="test-xslt.xq" owner="admin" group="utilities" mode="700" created="2020-05-11T15:33:29+02:00" modified="2021-07-29T15:27:40+02:00" filename="test-xslt.xq" mimetype="application/xquery" blob-id="b3ea02cd30f16c4a614a1e9f9e8c02f61e999923a646853c5b728cf20fe60597">
        <acl entries="0" version="1"/>
    </resource>
</collection>