<collection xmlns="http://exist.sourceforge.net/NS/exist" name="/db/apps/84000-utilities/models" owner="admin" group="utilities" mode="755" created="2019-08-13T14:31:24+02:00" deduplicate-blobs="false" version="2">
    <acl entries="0" version="1"/>
    <resource type="BinaryResource" name="cross-references.xq" owner="admin" group="utilities" mode="750" created="2021-01-11T12:09:59+01:00" modified="2021-03-25T11:20:41+01:00" filename="cross-references.xq" mimetype="application/xquery" blob-id="a2f93b6db81d8a9afb63ac2f1542c45838976c66f334a481f2bfc415e071e7c3">
        <acl entries="0" version="1"/>
    </resource>
    <resource type="BinaryResource" name="test-functions.xq" owner="admin" group="utilities" mode="750" created="2019-08-13T14:31:25+02:00" modified="2019-08-13T14:31:25+02:00" filename="test-functions.xq" mimetype="application/xquery" blob-id="5003f3a4426caecd2af4c995f2311634479e93ca1d69f898e606e33bdaad11e5">
        <acl entries="0" version="1"/>
    </resource>
    <resource type="BinaryResource" name="test-xslt.xq" owner="admin" group="dba" mode="644" created="2020-05-11T15:33:29+02:00" modified="2020-05-11T15:35:10+02:00" filename="test-xslt.xq" mimetype="application/xquery" blob-id="b3ea02cd30f16c4a614a1e9f9e8c02f61e999923a646853c5b728cf20fe60597">
        <acl entries="0" version="1"/>
    </resource>
    <resource type="BinaryResource" name="folios.xq" owner="admin" group="utilities" mode="750" created="2019-08-13T14:31:31+02:00" modified="2020-11-18T15:42:46+01:00" filename="folios.xq" mimetype="application/xquery" blob-id="4608de5fca30190ed353031fc18549f3ae3cc8f5f17e2eee764e2379049fd720">
        <acl entries="0" version="1"/>
    </resource>
    <resource type="BinaryResource" name="tests.xq" owner="admin" group="utilities" mode="750" created="2019-08-13T14:31:29+02:00" modified="2020-11-18T15:48:22+01:00" filename="tests.xq" mimetype="application/xquery" blob-id="078a36f8acaf3ce9b8ce512f23441303ec5daaf3f9d46fa26b9e06b268fb1137">
        <acl entries="0" version="1"/>
    </resource>
    <resource type="BinaryResource" name="snapshot.xq" owner="admin" group="utilities" mode="4750" created="2019-08-13T14:31:34+02:00" modified="2020-11-18T15:47:05+01:00" filename="snapshot.xq" mimetype="application/xquery" blob-id="5c7934c8ef1f38705cbcf877e5f267d36fc4d98193dbd23b8a5772912d5dbc89">
        <acl entries="0" version="1"/>
    </resource>
    <resource type="BinaryResource" name="test-searches.xq" owner="admin" group="utilities" mode="750" created="2019-08-13T14:31:27+02:00" modified="2020-11-18T15:47:27+01:00" filename="test-searches.xq" mimetype="application/xquery" blob-id="ade98d7f0222e50ad625ddad59a6b4b19c00b2a5181c533aa29b33cf5b5edd7a">
        <acl entries="0" version="1"/>
    </resource>
    <resource type="BinaryResource" name="translations.xq" owner="admin" group="utilities" mode="4750" created="2019-08-13T14:31:33+02:00" modified="2021-03-17T17:08:38+01:00" filename="translations.xq" mimetype="application/xquery" blob-id="76acfd6946c457699c2ec630d581b99a6fed19474e9264b097f71bcef21c3c57">
        <acl entries="0" version="1"/>
    </resource>
    <resource type="BinaryResource" name="test-translations.xq" owner="admin" group="utilities" mode="4750" created="2019-08-13T14:31:28+02:00" modified="2020-11-18T15:48:06+01:00" filename="test-translations.xq" mimetype="application/xquery" blob-id="59393e0ebfef0f9c3fcc049f75a7f0bf2be8c86a3ff07ce47b9fd5504b10ebe3">
        <acl entries="0" version="1"/>
    </resource>
    <resource type="BinaryResource" name="layout-checks.xq" owner="admin" group="utilities" mode="750" created="2019-08-13T14:31:28+02:00" modified="2021-03-17T13:41:46+01:00" filename="layout-checks.xq" mimetype="application/xquery" blob-id="a54bfbec407cb8392ecddc783aa3a264e6c489a22d3eeafa690e2f8c20a0c908">
        <acl entries="0" version="1"/>
    </resource>
    <resource type="BinaryResource" name="git-push.xq" owner="admin" group="utilities" mode="4750" created="2019-12-06T12:13:54+01:00" modified="2021-02-08T17:17:24+01:00" filename="git-push.xq" mimetype="application/xquery" blob-id="b34701eb8615a1890e8e28d4ecbbbce9f849847b3d0b281c7fcba88198cf62f1">
        <acl entries="0" version="1"/>
    </resource>
    <resource type="BinaryResource" name="reindex.xq" owner="admin" group="utilities" mode="750" created="2019-08-13T14:31:24+02:00" modified="2021-03-09T13:06:48+01:00" filename="reindex.xq" mimetype="application/xquery" blob-id="931d651dfec18c1496f1c32975e450c20e99e505076c581d513e69bf104549fa">
        <acl entries="0" version="1"/>
    </resource>
    <resource type="BinaryResource" name="client-errors.xq" owner="admin" group="utilities" mode="750" created="2019-08-13T14:31:28+02:00" modified="2020-11-18T15:43:26+01:00" filename="client-errors.xq" mimetype="application/xquery" blob-id="5b2830439272dd89799e9207452c2c4d07bbfa6cd737aee50e7f0b488de0805b">
        <acl entries="0" version="1"/>
    </resource>
    <resource type="BinaryResource" name="section-texts.xq" owner="admin" group="utilities" mode="750" created="2019-08-13T14:31:33+02:00" modified="2020-11-18T15:46:35+01:00" filename="section-texts.xq" mimetype="application/xquery" blob-id="4bb35d461cc885de4a224a85a17231ad6111978ba2fcf9e31c5c5a03ce22977e">
        <acl entries="0" version="1"/>
    </resource>
    <resource type="BinaryResource" name="prototype.xq" owner="admin" group="utilities" mode="750" created="2019-08-13T14:31:32+02:00" modified="2019-08-13T14:31:32+02:00" filename="prototype.xq" mimetype="application/xquery" blob-id="d168ca1a8cfc56350ad31f2f0da5df641383ef7510326675df665aac24c03c25">
        <acl entries="0" version="1"/>
    </resource>
    <resource type="BinaryResource" name="test-sections.xq" owner="admin" group="utilities" mode="750" created="2019-08-13T14:31:36+02:00" modified="2020-11-18T15:47:50+01:00" filename="test-sections.xq" mimetype="application/xquery" blob-id="1a56180ca7ab31ca5b6f6cf29eb862a20501fa74bdfd8d50ffae94ab48867538">
        <acl entries="0" version="1"/>
    </resource>
    <resource type="BinaryResource" name="validate.xq" owner="admin" group="utilities" mode="750" created="2019-08-13T14:31:26+02:00" modified="2020-11-18T15:48:58+01:00" filename="validate.xq" mimetype="application/xquery" blob-id="3ba74977ae80e9d47971351d8bc82d29465eb479eeb1871b4080f838cbc699ea">
        <acl entries="0" version="1"/>
    </resource>
    <resource type="BinaryResource" name="archive-logs.xq" owner="admin" group="utilities" mode="4755" created="2019-08-13T14:31:30+02:00" modified="2020-11-18T15:43:11+01:00" filename="archive-logs.xq" mimetype="application/xquery" blob-id="8e53aef0340a98b0b4eac589123701167e86b94eb052ec96cd5305852a5b7382">
        <acl entries="0" version="1"/>
    </resource>
    <resource type="BinaryResource" name="deployment.xq" owner="admin" group="utilities" mode="700" created="2019-08-13T14:31:25+02:00" modified="2020-11-18T15:43:50+01:00" filename="deployment.xq" mimetype="application/xquery" blob-id="0dadd7dba58b560c7fc7991af937f260331519d8a6ca4bc251a7674a2e9332e3">
        <acl entries="0" version="1"/>
    </resource>
    <resource type="BinaryResource" name="requests.xq" owner="admin" group="utilities" mode="750" created="2019-08-13T14:31:26+02:00" modified="2020-11-18T15:46:13+01:00" filename="requests.xq" mimetype="application/xquery" blob-id="b7df8e1821e463cd757b42661802c115004360b65c173d50d2e13f1306eaec01">
        <acl entries="0" version="1"/>
    </resource>
    <resource type="BinaryResource" name="sections.xq" owner="admin" group="utilities" mode="750" created="2019-08-13T14:31:37+02:00" modified="2020-11-18T15:46:49+01:00" filename="sections.xq" mimetype="application/xquery" blob-id="44abefe1f3b7c4effc960777fd152bc449c7483a3d7e9c669a328babf35363dd">
        <acl entries="0" version="1"/>
    </resource>
    <resource type="BinaryResource" name="knowledgebase.xq" owner="admin" group="utilities" mode="750" created="2020-08-31T09:45:25+02:00" modified="2020-11-18T15:45:23+01:00" filename="knowledgebase.xq" mimetype="application/xquery" blob-id="71cb264f15167444e39cfc20b65ff1904139d27dd61e975bc1702d4236161a3e">
        <acl entries="0" version="1"/>
    </resource>
    <resource type="BinaryResource" name="git-pull.xq" owner="admin" group="utilities" mode="4750" created="2019-12-06T15:49:38+01:00" modified="2020-11-18T15:44:37+01:00" filename="git-pull.xq" mimetype="application/xquery" blob-id="6a4d7270b564ba3b5c2eaa82cd8b09d9bf47b0dcf219bf9b2fdff3bf6df8f13b">
        <acl entries="0" version="1"/>
    </resource>
</collection>