<collection xmlns="http://exist.sourceforge.net/NS/exist" name="/db/apps/84000-utilities/models" owner="admin" group="dba" mode="755" created="2018-10-28T10:47:17+01:00" version="1">
    <acl entries="0" version="1"/>
    <resource type="BinaryResource" name="layout-checks.xq" owner="admin" group="utilities" mode="750" created="2018-05-17T13:34:38+02:00" modified="2018-07-30T15:23:44+02:00" filename="layout-checks.xq" mimetype="application/xquery">
        <acl entries="0" version="1"/>
    </resource>
    <resource type="BinaryResource" name="tests.xq" owner="admin" group="utilities" mode="750" created="2018-05-17T12:53:44+02:00" modified="2018-07-30T15:29:51+02:00" filename="tests.xq" mimetype="application/xquery">
        <acl entries="0" version="1"/>
    </resource>
    <resource type="BinaryResource" name="translation-edit.xq" owner="admin" group="utilities" mode="750" created="2018-05-17T13:44:52+02:00" modified="2018-07-30T15:31:15+02:00" filename="translation-edit.xq" mimetype="application/xquery">
        <acl entries="0" version="1"/>
    </resource>
    <resource type="BinaryResource" name="test-sections.xq" owner="admin" group="utilities" mode="750" created="2018-11-07T10:02:49+01:00" modified="2018-11-07T10:10:06+01:00" filename="test-sections.xq" mimetype="application/xquery">
        <acl entries="0" version="1"/>
    </resource>
    <resource type="BinaryResource" name="sections.xq" owner="admin" group="utilities" mode="750" created="2018-05-17T12:38:04+02:00" modified="2018-08-07T12:50:50+02:00" filename="sections.xq" mimetype="application/xquery">
        <acl entries="0" version="1"/>
    </resource>
    <resource type="BinaryResource" name="validate.xq" owner="admin" group="utilities" mode="750" created="2018-05-17T12:57:15+02:00" modified="2018-09-06T13:05:47+02:00" filename="validate.xq" mimetype="application/xquery">
        <acl entries="0" version="1"/>
    </resource>
    <resource type="BinaryResource" name="section-texts.xq" owner="admin" group="utilities" mode="750" created="2018-08-07T17:27:29+02:00" modified="2018-08-21T09:19:17+02:00" filename="section-texts.xq" mimetype="application/xquery">
        <acl entries="0" version="1"/>
    </resource>
    <resource type="BinaryResource" name="deployment.xq" owner="admin" group="utilities" mode="750" created="2018-05-17T14:51:16+02:00" modified="2018-12-10T16:09:56+01:00" filename="deployment.xq" mimetype="application/xquery">
        <acl entries="0" version="1"/>
    </resource>
    <resource type="BinaryResource" name="snapshot.xq" owner="admin" group="utilities" mode="750" created="2018-05-17T14:55:47+02:00" modified="2018-12-10T16:14:44+01:00" filename="snapshot.xq" mimetype="application/xquery">
        <acl entries="0" version="1"/>
    </resource>
    <resource type="BinaryResource" name="translations.xq" owner="admin" group="utilities" mode="750" created="2018-05-17T11:05:17+02:00" modified="2018-11-28T11:30:04+01:00" filename="translations.xq" mimetype="application/xquery">
        <acl entries="0" version="1"/>
    </resource>
    <resource type="BinaryResource" name="test-translations.xq" owner="admin" group="utilities" mode="750" created="2018-05-17T13:05:14+02:00" modified="2018-10-25T11:42:05+02:00" filename="test-translations.xq" mimetype="application/xquery">
        <acl entries="0" version="1"/>
    </resource>
    <resource type="BinaryResource" name="edit-text-header.xq" owner="admin" group="utilities" mode="750" created="2018-05-08T15:14:52+02:00" modified="2018-11-28T14:29:19+01:00" filename="edit-text-header.xq" mimetype="application/xquery">
        <acl entries="0" version="1"/>
    </resource>
    <resource type="BinaryResource" name="requests.xq" owner="admin" group="utilities" mode="750" created="2018-05-17T14:42:48+02:00" modified="2018-08-02T19:30:58+02:00" filename="requests.xq" mimetype="application/xquery">
        <acl entries="0" version="1"/>
    </resource>
    <resource type="BinaryResource" name="folios.xq" owner="admin" group="utilities" mode="750" created="2018-08-01T16:05:03+02:00" modified="2018-09-28T11:51:38+02:00" filename="folios.xq" mimetype="application/xquery">
        <acl entries="0" version="1"/>
    </resource>
    <resource type="BinaryResource" name="client-errors.xq" owner="admin" group="utilities" mode="750" created="2018-05-17T14:46:50+02:00" modified="2018-08-03T09:30:41+02:00" filename="client-errors.xq" mimetype="application/xquery">
        <acl entries="0" version="1"/>
    </resource>
</collection>