<collection xmlns="http://exist.sourceforge.net/NS/exist" name="/db/apps/84000-utilities/models" owner="admin" group="dba" mode="755" created="2018-10-28T09:47:17Z" deduplicate-blobs="false" version="2">
    <acl entries="0" version="1"/>
    <resource type="BinaryResource" name="snapshot.xq" owner="admin" group="utilities" mode="4750" created="2018-05-17T13:55:47+01:00" modified="2019-02-27T10:17:42Z" filename="snapshot.xq" mimetype="application/xquery" blob-id="097a9c4310bc629e2b2f5a9e1007a2b33b086749da3d4ab950068cec12ede68e">
        <acl entries="0" version="1"/>
    </resource>
    <resource type="BinaryResource" name="validate.xq" owner="admin" group="utilities" mode="750" created="2018-05-17T11:57:15+01:00" modified="2019-02-01T15:49:41Z" filename="validate.xq" mimetype="application/xquery" blob-id="8e2c22015b2fab90006f329294e6bd793cdba5e75d8c1c71b621d53a69c819d3">
        <acl entries="0" version="1"/>
    </resource>
    <resource type="BinaryResource" name="test-functions.xq" owner="admin" group="utilities" mode="750" created="2018-12-18T11:04:54Z" modified="2018-12-18T11:06:07Z" filename="test-functions.xq" mimetype="application/xquery" blob-id="5003f3a4426caecd2af4c995f2311634479e93ca1d69f898e606e33bdaad11e5">
        <acl entries="0" version="1"/>
    </resource>
    <resource type="BinaryResource" name="section-texts.xq" owner="admin" group="utilities" mode="750" created="2018-08-07T16:27:29+01:00" modified="2018-08-21T08:19:17+01:00" filename="section-texts.xq" mimetype="application/xquery" blob-id="668573d448f63aac88c3a6698ed62fd8f6764f18fa8b124359d82cb300739a88">
        <acl entries="0" version="1"/>
    </resource>
    <resource type="BinaryResource" name="test-searches.xq" owner="admin" group="utilities" mode="750" created="2019-03-18T15:51:12Z" modified="2019-03-26T11:14:19Z" filename="test-searches.xq" mimetype="application/xquery" blob-id="6a2a72101812fc062d6c1b96cc81725a8fcf77f30dce977d8b20d03701cec569">
        <acl entries="0" version="1"/>
    </resource>
    <resource type="BinaryResource" name="prototype.xq" owner="admin" group="reading-room" mode="755" created="2019-03-28T10:00:02Z" modified="2019-06-29T10:19:26+01:00" filename="prototype.xq" mimetype="application/xquery" blob-id="d168ca1a8cfc56350ad31f2f0da5df641383ef7510326675df665aac24c03c25">
        <acl entries="0" version="1"/>
    </resource>
    <resource type="BinaryResource" name="glossary-management.xq" owner="admin" group="dba" mode="644" created="2019-07-02T10:10:38+01:00" modified="2019-07-02T16:25:49+01:00" filename="glossary-management.xq" mimetype="application/xquery" blob-id="7325fc4c8764c1ef0c455e2de3175a1caf1071d61385252224d4a69930ccfc27">
        <acl entries="0" version="1"/>
    </resource>
    <resource type="BinaryResource" name="tests.xq" owner="admin" group="utilities" mode="750" created="2018-05-17T11:53:44+01:00" modified="2018-07-30T14:29:51+01:00" filename="tests.xq" mimetype="application/xquery" blob-id="ea4998768effbcd6552063bc0408c320a9ee9913001df839ea595573e65b3446">
        <acl entries="0" version="1"/>
    </resource>
    <resource type="BinaryResource" name="reindex.xq" owner="admin" group="dba" mode="644" created="2019-05-07T11:12:55+01:00" modified="2019-06-12T13:17:33+01:00" filename="reindex.xq" mimetype="application/xquery" blob-id="115f3aeb4de7f69ecde04f2d4c37a9c6d514fe300a396bf08dfd11b3b16fb89b">
        <acl entries="0" version="1"/>
    </resource>
    <resource type="BinaryResource" name="layout-checks.xq" owner="admin" group="utilities" mode="750" created="2018-05-17T12:34:38+01:00" modified="2018-07-30T14:23:44+01:00" filename="layout-checks.xq" mimetype="application/xquery" blob-id="1673f3fb70ec72f45e593464e95cb51c35e76a446f6bc02be5d6bd63c0784e73">
        <acl entries="0" version="1"/>
    </resource>
    <resource type="BinaryResource" name="deployment.xq" owner="admin" group="utilities" mode="750" created="2018-05-17T13:51:16+01:00" modified="2019-07-04T10:06:48+01:00" filename="deployment.xq" mimetype="application/xquery" blob-id="244e0751ea25f656f5b9934cda3060d417259df2b96b56843ed369c49fd25642">
        <acl entries="0" version="1"/>
    </resource>
    <resource type="BinaryResource" name="test-sections.xq" owner="admin" group="utilities" mode="750" created="2018-11-07T09:02:49Z" modified="2019-01-15T20:18:39Z" filename="test-sections.xq" mimetype="application/xquery" blob-id="76bcbc97ed92f57b751b01d0aae751ddc27e55e5b23acff3230817aa76e2a481">
        <acl entries="0" version="1"/>
    </resource>
    <resource type="BinaryResource" name="sections.xq" owner="admin" group="utilities" mode="750" created="2018-05-17T11:38:04+01:00" modified="2019-01-15T20:26:35Z" filename="sections.xq" mimetype="application/xquery" blob-id="f82ffe0a12bd07fd3826d856545b1797738aee5e7812401f2d59a6f6b0528076">
        <acl entries="0" version="1"/>
    </resource>
    <resource type="BinaryResource" name="translations.xq" owner="admin" group="utilities" mode="4750" created="2018-05-17T10:05:17+01:00" modified="2019-06-08T10:41:06+01:00" filename="translations.xq" mimetype="application/xquery" blob-id="629d1305ed252ce43127e213554786c400a090833bd42ac3f3ea359c0cbb1ac0">
        <acl entries="0" version="1"/>
    </resource>
    <resource type="BinaryResource" name="test-translations.xq" owner="admin" group="utilities" mode="750" created="2018-05-17T12:05:14+01:00" modified="2019-04-11T11:49:19+01:00" filename="test-translations.xq" mimetype="application/xquery" blob-id="41924d1582bf93952061bbc6f60e74339f31b1b346406ab388f6357632fddd55">
        <acl entries="0" version="1"/>
    </resource>
    <resource type="BinaryResource" name="client-errors.xq" owner="admin" group="utilities" mode="750" created="2018-05-17T13:46:50+01:00" modified="2018-08-03T08:30:41+01:00" filename="client-errors.xq" mimetype="application/xquery" blob-id="a255f85d1da337ff6d293e5e5c2942929743e5349304ca19bfe4782feda8289b">
        <acl entries="0" version="1"/>
    </resource>
    <resource type="BinaryResource" name="folios.xq" owner="admin" group="utilities" mode="750" created="2018-08-01T15:05:03+01:00" modified="2019-06-08T10:38:39+01:00" filename="folios.xq" mimetype="application/xquery" blob-id="068e293b385e3c9fd2082313824de4e31247b8b9dc12cd93cd222d5ac111f1d2">
        <acl entries="0" version="1"/>
    </resource>
    <resource type="BinaryResource" name="requests.xq" owner="admin" group="utilities" mode="750" created="2018-05-17T13:42:48+01:00" modified="2018-08-02T18:30:58+01:00" filename="requests.xq" mimetype="application/xquery" blob-id="ac15bfa8589810428fdd60078d8157778d6b9bbe7a713c2bab20c02d16a805ac">
        <acl entries="0" version="1"/>
    </resource>
    <resource type="BinaryResource" name="archive-logs.xq" owner="admin" group="utilities" mode="4755" created="2019-05-29T11:33:06+01:00" modified="2019-05-29T11:35:50+01:00" filename="archive-logs.xq" mimetype="application/xquery" blob-id="9db437c1db41fd0b8e9a7276aa0b001d1f1be8378a034d7b8536eb9f2d2c0a1d">
        <acl entries="0" version="1"/>
    </resource>
</collection>