<collection xmlns="http://exist.sourceforge.net/NS/exist" name="/db/apps/84000-utilities/models" owner="admin" group="utilities" mode="755" created="2019-08-13T13:31:24+01:00" deduplicate-blobs="false" version="2">
    <acl entries="0" version="1"/>
    <resource type="BinaryResource" name="test-searches.xq" owner="admin" group="utilities" mode="750" created="2019-08-13T13:31:27+01:00" modified="2021-07-29T14:27:42+01:00" filename="test-searches.xq" mimetype="application/xquery" blob-id="ade98d7f0222e50ad625ddad59a6b4b19c00b2a5181c533aa29b33cf5b5edd7a">
        <acl entries="0" version="1"/>
    </resource>
    <resource type="BinaryResource" name="git-push.xq" owner="admin" group="utilities" mode="4750" created="2019-12-06T11:13:54Z" modified="2021-07-29T14:27:44+01:00" filename="git-push.xq" mimetype="application/xquery" blob-id="b34701eb8615a1890e8e28d4ecbbbce9f849847b3d0b281c7fcba88198cf62f1">
        <acl entries="0" version="1"/>
    </resource>
    <resource type="BinaryResource" name="reindex.xq" owner="admin" group="utilities" mode="750" created="2019-08-13T13:31:24+01:00" modified="2021-07-29T14:27:45+01:00" filename="reindex.xq" mimetype="application/xquery" blob-id="931d651dfec18c1496f1c32975e450c20e99e505076c581d513e69bf104549fa">
        <acl entries="0" version="1"/>
    </resource>
    <resource type="BinaryResource" name="client-errors.xq" owner="admin" group="utilities" mode="750" created="2019-08-13T13:31:28+01:00" modified="2021-07-29T14:27:45+01:00" filename="client-errors.xq" mimetype="application/xquery" blob-id="5b2830439272dd89799e9207452c2c4d07bbfa6cd737aee50e7f0b488de0805b">
        <acl entries="0" version="1"/>
    </resource>
    <resource type="BinaryResource" name="section-texts.xq" owner="admin" group="utilities" mode="750" created="2019-08-13T13:31:33+01:00" modified="2021-07-29T14:27:45+01:00" filename="section-texts.xq" mimetype="application/xquery" blob-id="4bb35d461cc885de4a224a85a17231ad6111978ba2fcf9e31c5c5a03ce22977e">
        <acl entries="0" version="1"/>
    </resource>
    <resource type="BinaryResource" name="prototype.xq" owner="admin" group="utilities" mode="750" created="2019-08-13T13:31:32+01:00" modified="2021-07-29T14:27:46+01:00" filename="prototype.xq" mimetype="application/xquery" blob-id="d168ca1a8cfc56350ad31f2f0da5df641383ef7510326675df665aac24c03c25">
        <acl entries="0" version="1"/>
    </resource>
    <resource type="BinaryResource" name="test-sections.xq" owner="admin" group="utilities" mode="750" created="2019-08-13T13:31:36+01:00" modified="2021-07-29T14:27:47+01:00" filename="test-sections.xq" mimetype="application/xquery" blob-id="1a56180ca7ab31ca5b6f6cf29eb862a20501fa74bdfd8d50ffae94ab48867538">
        <acl entries="0" version="1"/>
    </resource>
    <resource type="BinaryResource" name="archive-logs.xq" owner="admin" group="utilities" mode="4755" created="2019-08-13T13:31:30+01:00" modified="2021-07-29T14:27:48+01:00" filename="archive-logs.xq" mimetype="application/xquery" blob-id="8e53aef0340a98b0b4eac589123701167e86b94eb052ec96cd5305852a5b7382">
        <acl entries="0" version="1"/>
    </resource>
    <resource type="BinaryResource" name="deployment.xq" owner="admin" group="utilities" mode="700" created="2019-08-13T13:31:25+01:00" modified="2021-07-29T14:27:49+01:00" filename="deployment.xq" mimetype="application/xquery" blob-id="0dadd7dba58b560c7fc7991af937f260331519d8a6ca4bc251a7674a2e9332e3">
        <acl entries="0" version="1"/>
    </resource>
    <resource type="BinaryResource" name="requests.xq" owner="admin" group="utilities" mode="750" created="2019-08-13T13:31:26+01:00" modified="2021-07-29T14:27:49+01:00" filename="requests.xq" mimetype="application/xquery" blob-id="b7df8e1821e463cd757b42661802c115004360b65c173d50d2e13f1306eaec01">
        <acl entries="0" version="1"/>
    </resource>
    <resource type="BinaryResource" name="linked-texts.xq" owner="admin" group="utilities" mode="750" created="2021-03-26T12:54:35Z" modified="2021-08-30T14:05:00+01:00" filename="linked-texts.xq" mimetype="application/xquery" blob-id="9a99d0acbdd21ff124bb01ff2b88de3af1b0715a731ae27ae92e192ef8ce9149">
        <acl entries="0" version="1"/>
    </resource>
    <resource type="BinaryResource" name="knowledgebase.xq" owner="admin" group="utilities" mode="750" created="2020-08-31T08:45:25+01:00" modified="2021-07-29T14:27:49+01:00" filename="knowledgebase.xq" mimetype="application/xquery" blob-id="1756a5287a74d215e832fce56e25f3ee8b3ae856c0f975bc3e2e697ff4107a79">
        <acl entries="0" version="1"/>
    </resource>
    <resource type="BinaryResource" name="tests.xq" owner="admin" group="utilities" mode="750" created="2019-08-13T13:31:29+01:00" modified="2021-07-29T14:27:50+01:00" filename="tests.xq" mimetype="application/xquery" blob-id="0ee3e2a66402d12dd6fb83221356f5e12f56330d13e05c43dcde4eb1989069c2">
        <acl entries="0" version="1"/>
    </resource>
    <resource type="BinaryResource" name="sections.xq" owner="admin" group="utilities" mode="750" created="2019-08-13T13:31:37+01:00" modified="2021-07-29T14:27:50+01:00" filename="sections.xq" mimetype="application/xquery" blob-id="53880659b196b687927d7af16b9471e388c2e067cd35c29093ba52c888ee6d33">
        <acl entries="0" version="1"/>
    </resource>
    <resource type="BinaryResource" name="git-pull.xq" owner="admin" group="utilities" mode="4750" created="2019-12-06T14:49:38Z" modified="2021-07-29T14:27:51+01:00" filename="git-pull.xq" mimetype="application/xquery" blob-id="6a4d7270b564ba3b5c2eaa82cd8b09d9bf47b0dcf219bf9b2fdff3bf6df8f13b">
        <acl entries="0" version="1"/>
    </resource>
    <resource type="BinaryResource" name="snapshot.xq" owner="admin" group="utilities" mode="4750" created="2019-08-13T13:31:34+01:00" modified="2021-08-31T14:42:45+01:00" filename="snapshot.xq" mimetype="application/xquery" blob-id="b20ef6e9a70ad8f15384b09dc39e84b758eb6c53b0f7f963f16b00fd76935dde">
        <acl entries="0" version="1"/>
    </resource>
    <resource type="BinaryResource" name="test-translations.xq" owner="admin" group="utilities" mode="4750" created="2019-08-13T13:31:28+01:00" modified="2021-08-31T14:43:10+01:00" filename="test-translations.xq" mimetype="application/xquery" blob-id="a1b287ea7f3f6879a7444eeb57a2c8911caa642b0ac96c2086e630a136f22d09">
        <acl entries="0" version="1"/>
    </resource>
    <resource type="BinaryResource" name="validate.xq" owner="admin" group="utilities" mode="750" created="2019-08-13T13:31:26+01:00" modified="2021-08-31T14:44:03+01:00" filename="validate.xq" mimetype="application/xquery" blob-id="505e871dc1e94b4d41f694ce39bf3b5aeb658dd89b1c9b64c793f730fee119f4">
        <acl entries="0" version="1"/>
    </resource>
    <resource type="BinaryResource" name="folios.xq" owner="admin" group="utilities" mode="750" created="2019-08-13T13:31:31+01:00" modified="2021-08-31T14:46:19+01:00" filename="folios.xq" mimetype="application/xquery" blob-id="2fc201ca018047365be9d80df7753104c2854f9cefb14b77a6551619a7e24278">
        <acl entries="0" version="1"/>
    </resource>
    <resource type="BinaryResource" name="translations.xq" owner="admin" group="utilities" mode="4750" created="2019-08-13T13:31:33+01:00" modified="2021-08-26T14:54:46+01:00" filename="translations.xq" mimetype="application/xquery" blob-id="db7e48eb7c1bc4ea95586ec507b2eec333f6aecdee01a8d15373ae2a5b25d006">
        <acl entries="0" version="1"/>
    </resource>
    <resource type="BinaryResource" name="cross-references.xq" owner="admin" group="utilities" mode="750" created="2021-01-11T11:09:59Z" modified="2021-07-29T14:27:39+01:00" filename="cross-references.xq" mimetype="application/xquery" blob-id="a2f93b6db81d8a9afb63ac2f1542c45838976c66f334a481f2bfc415e071e7c3">
        <acl entries="0" version="1"/>
    </resource>
    <resource type="BinaryResource" name="test-functions.xq" owner="admin" group="utilities" mode="750" created="2019-08-13T13:31:25+01:00" modified="2021-07-29T14:27:40+01:00" filename="test-functions.xq" mimetype="application/xquery" blob-id="5003f3a4426caecd2af4c995f2311634479e93ca1d69f898e606e33bdaad11e5">
        <acl entries="0" version="1"/>
    </resource>
    <resource type="BinaryResource" name="test-xslt.xq" owner="admin" group="utilities" mode="700" created="2020-05-11T14:33:29+01:00" modified="2021-07-29T14:27:40+01:00" filename="test-xslt.xq" mimetype="application/xquery" blob-id="b3ea02cd30f16c4a614a1e9f9e8c02f61e999923a646853c5b728cf20fe60597">
        <acl entries="0" version="1"/>
    </resource>
</collection>