<collection xmlns="http://exist.sourceforge.net/NS/exist" name="/db/apps/84000-utilities/models" owner="admin" group="utilities" mode="755" created="2019-08-13T14:31:24+02:00" deduplicate-blobs="false" version="2">
    <acl entries="0" version="1"/>
    <resource type="BinaryResource" name="translations.xq" owner="admin" group="utilities" mode="4750" created="2019-08-13T14:31:33+02:00" modified="2024-07-16T14:40:23+02:00" filename="translations.xq" mimetype="application/xquery" blob-id="e7da4d237724865c4dc250059d2e326390fa137d22fb9166de90932dc17ea9d1">
        <acl entries="0" version="1"/>
    </resource>
    <resource type="BinaryResource" name="cross-references.xq" owner="admin" group="utilities" mode="750" created="2024-07-10T09:32:12+02:00" modified="2024-07-11T12:01:49+02:00" filename="cross-references.xq" mimetype="application/xquery" blob-id="725949e90b9a5ad3f0d8d5fb989931f59195449bed445a8608d83785a2bb91dd">
        <acl entries="0" version="1"/>
    </resource>
    <resource type="BinaryResource" name="linked-texts.xq" owner="admin" group="utilities" mode="750" created="2021-03-26T13:54:35+01:00" modified="2025-03-17T11:13:25+01:00" filename="linked-texts.xq" mimetype="application/xquery" blob-id="95fa93811b6056788bbde86b34d0ea195898efceb579bfea6f329bb25a80b4d0">
        <acl entries="0" version="1"/>
    </resource>
    <resource type="BinaryResource" name="client-errors.xq" owner="admin" group="utilities" mode="750" created="2019-08-13T14:31:28+02:00" modified="2021-07-29T15:27:45+02:00" filename="client-errors.xq" mimetype="application/xquery" blob-id="5b2830439272dd89799e9207452c2c4d07bbfa6cd737aee50e7f0b488de0805b">
        <acl entries="0" version="1"/>
    </resource>
    <resource type="BinaryResource" name="tests.xq" owner="admin" group="utilities" mode="750" created="2019-08-13T14:31:29+02:00" modified="2024-06-27T14:13:46+02:00" filename="tests.xq" mimetype="application/xquery" blob-id="5a63ffbd8765c29ce0b2e0c0f540ed1f1bbb37a7b4211dab259abb3de78509a4">
        <acl entries="0" version="1"/>
    </resource>
    <resource type="BinaryResource" name="section-texts.xq" owner="admin" group="utilities" mode="750" created="2019-08-13T14:31:33+02:00" modified="2021-07-29T15:27:45+02:00" filename="section-texts.xq" mimetype="application/xquery" blob-id="4bb35d461cc885de4a224a85a17231ad6111978ba2fcf9e31c5c5a03ce22977e">
        <acl entries="0" version="1"/>
    </resource>
    <resource type="BinaryResource" name="prototype.xq" owner="admin" group="utilities" mode="750" created="2019-08-13T14:31:32+02:00" modified="2021-07-29T15:27:46+02:00" filename="prototype.xq" mimetype="application/xquery" blob-id="d168ca1a8cfc56350ad31f2f0da5df641383ef7510326675df665aac24c03c25">
        <acl entries="0" version="1"/>
    </resource>
    <resource type="BinaryResource" name="deployment.xq" owner="admin" group="utilities" mode="700" created="2019-08-13T14:31:25+02:00" modified="2021-07-29T15:27:49+02:00" filename="deployment.xq" mimetype="application/xquery" blob-id="0dadd7dba58b560c7fc7991af937f260331519d8a6ca4bc251a7674a2e9332e3">
        <acl entries="0" version="1"/>
    </resource>
    <resource type="BinaryResource" name="requests.xq" owner="admin" group="utilities" mode="750" created="2019-08-13T14:31:26+02:00" modified="2021-07-29T15:27:49+02:00" filename="requests.xq" mimetype="application/xquery" blob-id="b7df8e1821e463cd757b42661802c115004360b65c173d50d2e13f1306eaec01">
        <acl entries="0" version="1"/>
    </resource>
    <resource type="BinaryResource" name="archive-logs.xq" owner="admin" group="utilities" mode="4755" created="2019-08-13T14:31:30+02:00" modified="2021-10-06T09:23:22+02:00" filename="archive-logs.xq" mimetype="application/xquery" blob-id="5dbbd032b343cac8fcdcfa79c24dc7ab329163335cbc32762eec1a66a2c0c0e7">
        <acl entries="0" version="1"/>
    </resource>
    <resource type="BinaryResource" name="git-push.xq" owner="admin" group="utilities" mode="4750" created="2019-12-06T12:13:54+01:00" modified="2023-03-10T09:55:39+01:00" filename="git-push.xq" mimetype="application/xquery" blob-id="2559c7d018f8f4faa7bf48da0bb0740b0ccec5b7f9a3902f3fa777795d94cf83">
        <acl entries="0" version="1"/>
    </resource>
    <resource type="BinaryResource" name="git-pull.xq" owner="admin" group="utilities" mode="4750" created="2019-12-06T15:49:38+01:00" modified="2023-03-10T09:55:55+01:00" filename="git-pull.xq" mimetype="application/xquery" blob-id="f4d5c8c0362958feed5e0b31f09ae76d6032fd6e729c187cbc7905d16df89cb2">
        <acl entries="0" version="1"/>
    </resource>
    <resource type="BinaryResource" name="snapshot.xq" owner="admin" group="utilities" mode="4750" created="2019-08-13T14:31:34+02:00" modified="2021-08-31T15:42:45+02:00" filename="snapshot.xq" mimetype="application/xquery" blob-id="b20ef6e9a70ad8f15384b09dc39e84b758eb6c53b0f7f963f16b00fd76935dde">
        <acl entries="0" version="1"/>
    </resource>
    <resource type="BinaryResource" name="folios.xq" owner="admin" group="utilities" mode="750" created="2019-08-13T14:31:31+02:00" modified="2021-08-31T15:46:19+02:00" filename="folios.xq" mimetype="application/xquery" blob-id="2fc201ca018047365be9d80df7753104c2854f9cefb14b77a6551619a7e24278">
        <acl entries="0" version="1"/>
    </resource>
    <resource type="BinaryResource" name="test-translations.xq" owner="admin" group="utilities" mode="4750" created="2019-08-13T14:31:28+02:00" modified="2021-11-18T08:32:48+01:00" filename="test-translations.xq" mimetype="application/xquery" blob-id="061a1cc34d8907c39e178341d6a2eb59e34456443612b7d9ea0dac22779ab356">
        <acl entries="0" version="1"/>
    </resource>
    <resource type="BinaryResource" name="test-functions.xq" owner="admin" group="utilities" mode="750" created="2019-08-13T14:31:25+02:00" modified="2022-04-01T15:50:15+02:00" filename="test-functions.xq" mimetype="application/xquery" blob-id="1759e6fc42cc58750e29c3f430b079a7e613d8d4e2857b2e73f7ab6c6db1fb9a">
        <acl entries="0" version="1"/>
    </resource>
    <resource type="BinaryResource" name="test-xslt.xq" owner="admin" group="utilities" mode="700" created="2020-05-11T15:33:29+02:00" modified="2021-07-29T15:27:40+02:00" filename="test-xslt.xq" mimetype="application/xquery" blob-id="b3ea02cd30f16c4a614a1e9f9e8c02f61e999923a646853c5b728cf20fe60597">
        <acl entries="0" version="1"/>
    </resource>
    <resource type="BinaryResource" name="cache-glossary-downloads.xq" owner="admin" group="utilities" mode="4755" created="2022-03-24T11:30:24+01:00" modified="2024-06-04T20:48:43+02:00" filename="cache-glossary-downloads.xq" mimetype="application/xquery" blob-id="559f2bb7c2f3f3500264eedc8406e6383e8fea47de00c6623006466fab1b0bc7">
        <acl entries="0" version="1"/>
    </resource>
    <resource type="BinaryResource" name="test-sections.xq" owner="admin" group="utilities" mode="750" created="2019-08-13T14:31:36+02:00" modified="2023-07-06T11:05:49+02:00" filename="test-sections.xq" mimetype="application/xquery" blob-id="c917a8f21007bb2e54c977e7ec4460ef05601cbb83d62e2fc2c6e2373a0f8284">
        <acl entries="0" version="1"/>
    </resource>
    <resource type="BinaryResource" name="reindex.xq" owner="admin" group="utilities" mode="750" created="2019-08-13T14:31:24+02:00" modified="2024-06-14T16:04:55+02:00" filename="reindex.xq" mimetype="application/xquery" blob-id="52a508c54caead6d577caa433642cdd4e339d3a1b78275e0a0b94841fdb51bad">
        <acl entries="0" version="1"/>
    </resource>
    <resource type="BinaryResource" name="knowledgebase.xq" owner="admin" group="utilities" mode="750" created="2020-08-31T09:45:25+02:00" modified="2024-01-26T11:31:56+01:00" filename="knowledgebase.xq" mimetype="application/xquery" blob-id="ce0f747fa4f63385b4feac9dc7bd95f2015cce7279fc711049fe80611450d51a">
        <acl entries="0" version="1"/>
    </resource>
    <resource type="BinaryResource" name="backup-daily.xq" owner="admin" group="utilities" mode="4755" created="2023-12-18T12:23:15+01:00" modified="2024-01-26T14:13:08+01:00" filename="backup-daily.xq" mimetype="application/xquery" blob-id="f2d3f84c14dcf76a7a4eaa3ee07e8360e7da61f5f7f2e4b7df73be18a1baec51">
        <acl entries="0" version="1"/>
    </resource>
    <resource type="BinaryResource" name="sections.xq" owner="admin" group="utilities" mode="750" created="2019-08-13T14:31:37+02:00" modified="2024-05-17T12:13:56+02:00" filename="sections.xq" mimetype="application/xquery" blob-id="2dd2f9c50898c651d08a5868b4478c791fcf40870a7c1e18ce682605665cc886">
        <acl entries="0" version="1"/>
    </resource>
    <resource type="BinaryResource" name="validate.xq" owner="admin" group="utilities" mode="750" created="2019-08-13T14:31:26+02:00" modified="2023-07-14T14:59:48+02:00" filename="validate.xq" mimetype="application/xquery" blob-id="3d264b29db013dc37c17ee343ca93235700f3755063427ac68cefefee4528914">
        <acl entries="0" version="1"/>
    </resource>
</collection>