<collection xmlns="http://exist.sourceforge.net/NS/exist" name="/db/apps/84000-operations/scripts" owner="admin" group="dba" mode="775" created="2021-09-17T15:38:50+02:00" deduplicate-blobs="false" version="2">
    <acl entries="0" version="1"/>
    <resource type="BinaryResource" name="auto-assign-entities.xq" owner="admin" group="operations" mode="754" created="2022-02-18T16:17:24+01:00" modified="2023-01-11T15:32:44+01:00" filename="auto-assign-entities.xq" mimetype="application/xquery" blob-id="5353c2461a5f41ff306cb17386d8e99dfad9d8b2c9ab6bf3152bc317639b5ac4">
        <acl entries="0" version="1"/>
    </resource>
    <resource type="BinaryResource" name="tm-maintenance.xq" owner="admin" group="operations" mode="754" created="2023-01-11T15:31:58+01:00" modified="2023-01-11T15:40:23+01:00" filename="tm-maintenance.xq" mimetype="application/xquery" blob-id="ec9f74e85d33986794e8ac585f300297988c24d7a737dd961d7dfa4b4dbeee50">
        <acl entries="0" version="1"/>
    </resource>
    <resource type="BinaryResource" name="cache-glossary-locations.xq" owner="admin" group="operations" mode="754" created="2021-09-17T15:39:35+02:00" modified="2022-02-18T16:22:28+01:00" filename="cache-glossary-locations.xq" mimetype="application/xquery" blob-id="82b459270a050542599b2acc95029ade8eac198cc436ba9efd6c094123895c31">
        <acl entries="0" version="1"/>
    </resource>
</collection>