<collection xmlns="http://exist.sourceforge.net/NS/exist" name="/db/apps/84000-operations/scripts" owner="admin" group="operations" mode="775" created="2021-09-17T15:38:50+02:00" deduplicate-blobs="false" version="2">
    <acl entries="0" version="1"/>
    <resource type="BinaryResource" name="store-publication-files.xq" owner="admin" group="operations" mode="754" created="2024-05-29T14:27:45+02:00" modified="2025-01-06T14:23:20+01:00" filename="store-publication-files.xq" mimetype="application/xquery" blob-id="e3138aa506c59513723d45a57764f407e305b3562e2587510dac4812a060097a">
        <acl entries="0" version="1"/>
    </resource>
    <resource type="BinaryResource" name="publish-files.xq" owner="admin" group="operations" mode="4755" created="2024-10-02T09:30:42+02:00" modified="2025-01-07T10:10:29+01:00" filename="publish-files.xq" mimetype="application/xquery" blob-id="50bacbb8bc31270fdce74fc7d5fa9a39cf6ee886187924fa56c7e108546a08be">
        <acl entries="0" version="1"/>
    </resource>
    <resource type="BinaryResource" name="auto-assign-attributions.xq" owner="admin" group="dba" mode="664" created="2025-03-12T14:21:52+01:00" modified="2025-03-13T13:29:50+01:00" filename="auto-assign-attributions.xq" mimetype="application/xquery" blob-id="d2e732592019e93c1dcca528061cc0a73615344f1b3945d1fe53e7eac0e7559d">
        <acl entries="0" version="1"/>
    </resource>
    <resource type="BinaryResource" name="auto-assign-entities.xq" owner="admin" group="operations" mode="754" created="2022-02-18T16:17:24+01:00" modified="2023-02-22T15:36:53+01:00" filename="auto-assign-entities.xq" mimetype="application/xquery" blob-id="a160b412549abe4166ef1a0c999a8bbc19392d88108d68b7aaf17080661f09f4">
        <acl entries="0" version="1"/>
    </resource>
    <resource type="BinaryResource" name="tm-maintenance.xq" owner="admin" group="operations" mode="754" created="2023-01-11T15:31:58+01:00" modified="2023-01-11T15:40:23+01:00" filename="tm-maintenance.xq" mimetype="application/xquery" blob-id="ec9f74e85d33986794e8ac585f300297988c24d7a737dd961d7dfa4b4dbeee50">
        <acl entries="0" version="1"/>
    </resource>
    <resource type="BinaryResource" name="store-glossary-downloads.xq" owner="admin" group="operations" mode="4755" created="2024-06-04T20:49:21+02:00" modified="2024-06-05T11:37:59+02:00" filename="store-glossary-downloads.xq" mimetype="application/xquery" blob-id="3772a81d72a7985dba36a6cb63f7927be788cf1ab24058dc9cdfe0337fd73fdf">
        <acl entries="0" version="1"/>
    </resource>
    <resource type="BinaryResource" name="cache-glossary-locations.xq" owner="admin" group="operations" mode="754" created="2021-09-17T15:39:35+02:00" modified="2024-06-14T14:27:01+02:00" filename="cache-glossary-locations.xq" mimetype="application/xquery" blob-id="cf1e39901f07e834dbf23525a1151232f4b9bea363b83a3530bb05670eb7a354">
        <acl entries="0" version="1"/>
    </resource>
</collection>